order_id,date,email,first_name,last_name,address,country,item,size,qty
01HPYDWKXGEBJD9ZJDKZZRSJPA,7/19/2023,brieger0@skype.com,Bat,Rieger,8529 Park Meadow Street,United States,Hoody,XX-Large,2
01HPYDWKZDZCTC2TPJWM300P14,7/10/2023,mabbitt1@bing.com,Mary,Abbitt,8 Debs Junction,Norway,Gloves,Medium,1
01HPYDWKZGM48TRP1XMMB8W8VH,10/7/2023,ckeave2@bravesites.com,Cordula,Keave,618 Packers Avenue,Brazil,Sweater,X-Large,2
01HPYDWKZJ71D89EN3A9HKJ7PK,9/27/2023,rgymlett3@bbc.co.uk,Rhoda,Gymlett,30 Stang Lane,Sweden,Hoody,XX-Large,1
01HPYDWKZNDT89QSVM5Z5QVAJC,2/8/2023,mdorre4@google.cn,Mead,Dorre,09 Rockefeller Circle,Argentina,Tshirt,Large,4
01HPYDWKZRGTNP8ZHDGGQSAXQF,4/12/2023,mmabbot5@state.tx.us,Menard,Mabbot,02377 Truax Lane,Brazil,Tshirt,XX-Large,4
01HPYDWKZTPXTDX72DSV8NFFF7,3/16/2023,asprott6@netlog.com,Abelard,Sprott,16446 Loftsgordon Parkway,Brazil,Tshirt,XX-Large,4
01HPYDWKZX2YEF9DSMMWB6DVXM,10/14/2023,cbestman7@tinyurl.com,Cly,Bestman,40 Goodland Park,Peru,Tshirt,Small,4
01HPYDWM00BJQ09K2YK1KKNC59,6/30/2023,kfilshin8@ask.com,Kelwin,Filshin,35 Division Street,Sweden,Gloves,Large,2
01HPYDWM02SV85XYQCTRCGMJ7Q,7/2/2023,smalsher9@purevolume.com,Shaw,Malsher,1907 Merchant Trail,Argentina,Sweater,Large,4
01HPYDWM0517RY5T13J29EWY5M,1/1/2023,jrollinga@alibaba.com,Judie,Rolling,9 West Drive,Ireland,Jacket,Medium,3
01HPYDWM08SZEP3697V9FE687Z,5/9/2023,equyeb@mashable.com,Emmett,Quye,005 Kingsford Terrace,France,Tshirt,XX-Large,2
01HPYDWM0AQ3D3RN2X5W108H0N,3/30/2023,mizzettc@irs.gov,Mureil,Izzett,11 Myrtle Crossing,Nigeria,Tshirt,X-Large,4
01HPYDWM0DQ02EJFNAWQF3XY50,6/5/2023,swolfendelld@wikimedia.org,Sileas,Wolfendell,351 2nd Place,Sweden,Scarf,Large,2
01HPYDWM0GB4B4HA0A7K86PYNJ,12/5/2023,ahillene@jimdo.com,Aliza,Hillen,7251 Independence Pass,France,Sweater,Medium,4
01HPYDWM0J83XQJPFF68RAY9X4,9/1/2023,sgethinsf@globo.com,Sergio,Gethins,47959 Dayton Way,Brazil,Tshirt,Large,2
01HPYDWM0N5EVCWER9WG4AS3SJ,12/10/2023,fgarnamg@umich.edu,Ferrel,Garnam,82839 Spaight Trail,United States,Tshirt,X-Large,1
01HPYDWM0RZ5HRTCN8K1PTR4MF,6/16/2023,wmcsherryh@livejournal.com,Waly,McSherry,67348 Novick Parkway,Chile,Hoody,Medium,4
01HPYDWM0V1N258VRHH703MRTE,1/21/2023,kspellesyi@abc.net.au,Katlin,Spellesy,44 Lotheville Trail,United States,Tshirt,Medium,2
01HPYDWM0Y1ZQEVX05RJYKKD5P,7/11/2023,hfurlongj@yelp.com,Hilly,Furlong,984 Hoepker Place,Brazil,Sweater,Medium,4
01HPYDWM0ZKKRFNFNA4ZRB9YBA,2/16/2023,ftommeok@paypal.com,Fredra,Tommeo,0 School Parkway,France,Hoody,XX-Large,1
01HPYDWM11P0BQ3N47MNDY3QN9,6/2/2023,byakunkinl@cdbaby.com,Bondon,Yakunkin,9 Bowman Way,United States,Shorts,XX-Large,2
01HPYDWM146NPFDXMDARGS43MQ,6/9/2023,elarkcumm@washington.edu,Eddi,Larkcum,40 Parkside Terrace,United States,Jacket,XX-Large,3
01HPYDWM160X7BRNGG1N1QB1AB,10/26/2023,chaironn@usatoday.com,Craggie,Hairon,6 Kings Park,Argentina,Shorts,Medium,3
01HPYDWM17Z99MF6KDTM3SWBFX,4/11/2023,afarthingo@usgs.gov,Aubrette,Farthing,40389 Haas Trail,Peru,Scarf,XX-Large,4
01HPYDWM18DN92MD6QMS890K0F,5/10/2023,wwemesp@wunderground.com,Wilbur,Wemes,27 Comanche Way,Brazil,Tshirt,Medium,4
01HPYDWM1AFXPRE11P7V6MV3ZC,7/2/2023,leleyq@whitehouse.gov,Loria,Eley,58 Sullivan Junction,France,Hat,XX-Large,4
01HPYDWM1BZ53VTFVMCQ8J4V87,6/16/2023,mnicher@hexun.com,Missy,Niche,4487 Superior Pass,Sweden,Hoody,Large,1
01HPYDWM1C87DZY588Q2WQ5F4F,4/15/2023,rdubarrys@si.edu,Regine,Du Barry,1 Ruskin Plaza,Bosnia and Herzegovina,Tshirt,Medium,1
01HPYDWM1ES1XXSW8T8C43ZTJ6,10/30/2023,gbromaget@merriam-webster.com,Gillian,Bromage,63601 Crowley Road,France,Sweater,Large,2
01HPYDWM1HPSHKNMXBT12XZZC1,8/26/2023,hhalfhydeu@is.gd,Harlene,Halfhyde,05246 Arrowood Alley,France,Shorts,Medium,3
01HPYDWM1MFE2NJVTP19XFJW9T,6/12/2023,kshepardv@nationalgeographic.com,Kenneth,Shepard,20 Ridge Oak Center,France,Scarf,Medium,2
01HPYDWM1PJVV79QEFQYH0X0AP,12/5/2023,lstanylandw@opera.com,Lucas,Stanyland,43724 Namekagon Circle,Argentina,Hoody,Large,2
01HPYDWM1S9A23NDF2953NZ94H,9/11/2023,yfarryannx@youtube.com,Yankee,Farryann,19720 2nd Way,Canada,Gloves,XX-Large,3
01HPYDWM1W2ED07D22NQDKXZYC,7/25/2023,jbrewitty@npr.org,Judd,Brewitt,6 Thompson Way,France,Scarf,Medium,3
01HPYDWM1YVVWZR2F55N0TS2WS,1/20/2023,jwanjekz@nytimes.com,Junette,Wanjek,2 Ryan Parkway,Brazil,Hat,Medium,2
01HPYDWM21HHP1VRFWZCFN0GAN,3/17/2023,aeglaise10@admin.ch,Arlee,Eglaise,80 Old Gate Alley,France,Tshirt,Medium,4
01HPYDWM23QJP8BW0GCRS8P9ZA,9/7/2023,beskriett11@google.com.hk,Berni,Eskriett,0 Paget Plaza,United Kingdom,Tshirt,Large,4
01HPYDWM24XYG35M0V1E6K0G4G,10/12/2023,tdellorto12@ihg.com,Tobiah,Dell 'Orto,13 Declaration Trail,Nigeria,Tshirt,Medium,3
01HPYDWM26G7DRAFS72XWSWE95,12/10/2023,lgratland13@yellowpages.com,Lind,Gratland,2868 Waywood Avenue,United States,Hat,Medium,3
01HPYDWM28KAEX2RMT0QN4CDQ7,10/30/2023,amcquilliam14@reddit.com,Andrea,McQuilliam,39903 Bultman Plaza,Sweden,Sweater,Medium,4
01HPYDWM2BG8R2XXM5PBGK3WZ8,10/6/2023,dstraun15@cbslocal.com,Dominga,Straun,5 Menomonie Plaza,Sweden,Hat,Large,3
01HPYDWM2DBBMJCYN2N8XMWT6H,10/9/2023,hsimond16@skyrock.com,Hallsy,Simond,483 Norway Maple Hill,Argentina,Sweater,XX-Large,1
01HPYDWM2EMSEXQDVXEGY0YQJQ,5/21/2023,mpurveys17@who.int,Marji,Purveys,68415 Carberry Lane,Spain,Scarf,Medium,4
01HPYDWM2FV0V22R5621V36YH9,4/6/2023,maylmer18@meetup.com,Maryrose,Aylmer,7741 Monica Trail,Argentina,Tshirt,Medium,3
01HPYDWM2GM7Q765MV5FQS52AD,7/3/2023,pmccleverty19@yandex.ru,Phyllys,McCleverty,52 Thompson Parkway,Argentina,Gloves,XX-Large,1
01HPYDWM2HX4K6WH1F4V8E99Q3,11/29/2023,wvickarman1a@google.fr,Woodman,Vickarman,528 Dawn Park,Brazil,Hoody,Medium,4
01HPYDWM2JJSEG5R1KYA9EQX15,8/27/2023,ntewkesbury1b@naver.com,Neron,Tewkesbury.,4546 Troy Park,Nigeria,Tshirt,Medium,4
01HPYDWM2NKFXEH396G44ES9CK,6/20/2023,vpiola1c@shinystat.com,Valle,Piola,9251 Larry Center,France,Scarf,XX-Large,3
01HPYDWM2QPF8JH58Y05BHWMD0,8/20/2023,twinfindale1d@a8.net,Tiffanie,Winfindale,46 Gulseth Street,Norway,Tshirt,Large,4
01HPYDWM2RQ3J47RV4JXRG1HRN,9/18/2023,asells1e@diigo.com,Anastasia,Sells,12698 Myrtle Place,Sweden,Sweater,Small,2
01HPYDWM2SBF2V86TB6GZ796MW,11/5/2023,rdifilippo1f@ehow.com,Ruben,Di Filippo,82 Carberry Center,Brazil,Shorts,Medium,1
01HPYDWM2TR4FA753K672ZMBXF,5/5/2023,cdavidove1g@unesco.org,Cob,Davidove,505 Anthes Parkway,Brazil,Tshirt,Medium,4
01HPYDWM2W3YTXDM5HK9GAVXSV,2/1/2023,phamner1h@springer.com,Patty,Hamner,5097 Pierstorff Way,Canada,Shorts,X-Large,1
01HPYDWM2XQTKGGRSMGH8RQYG7,11/18/2023,dhunsworth1i@huffingtonpost.com,Dorolice,Hunsworth,27 Thompson Point,France,Hat,Medium,3
01HPYDWM2ZP1F0P00KS7BMFV4E,8/19/2023,gmerdew1j@wufoo.com,Gottfried,Merdew,8637 Harper Avenue,Brazil,Jacket,Medium,1
01HPYDWM30TM84S7MJC3R3H7FB,12/24/2023,sspoors1k@livejournal.com,See,Spoors,0 Forster Plaza,Uruguay,Hoody,X-Large,2
01HPYDWM335HV4MX2296QJ0YXD,7/4/2023,eburman1l@amazon.co.uk,Ewell,Burman,9 Jackson Park,Brazil,Scarf,Medium,4
01HPYDWM34ET1QDMJYJ5A4KM6C,6/3/2023,dwhalebelly1m@sohu.com,Dare,Whalebelly,52 Almo Crossing,France,Scarf,Large,3
01HPYDWM363MTD18TC9TFVTR78,7/3/2023,searwaker1n@dagondesign.com,Sunny,Earwaker,92405 Mayfield Junction,Sweden,Tshirt,Small,1
01HPYDWM39Z7C8CFHR5FX1MYFV,11/23/2023,kgrizard1o@cnet.com,Kathy,Grizard,8 Saint Paul Place,Brazil,Scarf,Medium,2
01HPYDWM3AMEM69SSZ29D6A17Y,1/20/2023,fhalliberton1p@simplemachines.org,Felice,Halliberton,14521 Talmadge Crossing,Canada,Hoody,Medium,2
01HPYDWM3BTFAMJEWFK95E314N,8/30/2023,jjamme1q@lulu.com,Jeddy,Jamme,67601 Paget Lane,Norway,Tshirt,Large,1
01HPYDWM3CXYVMPFP83S97TD6H,3/14/2023,mvalero1r@bloomberg.com,Maridel,Valero,2994 Ronald Regan Lane,Brazil,Tshirt,Large,4
01HPYDWM3DJ5RY9EGFWGTMNZDB,6/25/2023,agowans1s@jimdo.com,Annora,Gowans,798 Maple Wood Terrace,Argentina,Gloves,XX-Large,2
01HPYDWM3F37EKDMY2K90CYW5H,3/29/2023,shayton1t@cbsnews.com,Spense,Hayton,56225 Westerfield Alley,Nigeria,Hoody,Large,3
01HPYDWM3HERFDJ6RJA1NVZTFA,1/5/2023,tgroome1u@prnewswire.com,Ted,Groome,068 Sachtjen Trail,France,Shorts,XX-Large,1
01HPYDWM3JNTKA4W2PR5DJR38K,12/6/2023,khallt1v@soup.io,Keelby,Hallt,141 Delladonna Way,Canada,Hoody,Medium,2
01HPYDWM3KP35VFW6Z5DSDRV3Z,5/7/2023,mlocock1w@phpbb.com,Mord,Locock,12 Grasskamp Avenue,France,Tshirt,Medium,4
01HPYDWM3MER0E61DVQ2FBK8VF,5/18/2023,crogeron1x@fda.gov,Cliff,Rogeron,448 Tomscot Road,Argentina,Hoody,Medium,3
01HPYDWM3P185D3NWVKAEEWX8V,11/17/2023,mody1y@sohu.com,Moritz,Ody,5072 Macpherson Center,Argentina,Scarf,Medium,4
01HPYDWM3QVDDG9H2C8H2KNZRK,4/25/2023,cmanuaud1z@ycombinator.com,Cleo,Manuaud,274 Lake View Court,Brazil,Hoody,Medium,3
01HPYDWM3R43PYGWACPGC53CTZ,8/28/2023,kklassman20@reddit.com,Kettie,Klassman,403 Banding Street,Argentina,Hoody,XX-Large,2
01HPYDWM3S8DZJ6D521C5DH1C4,12/30/2023,graynes21@artisteer.com,Garrick,Raynes,25177 Ronald Regan Road,United States,Shorts,Large,1
01HPYDWM3V6336JFAKCMQH0AJ3,5/27/2023,scasserly22@ebay.co.uk,Silvano,Casserly,33 Manufacturers Avenue,Norway,Tshirt,Medium,4
01HPYDWM3WN8E9NCJ0H7RJA53F,9/8/2023,rthorald23@google.ca,Ramsey,Thorald,722 8th Alley,Brazil,Hat,Medium,4
01HPYDWM3Y4BWT652MV3711TNM,6/8/2023,kjillins24@answers.com,Karena,Jillins,85430 Ridgeway Pass,Canada,Hoody,Small,1
01HPYDWM413J7P6Y4AYEMP643F,6/7/2023,hantonescu25@mapy.cz,Helena,Antonescu,6514 Kim Street,Peru,Jacket,Large,2
01HPYDWM420AAX5N9FKFY9KZVY,2/15/2023,jivashov26@cisco.com,Jolynn,Ivashov,97 Saint Paul Hill,Nigeria,Hoody,XX-Large,3
01HPYDWM43FVVTZ49H847KN8P9,7/12/2023,lplom27@dropbox.com,Laina,Plom,188 Reinke Junction,France,Tshirt,X-Large,4
01HPYDWM44M46YNYZYPVGSCECF,4/4/2023,ffussell28@statcounter.com,Felic,Fussell,6260 Ridgeway Court,Brazil,Tshirt,Large,2
01HPYDWM46NJVAWW9H1EV3F11D,7/13/2023,fpedro29@webs.com,Fletch,Pedro,53 Declaration Way,Peru,Jacket,Large,3
01HPYDWM48P0S3PQ8NGA9WFCB4,5/31/2023,ccarrabot2a@tinyurl.com,Courtney,Carrabot,509 Hudson Point,Brazil,Scarf,Large,1
01HPYDWM4ANEK8APESXY3KM2AQ,6/26/2023,rmowsdell2b@sun.com,Rozamond,Mowsdell,778 Iowa Crossing,Peru,Gloves,Medium,3
01HPYDWM4CSH7JTB5G279F8GE8,4/14/2023,bbillows2c@privacy.gov.au,Beatrisa,Billows,741 Thierer Road,United States,Tshirt,Medium,3
01HPYDWM4ENTRWTVP7V5SBSN89,1/18/2023,ckearley2d@ifeng.com,Candy,Kearley,3 Del Mar Terrace,Brazil,Scarf,X-Large,1
01HPYDWM4G2G8S76CNPVC2MYDM,11/29/2023,iandrioletti2e@google.nl,Irina,Andrioletti,77956 Ruskin Pass,United States,Scarf,Large,3
01HPYDWM4K4K42JKGBZ1KK8QN8,12/1/2023,aechalier2f@salon.com,Anett,Echalier,53675 Stephen Road,France,Sweater,Small,2
01HPYDWM4NSF1YYCT9TN36NZ84,10/26/2023,pmaudlin2g@noaa.gov,Padget,Maudlin,68 Lerdahl Trail,Brazil,Tshirt,Medium,1
01HPYDWM4PEQ1CEMCXDQD5EZJA,9/25/2023,dmcgannon2h@economist.com,Devland,McGannon,534 Thierer Circle,United States,Sweater,XX-Large,1
01HPYDWM4RBH756Q16A56BNQR9,8/8/2023,lcarpe2i@technorati.com,Lauree,Carpe,1234 Hagan Avenue,United States,Tshirt,Large,3
01HPYDWM54MWENDY9EZZV845PF,12/20/2023,bcowe2j@ibm.com,Billi,Cowe,614 Mallard Alley,Argentina,Jacket,X-Large,4
01HPYDWM565JTGVMVD45TD6SV4,3/11/2023,menoch2k@deliciousdays.com,Marya,Enoch,5955 Melvin Hill,Peru,Hoody,Small,1
01HPYDWM59B5WNKMPN8H39KGK2,12/27/2023,rtalby2l@moonfruit.com,Rosamond,Talby,1779 New Castle Alley,Argentina,Sweater,Large,4
01HPYDWM5C3KQ8RBVKAC12YDF5,10/14/2023,pmacrannell2m@flavors.me,Pembroke,MacRannell,21 Northridge Park,Brazil,Gloves,Large,3
01HPYDWM5F4EJ439D2B1QYWR3S,1/15/2023,rphilips2n@sourceforge.net,Richardo,Philips,1550 Morningstar Hill,Chile,Hoody,Large,3
01HPYDWM5H2AK3385NAYMBPHZ8,8/13/2023,tvince2o@trellian.com,Tuesday,Vince,52 Hoepker Terrace,Brazil,Scarf,Large,2
01HPYDWM5KREZHPAE6SEVQSWN4,1/25/2023,bpaulisch2p@cornell.edu,Briano,Paulisch,9 Stuart Way,Spain,Sweater,Medium,1
01HPYDWM5NKW2ATHCGYFXZ7GZF,10/23/2023,bgrigaut2q@paypal.com,Bibi,Grigaut,14337 Tomscot Trail,Peru,Hat,Small,4
01HPYDWM5P3H3T8W8DQN94APMN,1/26/2023,sjeffreys2r@google.de,Sawyere,Jeffreys,3779 Spenser Hill,France,Sweater,Large,1
01HPYDWM5QT2X20KEMDJ0AYE2M,10/27/2023,probke2s@quantcast.com,Pall,Robke,749 Marquette Trail,Canada,Hat,Large,2
01HPYDWM5SDYSHBZYB2WSBS8TV,2/21/2023,jkinchin2t@unblog.fr,Jana,Kinchin,40635 Esker Way,Brazil,Jacket,Large,2
01HPYDWM5VGY92TZD3FCA6XKJ9,4/8/2023,hcurphey2u@purevolume.com,Hymie,Curphey,3 Bunting Hill,Sweden,Tshirt,XX-Large,1
01HPYDWM5WHS8S1ERZ19X8EPZS,5/22/2023,kshorthouse2v@nationalgeographic.com,Kathi,Shorthouse,42 2nd Court,Sweden,Shorts,Medium,1
01HPYDWM5XVE6HFNQYWQMGR90P,4/3/2023,mavrasin2w@dailymail.co.uk,Mariska,Avrasin,24946 Merry Lane,Norway,Scarf,Small,2
01HPYDWM5ZCS65HTVVEMF5SDDZ,2/12/2023,dconnor2x@fda.gov,Dody,Connor,0 Daystar Way,Sweden,Sweater,Large,4
01HPYDWM60YMKVFKSFE2Y2RGGT,1/23/2023,dcorrington2y@bing.com,Darby,Corrington,0566 Monument Way,Sweden,Tshirt,XX-Large,4
01HPYDWM6285JEMBKZD87WWFXB,11/20/2023,gtremathick2z@usa.gov,Guinna,Tremathick,9 Westerfield Lane,France,Tshirt,Small,4
01HPYDWM65M59HFWTQ92D64MWP,12/20/2023,jlevins30@cnet.com,Jeremy,Levins,9 Clemons Avenue,Argentina,Sweater,Medium,1
01HPYDWM66XDGF64C4RPWM3PVB,11/26/2023,jheinsius31@admin.ch,Joyan,Heinsius,311 Paget Drive,Brazil,Sweater,Large,3
01HPYDWM676BDWMTJG8EB9Q8CR,3/8/2023,pemptage32@sakura.ne.jp,Pauly,Emptage,9 Columbus Parkway,United States,Scarf,Large,3
01HPYDWM699NR1RGK9HMN8Z6J0,8/11/2023,dhudless33@skype.com,Deanne,Hudless,77650 Cascade Plaza,France,Shorts,Large,2
01HPYDWM6ASDC1BW55GBEY3ZZD,7/8/2023,gforestel34@cornell.edu,Greer,Forestel,7 Rutledge Point,Brazil,Hoody,Small,2
01HPYDWM6BMXK3JA8N8TZKRBYW,6/3/2023,gphipson35@etsy.com,Gabbie,Phipson,6757 Barby Point,Brazil,Tshirt,Large,1
01HPYDWM6DGD0Q2FYQERTZ7B15,5/16/2023,oreuble36@gizmodo.com,Ollie,Reuble,8 Helena Crossing,Brazil,Hoody,X-Large,4
01HPYDWM6E29D6R80BZZMRSX9C,2/28/2023,hanwyl37@1688.com,Hillery,Anwyl,71 Farragut Court,Brazil,Tshirt,Large,1
01HPYDWM6F5SW1W6D3ZJCPV7QB,3/4/2023,bsvanetti38@taobao.com,Babbette,Svanetti,35 Veith Street,Brazil,Tshirt,X-Large,4
01HPYDWM6G3ET54J64QH7FB5RR,2/7/2023,dpouck39@ezinearticles.com,Demeter,Pouck,538 Pearson Road,Sweden,Tshirt,Large,4
01HPYDWM6HJZW1EVDKSFFKKD2T,11/12/2023,gsudy3a@bloglines.com,Gilly,Sudy,550 Hanover Road,Argentina,Tshirt,Small,4
01HPYDWM6J89H22HTZ98XAXWRN,10/16/2023,hmcquillan3b@t-online.de,Harrison,McQuillan,68 Cambridge Street,United States,Sweater,X-Large,2
01HPYDWM6M2YG38KZMY9KJ09YS,8/19/2023,flusher3c@prnewswire.com,Felecia,Lusher,01 Loomis Circle,Chile,Sweater,X-Large,3
01HPYDWM6NHAW3MPXR2TM5F3KH,7/27/2023,lharrild3d@ovh.net,Leeanne,Harrild,236 Dakota Park,France,Gloves,Large,1
01HPYDWM6PD6M8Q2DYEB464NH8,5/29/2023,ekellen3e@posterous.com,Euell,Kellen,25515 Orin Circle,Nigeria,Hoody,Large,2
01HPYDWM6Q631XMJKWY4VX97Y2,1/8/2023,blynam3f@cnbc.com,Bridie,Lynam,57777 Dexter Place,Sweden,Hat,Large,4
01HPYDWM6TP7CNH99JCDSYZRNN,3/7/2023,wnewson3g@whitehouse.gov,Wain,Newson,3576 Washington Court,United States,Hoody,Medium,3
01HPYDWM6XFC9HA27Q19G34NP9,8/3/2023,adeambrosis3h@tripadvisor.com,Alvera,De Ambrosis,5745 Anthes Plaza,Peru,Jacket,X-Large,3
01HPYDWM6ZPNCN5X4R0C6VHCT4,1/14/2023,sbernaciak3i@i2i.jp,Shurwood,Bernaciak,3785 Judy Way,France,Scarf,Medium,3
01HPYDWM712J4803ETTDBDBC68,9/6/2023,jschiementz3j@google.com.au,Juliette,Schiementz,9 Cascade Alley,Sweden,Hoody,Medium,3
01HPYDWM747B9TSKQ7A3FEXWS1,10/22/2023,etalby3k@xrea.com,Erna,Talby,20 Magdeline Park,United States,Scarf,Large,2
01HPYDWM76YTDKAR07AKFZRHYM,5/17/2023,jmateo3l@netscape.com,Jan,Mateo,62848 Quincy Street,Sweden,Hat,Medium,2
01HPYDWM79W46RES7X0DWRQ2NE,11/4/2023,nsnodden3m@hatena.ne.jp,Nicola,Snodden,0 Jenna Crossing,Nigeria,Sweater,Large,2
01HPYDWM7BDFTY7AHCPBW3A7ZZ,2/4/2023,jmoxham3n@homestead.com,Jedediah,Moxham,52976 Rutledge Point,United States,Scarf,Large,4
01HPYDWM7EFDEBT5HP7YS75XSV,5/21/2023,cshingler3o@yelp.com,Colette,Shingler,02 Green Way,United States,Hat,Large,3
01HPYDWM7GVYK0JHVNGXWJ2C4A,1/6/2023,ostraker3p@sitemeter.com,Ortensia,Straker,95 Sutherland Center,United States,Gloves,XX-Large,3
01HPYDWM7JYQDH90R0K01C1QTV,10/3/2023,calves3q@github.com,Carolin,Alves,63933 Granby Point,Brazil,Tshirt,Medium,1
01HPYDWM7KT2YNEPR2VV3T3Y1X,1/4/2023,mburbury3r@nba.com,Matti,Burbury,65 Jenifer Drive,Argentina,Tshirt,Medium,4
01HPYDWM7MXTWQ5H42Y3KK3BZA,5/12/2023,orodder3s@google.it,Otha,Rodder,6 Golf Alley,France,Hoody,Medium,2
01HPYDWM7NBDN7679C6GJM7XVE,3/16/2023,rlongfoot3t@freewebs.com,Ronald,Longfoot,41 Ridgeway Pass,United States,Shorts,Large,2
01HPYDWM7PJTF58P47QABFD817,3/17/2023,gfolonin3u@sbwire.com,Georgia,Folonin,349 South Alley,Sweden,Scarf,X-Large,4
01HPYDWM7QRQWRKWDHTFZXH9S5,4/9/2023,sstollberg3v@studiopress.com,Sherm,Stollberg,020 Sunfield Parkway,Nigeria,Shorts,Small,1
01HPYDWM7S8J7DFSSWG40XV6XP,6/6/2023,ekoenen3w@seesaa.net,Emerson,Koenen,54500 Lakeland Crossing,Sweden,Sweater,Medium,4
01HPYDWM7VPF4JZYJAPMX51VH6,5/23/2023,ldark3x@unblog.fr,Lisette,Dark,37689 Petterle Alley,Peru,Scarf,Large,4
01HPYDWM7WF8GDJJYVH402BZ7N,4/30/2023,spalffrey3y@phoca.cz,Shalom,Palffrey,610 Killdeer Road,France,Hat,Medium,1
01HPYDWM7YTY92M7VVVABQBCWH,1/29/2023,jwehden3z@ycombinator.com,Joyan,Wehden,276 Heffernan Parkway,Peru,Gloves,X-Large,1
01HPYDWM7ZWNKTFE6Q3WWA6J8T,2/13/2023,tseabourne40@sakura.ne.jp,Tasha,Seabourne,7068 Center Avenue,Ireland,Hoody,X-Large,3
01HPYDWM81XBXE3QPXT86KG0NK,8/15/2023,elewton41@guardian.co.uk,Elyse,Lewton,6 Golden Leaf Terrace,Chile,Sweater,Medium,4
01HPYDWM84EA5RWM41M6AQKQNF,12/4/2023,epyner42@dell.com,Eva,Pyner,6003 Sauthoff Trail,United States,Tshirt,Small,1
01HPYDWM87HBAC20DTK05AR92P,12/26/2023,mgoghin43@nsw.gov.au,Marna,Goghin,97 Gerald Point,France,Hoody,X-Large,4
01HPYDWM89QWHFJAR1N7WXHNGS,7/4/2023,thaffenden44@java.com,Tara,Haffenden,9 3rd Park,Brazil,Scarf,Large,4
01HPYDWM8A1042MWS213ERR47X,12/17/2023,abickley45@bandcamp.com,Amalia,Bickley,354 Superior Center,Sweden,Shorts,Large,3
01HPYDWM8B97ZFW7ZZJ9JAY3J0,8/26/2023,fvasler46@paypal.com,Frankie,Vasler,51 Scott Place,France,Hoody,Medium,3
01HPYDWM8D47NKGCHEEGQ64MFC,4/12/2023,skettlestring47@51.la,Skylar,Kettlestring,776 Morning Pass,Brazil,Tshirt,Large,1
01HPYDWM8GNG8D726M7DVJND3D,9/13/2023,wfeldman48@patch.com,Westleigh,Feldman,335 Grover Parkway,Sweden,Tshirt,Small,4
01HPYDWM8K0KC57W3YRTPGQD6G,11/15/2023,mchiese49@house.gov,Morganica,Chiese,245 Dapin Parkway,Sweden,Shorts,XX-Large,1
01HPYDWM8NDG3CK4PEJJ9G2G5F,7/15/2023,bhefferan4a@marketwatch.com,Berty,Hefferan,045 Loeprich Junction,France,Tshirt,XX-Large,1
01HPYDWM8RG2MN7HW9CAV0ERQ5,10/15/2023,jlonghurst4b@census.gov,Jojo,Longhurst,6895 Grasskamp Way,France,Tshirt,Large,1
01HPYDWM8TQBCD1VWJB6E219HZ,2/22/2023,jmcgrath4c@woothemes.com,Josefina,Mc Grath,48 Coolidge Park,Brazil,Tshirt,Medium,3
01HPYDWM8WRNJN1GBRRJRTBYY1,11/8/2023,sbrailey4d@yolasite.com,Shantee,Brailey,217 Lakewood Gardens Terrace,France,Sweater,Medium,4
01HPYDWM8XPKMJFH1KF3D9S7JE,3/12/2023,mmattingley4e@bloglines.com,Merilyn,Mattingley,37 Riverside Hill,Chile,Tshirt,X-Large,1
01HPYDWM8ZJFMC39PQKSXE4CAB,12/28/2023,ccamplen4f@baidu.com,Carroll,Camplen,34285 Elka Crossing,Peru,Sweater,Small,2
01HPYDWM91ZSXMX8H22E3VFSMZ,7/4/2023,hofarris4g@cornell.edu,Horace,O'Farris,50 Muir Court,Brazil,Tshirt,Medium,1
01HPYDWM93FXF8B4YXH1F4QW44,3/13/2023,cbuckett4h@odnoklassniki.ru,Charo,Buckett,8 Iowa Parkway,Sweden,Hat,Medium,3
01HPYDWM95NCR5VD2W77AB7NRC,11/2/2023,hcroxton4i@dmoz.org,Hayward,Croxton,6657 Laurel Lane,Peru,Tshirt,Large,1
01HPYDWM97GJRWBDDT2N8N1XED,8/31/2023,fdickings4j@china.com.cn,Fabien,Dickings,0868 Bobwhite Center,Sweden,Hoody,Large,3
01HPYDWM99HQRJVVZPWC2QQRNC,9/16/2023,vvandenbosch4k@auda.org.au,Vassily,Van den Bosch,14836 Loftsgordon Crossing,France,Hoody,Small,4
01HPYDWM9A02SYJ72CDVZT31KW,3/11/2023,lmaffiotti4l@nasa.gov,Lowrance,Maffiotti,6 Pepper Wood Parkway,Brazil,Tshirt,Large,3
01HPYDWM9BJHJEJAX4JSJV80CT,7/24/2023,hshiel4m@chron.com,Helaine,Shiel,6769 Hazelcrest Trail,Canada,Tshirt,Small,2
01HPYDWM9DT4D6CFKNY2N33MWJ,5/5/2023,aivashkin4n@fda.gov,Agneta,Ivashkin,14257 Erie Pass,Brazil,Tshirt,X-Large,4
01HPYDWM9FZBFHZ9XQTPK3ZK8A,9/10/2023,lsumner4o@ft.com,Lelah,Sumner,81 Pankratz Trail,Peru,Tshirt,Large,1
01HPYDWM9HAG7F3N2SATGGH7HD,12/11/2023,jvakhrushin4p@youtube.com,Jarvis,Vakhrushin,3 Carberry Way,Sweden,Tshirt,XX-Large,3
01HPYDWM9JPZ7BK0JP83SCD0KX,6/27/2023,lrusted4q@aboutads.info,Lottie,Rusted,545 Nova Plaza,France,Shorts,Small,3
01HPYDWM9KZNNAVNGERK113MS8,7/28/2023,sscholes4r@va.gov,Shara,Scholes,39659 Bartillon Center,United States,Hoody,Medium,1
01HPYDWM9M41TV99G0JT488C0X,6/7/2023,dgwillym4s@lycos.com,Deirdre,Gwillym,454 Haas Crossing,Uganda,Tshirt,Medium,1
01HPYDWM9NB81YGEXHV39XP7JM,1/1/2023,tclemmens4t@dyndns.org,Toby,Clemmens,4 Mcbride Center,United States,Tshirt,Small,1
01HPYDWM9P420H9TP324MNYT0Z,6/8/2023,emcgeoch4u@auda.org.au,Edin,McGeoch,5324 Kropf Park,Peru,Jacket,Large,2
01HPYDWM9RJA1Z0R0JKQ2T1243,9/9/2023,bhammor4v@ucsd.edu,Brigitta,Hammor,6 Lighthouse Bay Street,United States,Hoody,Large,2
01HPYDWM9SQ0RKP5M666SN6ADE,2/8/2023,jbootton4w@java.com,Janeta,Bootton,93 Mccormick Alley,Brazil,Jacket,XX-Large,2
01HPYDWM9T06J97N58F5KPTRFG,12/16/2023,dgaythwaite4x@examiner.com,Dina,Gaythwaite,49 Oak Valley Street,United States,Hoody,Medium,1
01HPYDWM9V77QJYJWRX5V8X4DA,5/11/2023,fgrills4y@ycombinator.com,Francene,Grills,2820 Linden Point,Sweden,Gloves,Large,4
01HPYDWM9WM838S99CMCK9CA83,9/8/2023,gleathes4z@vistaprint.com,Gwennie,Leathes,295 Ludington Plaza,France,Sweater,Small,4
01HPYDWM9Y6SRBZXWQH1FWNC6B,9/6/2023,swingeatt50@seattletimes.com,Stephana,Wingeatt,0757 Judy Lane,Uruguay,Tshirt,XX-Large,2
01HPYDWMA0KMCSKS8SXKJ6YB84,8/14/2023,klight51@ed.gov,Kassi,Light,435 Clarendon Pass,United States,Tshirt,Large,3
01HPYDWMA1AVW476WNYVP78PKA,10/6/2023,cshone52@discovery.com,Clemmie,Shone,6 Lerdahl Street,Canada,Hoody,Medium,1
01HPYDWMA3NM34AGFVA4BH3SZD,4/27/2023,rgergolet53@mtv.com,Rowe,Gergolet,10 International Road,Brazil,Hat,X-Large,4
01HPYDWMA5NR2BK31ZK0EPD1VX,4/11/2023,sthornewill54@ucoz.com,Staford,Thornewill,8898 Moulton Center,Brazil,Scarf,Medium,1
01HPYDWMA7ZA9DQTCHG95GYGCH,2/23/2023,dzecchetti55@dailymotion.com,Dyan,Zecchetti,08 Mandrake Road,Peru,Jacket,Medium,3
01HPYDWMAAFWT6TR7QEHTMZWTF,6/11/2023,droderigo56@ning.com,Dilan,Roderigo,17007 Walton Lane,Argentina,Scarf,Large,1
01HPYDWMACDMQRRK27J817DDFK,7/16/2023,jcoumbe57@imdb.com,Jewelle,Coumbe,5371 Nova Crossing,Nigeria,Shorts,XX-Large,1
01HPYDWMAEXW2B0QG76YJ5S8YD,7/2/2023,cfreckingham58@china.com.cn,Celesta,Freckingham,37462 Anzinger Court,United States,Tshirt,Medium,3
01HPYDWMAH4QPCMWK1D49V52ET,6/25/2023,rpolkinghorne59@abc.net.au,Rusty,Polkinghorne,04 Golf View Terrace,Chile,Hoody,Medium,2
01HPYDWMAKM8B566ATAABB4D87,4/4/2023,rchrippes5a@fda.gov,Rabbi,Chrippes,1 Gerald Alley,Sweden,Tshirt,X-Large,2
01HPYDWMANWHZ18FS805SHN88E,2/11/2023,lshergill5b@reverbnation.com,Lonnie,Shergill,04622 Warbler Park,Argentina,Tshirt,XX-Large,2
01HPYDWMARGVPDFPA37AKNBDZ4,2/22/2023,bcroot5c@webeden.co.uk,Benita,Croot,2726 Charing Cross Plaza,Sweden,Hoody,Large,2
01HPYDWMAVR68GYC6689AR6A11,2/26/2023,hglayzer5d@github.com,Hetty,Glayzer,985 Moulton Crossing,Nigeria,Tshirt,Medium,1
01HPYDWMAY8QS831RQBXP1KDBJ,11/10/2023,rhackworthy5e@histats.com,Ralph,Hackworthy,4 Lyons Way,Peru,Hoody,Medium,3
01HPYDWMB0WD6KMWHNZBW46115,1/9/2023,kcollingdon5f@themeforest.net,Karita,Collingdon,99013 Memorial Point,Uruguay,Scarf,Small,3
01HPYDWMB37KCJ0D4XS5PQX0ED,5/26/2023,rwillgoose5g@uiuc.edu,Renee,Willgoose,20719 Old Gate Junction,Sweden,Tshirt,XX-Large,2
01HPYDWMB6A2GG2S8FAKQ8EF4G,10/14/2023,slambregts5h@simplemachines.org,Sybil,Lambregts,6 Hazelcrest Trail,Brazil,Hoody,Medium,2
01HPYDWMB9V6X804X4DKVWTKAT,8/19/2023,nkeaves5i@time.com,Nicholle,Keaves,8467 Knutson Circle,Norway,Scarf,Small,3
01HPYDWMBBF5K558WVMGBW2VFG,11/9/2023,cbeautyman5j@google.co.jp,Carlota,Beautyman,7573 Dakota Place,United States,Tshirt,Small,4
01HPYDWMBET2QFQMA4BXJBSKQV,8/25/2023,mambrus5k@google.ca,Maribelle,Ambrus,64099 Maple Parkway,France,Tshirt,Large,1
01HPYDWMBG1BXR0VPJ14KSD12D,5/10/2023,aczadla5l@state.gov,Afton,Czadla,21968 Toban Place,France,Shorts,Medium,4
01HPYDWMBK8R48FEDTQXXSMRY4,11/1/2023,mjessard5m@sakura.ne.jp,Marcelle,Jessard,9 Mosinee Crossing,Brazil,Shorts,Medium,4
01HPYDWMBN5K4J5CRDFCQE1TQK,3/11/2023,tbrunini5n@reddit.com,Thorsten,Brunini,00877 Lindbergh Place,Sweden,Scarf,Small,2
01HPYDWMBR1PK3HG083X1C7XF7,8/31/2023,tdumbar5o@youku.com,Tiffanie,Dumbar,69 Almo Circle,Nigeria,Jacket,X-Large,4
01HPYDWMBSABQYTY382EZM3C6A,3/11/2023,rchatenet5p@e-recht24.de,Rodd,Chatenet,66640 Oakridge Circle,United States,Shorts,Small,4
01HPYDWMBT7P8BG1NHCCKZK46J,10/28/2023,dlunnon5q@yelp.com,Druci,Lunnon,565 Northland Avenue,France,Tshirt,Small,4
01HPYDWMBWD64QYXG5FWG1PVSA,2/8/2023,slibby5r@arstechnica.com,Sandy,Libby,683 Jenifer Pass,France,Gloves,Large,4
01HPYDWMBY0FQNDT1RSHG4VEH5,10/5/2023,rmatzaitis5s@wsj.com,Rina,Matzaitis,06 Springview Place,Ireland,Hoody,XX-Large,2
01HPYDWMBZVV5GDQ6HV506Z9QA,9/7/2023,acowhig5t@wisc.edu,Ahmad,Cowhig,514 Del Sol Circle,France,Scarf,X-Large,1
01HPYDWMC0CJZ23EGZ6A5JJ04R,4/4/2023,olusgdin5u@paypal.com,Orsa,Lusgdin,743 Graedel Avenue,Brazil,Tshirt,Medium,1
01HPYDWMC2581QW6HXQSP63D7Q,12/22/2023,gcrevagh5v@noaa.gov,Gwyneth,Crevagh,9902 Del Mar Avenue,Sweden,Gloves,Medium,3
01HPYDWMC4PN6XQ0KQBMPCC6JK,6/3/2023,rkleyn5w@time.com,Roderich,Kleyn,6399 Butterfield Circle,Argentina,Shorts,Medium,3
01HPYDWMC55SC912DG9PZ2K2P9,10/23/2023,zbow5x@goodreads.com,Zechariah,Bow,1190 Autumn Leaf Junction,Peru,Shorts,Medium,3
01HPYDWMC7SSB1CVTJM91MA633,10/25/2023,cballs5y@gnu.org,Catha,Balls,40 3rd Avenue,United States,Hat,Large,3
01HPYDWMC9KTT7H1CZC5W58P34,8/5/2023,kstandbrooke5z@wisc.edu,Kordula,Standbrooke,6 Evergreen Trail,France,Hoody,X-Large,3
01HPYDWMCBY1BQENZYNVH29Q72,3/30/2023,mryhorovich60@sciencedirect.com,Maurizio,Ryhorovich,17614 Gale Center,Nigeria,Hoody,Small,4
01HPYDWMCCJ4STS8MXH705Q9E0,8/18/2023,tpurser61@godaddy.com,Terrye,Purser,38106 Darwin Way,France,Tshirt,Medium,2
01HPYDWMCD6VTQ42Q6KBR0NAXC,5/21/2023,lgreiswood62@gmpg.org,Lynna,Greiswood,3 Claremont Street,France,Tshirt,Small,4
01HPYDWMCGQA7CS7CD8B9XRAQY,5/20/2023,mapplin63@so-net.ne.jp,Margalit,Applin,30927 Rieder Center,Argentina,Hoody,Large,3
01HPYDWMCJ6HFTC7HTSA38GPYB,1/29/2023,hfullerton64@businessinsider.com,Horacio,Fullerton,31 Parkside Pass,Brazil,Hoody,Medium,2
01HPYDWMCNWP07WY2W9WZ87D2M,2/4/2023,ckettle65@dropbox.com,Christian,Kettle,943 Sachs Park,United States,Jacket,Medium,1
01HPYDWMCR9VH1HBGEYW49YJE5,10/15/2023,ntheuss66@europa.eu,Nevil,Theuss,9 Dorton Park,Argentina,Tshirt,Medium,2
01HPYDWMCVD4NX0W390PB5JAMW,4/6/2023,cbarkworth67@ebay.co.uk,Cassius,Barkworth,18 Nobel Parkway,France,Hoody,Medium,3
01HPYDWMCY5EQQ7T7SSNJVKKD0,4/13/2023,kverduin68@rediff.com,Kaye,Verduin,568 Sherman Plaza,Germany,Hoody,Large,4
01HPYDWMD2M7RB2XCC0J6C8K7H,2/2/2023,ndenslow69@github.com,Noble,Denslow,675 Nelson Parkway,United States,Scarf,Medium,1
01HPYDWMD586FF9H7KYXFMJ8XR,2/25/2023,ttrafford6a@people.com.cn,Tarah,Trafford,784 Manitowish Crossing,France,Tshirt,Medium,3
01HPYDWMD7TR25NARW805A4VTJ,4/27/2023,lthorouggood6b@freewebs.com,Lilla,Thorouggood,1 Crownhardt Lane,Canada,Hoody,Medium,4
01HPYDWMDATZ9G1942YM5Y3J69,1/6/2023,lclemmens6c@tmall.com,Lionel,Clemmens,9 Green Ridge Street,France,Shorts,XX-Large,4
01HPYDWMDD5CWGZJJ9T3EZHDGF,4/3/2023,bcacacie6d@phoca.cz,Bernetta,Cacacie,05 Summer Ridge Circle,Canada,Gloves,Medium,1
01HPYDWMDHKEPMMCFP5NTN6W7H,1/23/2023,dfairtlough6e@nature.com,Darline,Fairtlough,9 Dryden Street,Sweden,Shorts,Large,2
01HPYDWMDMAAXYJZ92DZCP5ZC2,2/11/2023,dcanto6f@google.ru,Dinny,Canto,74125 Doe Crossing Avenue,Sweden,Hat,Medium,4
01HPYDWMDQ9KEHR3H74Y47A7TR,12/8/2023,acossem6g@devhub.com,Antonia,Cossem,290 John Wall Plaza,Peru,Sweater,Small,4
01HPYDWMDTM7ZBAP41RR3NRZ7G,9/23/2023,kbulfit6h@china.com.cn,Kari,Bulfit,2 Red Cloud Center,Brazil,Scarf,Medium,3
01HPYDWMDX457QWMN97DKG7X74,9/3/2023,amacconaghy6i@fastcompany.com,Angelia,Macconaghy,3355 Northport Point,Bosnia and Herzegovina,Sweater,XX-Large,3
01HPYDWME0PCK7VYS9MHTTKWR6,12/28/2023,dmacelharge6j@wufoo.com,Drud,MacElharge,109 Golden Leaf Trail,France,Hoody,Medium,2
01HPYDWME2YA30KX5HVN15QE9P,11/10/2023,tdeinhard6k@g.co,Thain,Deinhard,035 Hauk Center,Peru,Tshirt,X-Large,2
01HPYDWME3S2FPNF02APMW53YY,5/5/2023,nwhaymand6l@deviantart.com,Nappy,Whaymand,640 Manitowish Parkway,Peru,Gloves,Large,4
01HPYDWME5AY8TA4X8TFAA5CG3,5/3/2023,glitherland6m@istockphoto.com,Godfree,Litherland,7659 Golden Leaf Parkway,Brazil,Shorts,X-Large,3
01HPYDWME6586Y817JSQY10J2K,6/26/2023,tcuthbert6n@boston.com,Talbot,Cuthbert,04 Moland Center,France,Scarf,Large,3
01HPYDWME7F9H9HDRMEJNS9BFY,5/22/2023,pdubbin6o@com.com,Padget,Dubbin,35 Roxbury Circle,Argentina,Shorts,Medium,2
01HPYDWME9C21GEQWD8CG6K3RM,3/27/2023,cleverich6p@scribd.com,Chiquita,Leverich,462 Eastwood Pass,Peru,Tshirt,Small,3
01HPYDWMEADR9YAPM0EQVS74KC,12/23/2023,alevi6q@w3.org,Ambur,Levi,483 Heath Pass,Brazil,Tshirt,Medium,2
01HPYDWMED07QTSE0ZSWVCVQ6P,6/28/2023,ahastwall6r@washingtonpost.com,Ann-marie,Hastwall,33836 Chive Parkway,Sweden,Hat,Large,1
01HPYDWMEF6DV95QBH94QAZ54B,11/21/2023,pgremane6s@pcworld.com,Prudy,Gremane,7790 Declaration Way,Brazil,Tshirt,Medium,4
01HPYDWMEG949Y5DT0GR2Z5VB8,2/28/2023,mspillman6t@tiny.cc,Meredith,Spillman,37 Blue Bill Park Road,United States,Scarf,Medium,4
01HPYDWMEJTEZ456JGNXBQ5T0Y,3/20/2023,mcowser6u@baidu.com,Madlen,Cowser,7608 Duke Junction,Ireland,Jacket,Medium,4
01HPYDWMENDDEZS8CBPR8MZPPB,3/23/2023,replett6v@google.com.br,Rodge,Eplett,532 Acker Point,Sweden,Shorts,Medium,2
01HPYDWMERJH5SR8ZC8TSFRG36,9/12/2023,dcraghead6w@uol.com.br,Dewain,Craghead,905 Kinsman Trail,United Kingdom,Hoody,XX-Large,4
01HPYDWMEVQ2G3BDSN2FT9KF9C,6/10/2023,swoodington6x@homestead.com,Shane,Woodington,8616 Warrior Road,France,Tshirt,Medium,4
01HPYDWMEYSSF79GZWJPX4BF6W,8/2/2023,iskowcraft6y@bluehost.com,Inger,Skowcraft,0772 Schiller Lane,Brazil,Hoody,Medium,2
01HPYDWMF10FTE0Z53MMJK7PWG,2/19/2023,dsmiley6z@github.io,Devan,Smiley,7 Logan Trail,Peru,Tshirt,Small,4
01HPYDWMF5N6X4CBAX81605X47,11/24/2023,bgowdie70@oaic.gov.au,Buck,Gowdie,246 Lawn Park,Germany,Jacket,X-Large,2
01HPYDWMF7WSB99ZK25XMQTHXT,11/3/2023,cperet71@house.gov,Chandra,Peret,56 Kropf Pass,United States,Tshirt,Small,1
01HPYDWMF9TTD17KNEGF9SXZCH,6/7/2023,dhowbrook72@multiply.com,Dorrie,Howbrook,911 Lyons Avenue,Brazil,Hoody,Medium,2
01HPYDWMFBCP9R9XYCX7JCGWP1,5/12/2023,bcowx73@hc360.com,Briggs,Cowx,9 Everett Terrace,Brazil,Tshirt,XX-Large,1
01HPYDWMFDWRCHQ9SCAQDW852H,6/10/2023,aboaler74@phpbb.com,Andriana,Boaler,71 Little Fleur Terrace,Brazil,Gloves,Medium,3
01HPYDWMFFQ53YPN9Q021SHQJZ,4/2/2023,abrick75@va.gov,Augusto,Brick,471 Butternut Center,United States,Sweater,Large,3
01HPYDWMFGMXESKPTGDGD595DX,2/11/2023,klofthouse76@ft.com,Kellby,Lofthouse,9948 Raven Point,United Kingdom,Hoody,XX-Large,3
01HPYDWMFJGMW8EW8ZSJJ1H4CD,5/10/2023,wvelden77@scientificamerican.com,Wit,Velden,7 Caliangt Alley,Canada,Tshirt,XX-Large,3
01HPYDWMFNZBAJTKWGRKYP4CPF,4/7/2023,dphipps78@hubpages.com,Daisey,Phipps,5 Mayfield Pass,Peru,Gloves,Medium,4
01HPYDWMFQWB9KRV61FBB8FM9C,9/19/2023,bgennings79@cmu.edu,Benoit,Gennings,780 Huxley Drive,Peru,Hoody,Small,3
01HPYDWMFSWXNRH30TNEKQ7QH0,2/4/2023,eshottin7a@spiegel.de,Eda,Shottin,3 Almo Point,Sweden,Hoody,Medium,2
01HPYDWMFVDJ1F572RVRZ6QSJA,3/25/2023,nblogg7b@dot.gov,Nils,Blogg,579 Prairieview Point,Brazil,Scarf,Medium,2
01HPYDWMFYP4VZD872RF9SR3JP,12/6/2023,rharverson7c@list-manage.com,Ronny,Harverson,149 Eagle Crest Circle,Argentina,Tshirt,Small,1
01HPYDWMG1MGFWCM197CE5Y9MN,10/24/2023,fbere7d@wiley.com,Fernande,Bere,3 Graceland Center,Canada,Shorts,Medium,1
01HPYDWMG3S77ATSRS4YZ9F1GS,10/25/2023,azanutti7e@slate.com,Almeta,Zanutti,00659 Scott Hill,Brazil,Tshirt,Medium,4
01HPYDWMG6XGCE8CJK5FM3CQ8C,6/20/2023,mgarrie7f@buzzfeed.com,Mellisent,Garrie,57 Caliangt Junction,Brazil,Sweater,X-Large,1
01HPYDWMG947TEXSBD428T0BWS,6/15/2023,brembrant7g@tamu.edu,Bettina,Rembrant,182 Springs Way,Brazil,Shorts,Large,4
01HPYDWMGA1QJGVDCT5T0BHZCA,10/12/2023,ctompkinson7h@altervista.org,Carlynne,Tompkinson,798 Morningstar Point,United Kingdom,Tshirt,Large,4
01HPYDWMGCTNNKS891M8S12WED,6/21/2023,arebanks7i@jimdo.com,Audry,Rebanks,58 Mariners Cove Place,United States,Sweater,Large,1
01HPYDWMGDA6Z4TVADWX2WXA1B,1/2/2023,ushewring7j@microsoft.com,Umberto,Shewring,9 Lunder Road,Brazil,Sweater,X-Large,4
01HPYDWMGEYCA77YM6WYAWR5AD,2/11/2023,nbispham7k@microsoft.com,Norry,Bispham,52 Columbus Avenue,United States,Scarf,Medium,1
01HPYDWMGH5FEQG0FPSXXW51CH,2/12/2023,gballefant7l@elpais.com,Geraldine,Ballefant,4 Ilene Way,France,Shorts,Large,1
01HPYDWMGMQHPNVMSNAWMTK7EJ,11/4/2023,brussilll7m@elegantthemes.com,Blakeley,Russilll,746 Annamark Point,United States,Hoody,X-Large,3
01HPYDWMGQ5FNXG1G1N1V031WA,10/17/2023,sraiman7n@sfgate.com,Symon,Raiman,96331 Nelson Avenue,Brazil,Hoody,Small,3
01HPYDWMGVQ29VZPQBVM20EF20,7/11/2023,pdudman7o@163.com,Patty,Dudman,2 Londonderry Junction,Brazil,Shorts,Large,4
01HPYDWMGYK4MD6HE8977YYDJ4,9/18/2023,mlandsborough7p@e-recht24.de,Mame,Landsborough,262 Monica Street,Nigeria,Tshirt,Medium,2
01HPYDWMH1FVD5X41ABJ98P0J6,11/16/2023,eroulston7q@seattletimes.com,Ephrem,Roulston,050 Calypso Street,Sweden,Scarf,X-Large,4
01HPYDWMH4PPF5NWHPX7D3VWWM,10/13/2023,pmarwood7r@marketwatch.com,Pietra,Marwood,5709 Eliot Court,France,Sweater,Medium,1
01HPYDWMH74FEVZ9P97DH1DS8K,2/6/2023,tannand7s@slate.com,Trstram,Annand,936 Chinook Hill,Peru,Scarf,Large,1
01HPYDWMHA6TJSNWZDY3XS63HK,11/6/2023,rhagyard7t@nba.com,Rena,Hagyard,825 Grayhawk Plaza,France,Scarf,Medium,1
01HPYDWMHECP2D3H9D656M2EM8,4/2/2023,dpargetter7u@state.gov,Dov,Pargetter,0 Cottonwood Alley,Chile,Shorts,Medium,4
01HPYDWMHH54KCNZZXQ85P7S6T,6/22/2023,shryniewicz7v@purevolume.com,Silvana,Hryniewicz,81 Oriole Junction,Brazil,Scarf,X-Large,2
01HPYDWMHMRNT2HNH5DAPF4XFF,7/13/2023,sleaf7w@amazonaws.com,Shaughn,Leaf,9 Tomscot Pass,Brazil,Scarf,Small,3
01HPYDWMHQZGVTQ47FS499FGX9,4/27/2023,qneave7x@mac.com,Quinton,Neave,90 Fuller Center,France,Tshirt,XX-Large,3
01HPYDWMHT8RF7ARR0CBXYHHT8,7/29/2023,nsolomon7y@jiathis.com,Nert,Solomon,15035 Northridge Drive,Canada,Jacket,Small,4
01HPYDWMHXBPAW3MMK50ZBR10V,6/9/2023,jmcgee7z@mysql.com,Janaye,McGee,635 Milwaukee Lane,Brazil,Sweater,Medium,3
01HPYDWMJ0MGMRG4NH5TQQJW60,3/19/2023,hbyk80@cyberchimps.com,Horatio,Byk,3 International Circle,Brazil,Shorts,Small,4
01HPYDWMJ25M1KTHJWRWWE681C,12/14/2023,bmccarroll81@feedburner.com,Bartlet,Mc Carroll,2566 Melrose Road,France,Hat,Medium,1
01HPYDWMJ5ZRMETT0G93F83Q3D,4/26/2023,astamps82@livejournal.com,Andrei,Stamps,696 Arapahoe Terrace,Bosnia and Herzegovina,Sweater,Medium,3
01HPYDWMJ8TWVG16B0SVK35X6M,2/23/2023,kprescot83@economist.com,Kamillah,Prescot,7 Thierer Court,United States,Tshirt,Medium,3
01HPYDWMJB4S0KS09EFZMENNK5,7/2/2023,lheppner84@prlog.org,Lu,Heppner,2 Kenwood Street,Brazil,Tshirt,Medium,4
01HPYDWMJEES8J20SS88WDA0K6,7/1/2023,sputson85@usa.gov,Stacey,Putson,5 Lunder Court,France,Scarf,Large,2
01HPYDWMJGDSJW2Z87C4RF3TGT,1/17/2023,cgillingham86@china.com.cn,Cassius,Gillingham,9 Oak Valley Point,United States,Scarf,XX-Large,1
01HPYDWMJKTSXMDAT2JRVRZWRF,7/23/2023,tnoad87@amazon.de,Tammara,Noad,56 Bellgrove Alley,Nigeria,Hat,Medium,3
01HPYDWMJNXZWK3CXZ5DF1C3KB,2/12/2023,zmarcussen88@disqus.com,Zsa zsa,Marcussen,384 Johnson Place,Italy,Scarf,XX-Large,3
01HPYDWMJR3MBEMDFZMCCY3312,1/27/2023,mosirin89@fotki.com,Matty,O'Sirin,88142 Arkansas Court,France,Tshirt,Large,2
01HPYDWMJVHXN6ZRXTCK634KJN,8/21/2023,pjenman8a@wix.com,Paten,Jenman,40135 Springview Way,Bosnia and Herzegovina,Scarf,Large,4
01HPYDWMJXGBVB2JJWXJZC1YV1,3/23/2023,rsenechault8b@cnbc.com,Reilly,Senechault,47662 Express Park,Bosnia and Herzegovina,Sweater,Large,1
01HPYDWMJZPJYE4KQK5NV05PDX,5/1/2023,cseekings8c@example.com,Cassius,Seekings,952 Mandrake Plaza,Sweden,Tshirt,Medium,2
01HPYDWMK2QX4B221V5JCKS036,8/26/2023,acrowden8d@cbslocal.com,Adele,Crowden,6 Barby Terrace,United States,Scarf,Large,4
01HPYDWMK5K9XAM2NR1GW94K3R,7/23/2023,ikobierski8e@jugem.jp,Irwin,Kobierski,604 Steensland Hill,Sweden,Tshirt,X-Large,2
01HPYDWMK78BRDGCYXDGWRJFG6,12/26/2023,amcinility8f@dyndns.org,Agata,McInility,11 Nelson Street,Uganda,Sweater,Small,4
01HPYDWMKAW873GB7CEJTN8ZMR,12/13/2023,sfarrans8g@europa.eu,Shanda,Farrans,25221 Golf View Drive,Sweden,Sweater,Large,2
01HPYDWMKBJRR2AW32W4152C7A,10/10/2023,bjerzycowski8h@naver.com,Bibi,Jerzycowski,49361 Springs Alley,United States,Scarf,Large,4
01HPYDWMKD8GKKZEHRJN13D1JK,6/19/2023,avowell8i@state.gov,Aubree,Vowell,5459 Hazelcrest Point,Sweden,Scarf,Large,2
01HPYDWMKFF6FSV87DS6VYFC2J,7/5/2023,corteau8j@tuttocitta.it,Clevie,Orteau,17085 Waxwing Circle,France,Scarf,Large,1
01HPYDWMKH75N3DT6TYZGBQW6G,5/10/2023,lfoulgham8k@cbslocal.com,Leesa,Foulgham,71 Coolidge Street,Spain,Sweater,Small,1
01HPYDWMKMSRMKAX5MNBK9YM82,1/16/2023,mripsher8l@twitter.com,Martie,Ripsher,344 Forest Dale Center,Canada,Tshirt,Large,1
01HPYDWMKP6CXF6H3Y6JVQXNZN,7/19/2023,bstaniford8m@bloomberg.com,Brandie,Staniford,25 Nelson Crossing,Brazil,Hoody,Medium,3
01HPYDWMKR7HR363A7726PQ7DJ,4/28/2023,rgasken8n@qq.com,Ruthann,Gasken,5510 5th Place,Spain,Scarf,Medium,4
01HPYDWMKVG8Q0ZFMZBKT5R842,6/3/2023,rornells8o@mozilla.com,Ron,Ornells,0 North Alley,Peru,Scarf,Medium,4
01HPYDWMKYH9B1WN3D41BEPZTK,4/29/2023,ahackworth8p@xinhuanet.com,Antone,Hackworth,6294 Derek Point,France,Shorts,Medium,3
01HPYDWMM1ZS66ASP349PDW0TC,7/30/2023,steal8q@yale.edu,Smitty,Teal,109 Hallows Center,Bosnia and Herzegovina,Sweater,Large,2
01HPYDWMM2W1KWSNFXTGCM8SK1,10/19/2023,siglesias8r@ebay.com,Sidney,Iglesias,1 Bonner Center,Norway,Hat,Small,1
01HPYDWMM4X5FZV1F8T8AZS3G4,11/3/2023,dmayell8s@free.fr,Delilah,Mayell,50933 Sauthoff Junction,Ireland,Tshirt,X-Large,4
01HPYDWMM8HZBZKEBAMNSP7AEG,4/30/2023,jseiler8t@dedecms.com,Jess,Seiler,08 Crescent Oaks Hill,Peru,Shorts,Medium,3
01HPYDWMMBMCKBXHSGR08K0M5Q,1/11/2023,rbeecheno8u@soup.io,Rene,Beecheno,45 Superior Trail,Sweden,Hoody,Medium,3
01HPYDWMMEF3WJV64FAWC4TDSJ,7/28/2023,jfay8v@blogtalkradio.com,Jess,Fay,42609 Vermont Avenue,Brazil,Tshirt,Medium,4
01HPYDWMMHCSP6J2HCBY4MXPEP,3/3/2023,olarvin8w@smh.com.au,Odo,Larvin,35407 High Crossing Alley,France,Gloves,Small,3
01HPYDWMMMXWGFSZ4WKXXX47GD,5/31/2023,zrabson8x@360.cn,Zack,Rabson,3 Hauk Crossing,Sweden,Sweater,Large,3
01HPYDWMMP7QDEHA8W2P3ZXMKW,4/27/2023,yseward8y@bloglovin.com,Ynez,Seward,51 Quincy Junction,Canada,Shorts,Large,1
01HPYDWMMSP70TQ4Q0XGFVWB1J,4/19/2023,jody8z@hexun.com,Julianne,Ody,99056 Basil Trail,Peru,Gloves,X-Large,3
01HPYDWMMVACQ8V7YHDK6ZZND1,12/10/2023,slamperd90@ucla.edu,Starlene,Lamperd,07033 Sommers Park,Peru,Hoody,Small,4
01HPYDWMMYABGVP8EPP8QCK25D,6/5/2023,nassante91@prlog.org,Neal,Assante,111 Old Shore Point,France,Hoody,Small,1
01HPYDWMN0N2SWGTMP3266FTZD,7/4/2023,bpilipets92@youtube.com,Bary,Pilipets,1736 Independence Parkway,Peru,Shorts,Medium,3
01HPYDWMN2RE5RFZ62R5ZA2460,10/27/2023,cstoltz93@twitpic.com,Cort,Stoltz,46 Hollow Ridge Plaza,Norway,Tshirt,Medium,3
01HPYDWMN58HFESRVYDMZZS2JS,9/14/2023,ewillingam94@ocn.ne.jp,Ernestus,Willingam,6 Prairie Rose Parkway,Sweden,Hoody,Medium,4
01HPYDWMN7MGGBF728EFZFNDMK,8/25/2023,osterman95@japanpost.jp,Obadiah,Sterman,326 Raven Drive,Nigeria,Tshirt,Medium,2
01HPYDWMN9TKGS24DFHTVSE2CS,12/14/2023,srove96@google.co.jp,Sheffy,Rove,4 Sommers Place,Sweden,Tshirt,Small,2
01HPYDWMNBAA9RTASZWEBC12TN,7/10/2023,vsnoxell97@aboutads.info,Vi,Snoxell,94238 Schiller Trail,United States,Sweater,Medium,4
01HPYDWMNDWWQGA99C1CVCKQFG,3/2/2023,pvalance98@e-recht24.de,Peg,Valance,166 Fairview Crossing,United States,Sweater,Large,2
01HPYDWMNF5ES7JZ9WR41G6SJ6,2/20/2023,wgrumble99@i2i.jp,Winnah,Grumble,414 Loftsgordon Street,Peru,Hat,Small,1
01HPYDWMNHWR0HGAPJ8EKCDVRS,7/30/2023,esimeonov9a@seattletimes.com,Ema,Simeonov,5874 Derek Lane,Peru,Tshirt,X-Large,2
01HPYDWMNK02NJB6ACY526NY78,3/19/2023,blawtie9b@guardian.co.uk,Berny,Lawtie,44 Washington Street,Brazil,Tshirt,Small,2
01HPYDWMNP48FZ2YV3ACD6TDJ2,10/21/2023,wchaffe9c@seattletimes.com,Willyt,Chaffe,27 Schlimgen Street,Argentina,Scarf,Large,3
01HPYDWMNREJF2FC7RGBH8W4K5,2/6/2023,pgosnell9d@nasa.gov,Priscilla,Gosnell,42815 Forest Run Trail,France,Shorts,X-Large,1
01HPYDWMNV2DSVJZYNJM1W6AVB,6/8/2023,kmaclaren9e@opera.com,Kirbie,MacLaren,7104 Melrose Lane,Norway,Sweater,XX-Large,1
01HPYDWMNXWP2RJQ1MCDX89CKR,9/20/2023,eleahair9f@wufoo.com,Erda,Leahair,1204 Macpherson Court,Italy,Sweater,Medium,1
01HPYDWMNZ9D3VC3A5B9SYDCVR,11/3/2023,gbeau9g@studiopress.com,Guthry,Beau,61 Talmadge Lane,Brazil,Scarf,Large,3
01HPYDWMP16BP1TSFBMBG99NS1,3/18/2023,soshevlin9h@51.la,Silvia,O'Shevlin,96212 Truax Hill,United States,Tshirt,Medium,4
01HPYDWMP42E54FSA7ZEHGNEYK,7/1/2023,llambregts9i@paypal.com,Leicester,Lambregts,759 Lien Park,Sweden,Gloves,XX-Large,1
01HPYDWMP7ST18X58BEFDPSJXM,8/1/2023,rclemintoni9j@delicious.com,Robyn,Clemintoni,38 Briar Crest Way,France,Hat,Medium,2
01HPYDWMPAGKR0GQGR7ZXFSTPR,11/4/2023,klambricht9k@g.co,Kesley,Lambricht,74 Kenwood Parkway,Germany,Sweater,Medium,1
01HPYDWMPDBPDFRYFMMZXPMGJ6,3/28/2023,kswann9l@xrea.com,Keslie,Swann,36 Arizona Plaza,Bosnia and Herzegovina,Scarf,Large,4
01HPYDWMPFCN95P6VP9GRT0C73,9/29/2023,jmaypole9m@washingtonpost.com,Juanita,Maypole,61 Village Green Parkway,Sweden,Hat,XX-Large,2
01HPYDWMPJH9K1KZT6TYPQAH6A,8/31/2023,alambird9n@telegraph.co.uk,Alethea,Lambird,110 Heath Junction,Sweden,Tshirt,Medium,4
01HPYDWMPMWXC1R0PGZQVSM8M2,11/5/2023,mlongmate9o@whitehouse.gov,Madel,Longmate,57939 Bobwhite Road,Canada,Hoody,X-Large,2
01HPYDWMPPK6ST14HGD609SBVJ,4/4/2023,mconwell9p@abc.net.au,Malissia,Conwell,9006 Fallview Drive,Brazil,Sweater,Medium,3
01HPYDWMPR2TJP1ACKZC251YFZ,7/28/2023,rhuett9q@fastcompany.com,Randy,Huett,0519 Westport Alley,United States,Scarf,X-Large,3
01HPYDWMPTSSTHD40A7G8WHCEZ,2/28/2023,dreynish9r@blogs.com,Darice,Reynish,74 Vera Avenue,Brazil,Shorts,Large,2
01HPYDWMPW676NQJRERXC4DHSV,9/8/2023,ggrouvel9s@wisc.edu,Gabriello,Grouvel,92 Bluejay Way,Norway,Jacket,Medium,2
01HPYDWMPZ7662JFHP55ZSGS9V,4/19/2023,cchristal9t@hubpages.com,Costanza,Christal,4 Lyons Park,Sweden,Hoody,Medium,2
01HPYDWMQ1R4EDWZR73TABR8HV,11/29/2023,pplenderleith9u@mozilla.org,Paulo,Plenderleith,87004 Kensington Trail,Brazil,Shorts,Small,2
01HPYDWMQ31AP8FDS8KETT00EQ,5/30/2023,msharvell9v@intel.com,Munroe,Sharvell,0930 John Wall Center,Brazil,Hoody,Medium,3
01HPYDWMQ5HPS0QWJ4X12X8C28,4/9/2023,ldundendale9w@wikia.com,Linda,Dundendale,4016 3rd Center,Peru,Hoody,Large,2
01HPYDWMQ8YARCENA4RQAQHCSN,12/21/2023,eswiffan9x@latimes.com,Ester,Swiffan,301 Fieldstone Pass,Argentina,Scarf,Small,4
01HPYDWMQACWA9GZPN8N6NFANJ,11/20/2023,msamme9y@nasa.gov,Maude,Samme,4 Havey Plaza,Sweden,Tshirt,Large,3
01HPYDWMQC3S372C5NSXQMY646,8/25/2023,cbarcke9z@paginegialle.it,Clayborne,Barcke,165 Stoughton Way,France,Sweater,Medium,2
01HPYDWMQE755ZSPQ38AGJ23G7,9/1/2023,aschultheissa0@timesonline.co.uk,Ambrosi,Schultheiss,8 Fuller Avenue,Canada,Hoody,Medium,4
01HPYDWMQGCK33MBE0KNKRQEW2,1/29/2023,medelheida1@imgur.com,Martie,Edelheid,02727 Chive Lane,France,Hat,Medium,4
01HPYDWMQJ39EP9YSA6H5Y76GP,7/19/2023,vphettea2@omniture.com,Vivyan,Phette,58165 Anthes Pass,Nigeria,Scarf,Medium,1
01HPYDWMQMCZ2P872K556JW0VE,5/31/2023,gwharriera3@jigsy.com,Grete,Wharrier,79 Pine View Lane,Brazil,Shorts,Small,4
01HPYDWMQP3RMBFJ5WT5NZ203S,3/4/2023,dgascoynea4@angelfire.com,Donal,Gascoyne,63 Katie Drive,Argentina,Scarf,Medium,4
01HPYDWMQRCKXN2J4G58ZD3T95,12/16/2023,apettisalla5@a8.net,Abigail,Pettisall,810 Manitowish Lane,United States,Sweater,X-Large,2
01HPYDWMQT20F6986G1BQ4RHHX,4/22/2023,ashallooa6@statcounter.com,Annissa,Shalloo,398 Hazelcrest Parkway,Brazil,Jacket,X-Large,4
01HPYDWMQW43W2R1ASDHPTVREP,2/24/2023,imingaulda7@smugmug.com,Issy,Mingauld,235 Clyde Gallagher Junction,Sweden,Jacket,XX-Large,3
01HPYDWMQYPC4J1Z86DJV5XNNA,2/5/2023,wjancya8@chron.com,Wendie,Jancy,176 Dayton Street,Chile,Jacket,Small,2
01HPYDWMR0HFDXFTQF38PTHPEC,6/6/2023,gkobela9@google.com.au,Gaylene,Kobel,242 Drewry Parkway,Brazil,Sweater,Large,1
01HPYDWMR2GYPZ6ZVAP1XM5P9K,2/7/2023,hquantrellaa@wikispaces.com,Honey,Quantrell,3114 Norway Maple Lane,Peru,Tshirt,X-Large,2
01HPYDWMR58YQZP4EP8YEF7WEJ,4/24/2023,eholdforthab@stanford.edu,Errol,Holdforth,92 Eastlawn Parkway,Brazil,Tshirt,X-Large,4
01HPYDWMR7FPJHNE91NQ8S2KXP,3/3/2023,jmycockac@soup.io,Jenine,Mycock,4 Eagan Junction,France,Tshirt,Large,2
01HPYDWMR98Z5K8H3V2HZ4DZ4J,8/29/2023,kgawkesad@cam.ac.uk,Kalindi,Gawkes,87 Anderson Center,France,Tshirt,XX-Large,2
01HPYDWMRBX0WN7BZZ5ZXVH8Z2,4/15/2023,mmacdonoghae@mit.edu,Melvyn,MacDonogh,875 Stone Corner Center,Sweden,Sweater,Large,1
01HPYDWMRD9HKCRH7SE4RK72BR,5/4/2023,jbeevisaf@skyrock.com,Jolynn,Beevis,60 Meadow Valley Alley,Sweden,Tshirt,Large,1
01HPYDWMRGX48Y07VX231WB7AH,2/27/2023,rdunhamag@friendfeed.com,Rik,Dunham,6 Oriole Drive,Brazil,Shorts,Large,3
01HPYDWMRKRK5C68QMZQP8G0WT,3/26/2023,sscafeah@weather.com,Shantee,Scafe,749 Norway Maple Lane,United States,Tshirt,Large,1
01HPYDWMRN49QDDSKSG4351HP9,8/16/2023,narnettai@amazonaws.com,Natasha,Arnett,627 Pearson Street,Brazil,Gloves,Small,3
01HPYDWMRQ1P10M636BY9P3211,2/15/2023,bkillgusaj@house.gov,Burlie,Killgus,5997 Weeping Birch Center,Brazil,Hat,Small,2
01HPYDWMRS64V7FZHX1TZ4MZV9,10/21/2023,ncourtoisak@bluehost.com,Natale,Courtois,824 Superior Way,Brazil,Shorts,Medium,4
01HPYDWMRVYM6X9CA06V1X36VG,2/6/2023,splacidial@blogtalkradio.com,Sancho,Placidi,7 Eliot Parkway,France,Hat,Small,1
01HPYDWMRXEFWWRKHHEYRTV2MV,6/2/2023,xnevettam@etsy.com,Xever,Nevett,853 Monument Plaza,Brazil,Scarf,X-Large,3
01HPYDWMRZ9RPC21G2TZ9KH6AJ,6/2/2023,mlasseyan@latimes.com,Magdaia,Lassey,6622 Ohio Center,United States,Hoody,Large,1
01HPYDWMS2YZA5XMPSHG1NX53C,6/19/2023,sbilbeyao@comcast.net,Stacey,Bilbey,031 Upham Pass,Brazil,Tshirt,Large,3
01HPYDWMS45DS1AGAEB1RXXEXY,1/12/2023,rbruntjenap@telegraph.co.uk,Rodina,Bruntjen,18333 Bay Circle,Senegal,Tshirt,XX-Large,3
01HPYDWMS6K4VEGB9EJAR1AQ4G,6/5/2023,msizlandaq@vkontakte.ru,Magdalen,Sizland,89624 Hooker Point,Germany,Hat,Medium,3
01HPYDWMS8GVRHA1K9PR5A7MY6,7/21/2023,mgrinikhinar@feedburner.com,Mario,Grinikhin,4647 Lindbergh Street,Brazil,Hoody,Medium,1
01HPYDWMS9B8QYNP6SDD9M1SRS,4/12/2023,jhubbisas@fotki.com,Julita,Hubbis,8566 Norway Maple Road,Brazil,Hat,Medium,1
01HPYDWMSB8YW6HQZA56PR4JPN,10/22/2023,mthriftat@elegantthemes.com,Melly,Thrift,44 Katie Road,Sweden,Hoody,Small,1
01HPYDWMSDFMXZKY3RKQ5ZD6ZC,2/25/2023,stalesau@tinyurl.com,Shepperd,Tales,2393 Kings Plaza,Uganda,Tshirt,Medium,4
01HPYDWMSGHNDVNMMVGYBK0DB5,6/5/2023,ccoadyav@bbb.org,Casey,Coady,266 Milwaukee Drive,Canada,Tshirt,XX-Large,2
01HPYDWMSJJS4FXEARYJES1A0T,3/12/2023,rpettiaw@weibo.com,Rani,Petti,21807 Mccormick Lane,Nigeria,Hat,Small,2
01HPYDWMSMSZZ4V901JKQWF1S1,5/25/2023,aextanceax@upenn.edu,Avie,Extance,00 Basil Street,Canada,Hoody,XX-Large,2
01HPYDWMSP04R3ME9T82AN921S,4/4/2023,bcullingtonay@imdb.com,Brander,Cullington,21 Cambridge Place,Brazil,Shorts,Medium,1
01HPYDWMSSHFY85CZKJ7H0CXWQ,7/13/2023,jlebellaz@wikia.com,Jo ann,Lebell,714 Anniversary Circle,Brazil,Tshirt,Medium,1
01HPYDWMSTKFNQFHERHWAK4Z6Y,9/13/2023,npybusb0@bbc.co.uk,Nolie,Pybus,106 Talisman Place,Canada,Sweater,Large,4
01HPYDWMSXF0H96BFJER4NJP81,8/11/2023,rrufb1@kickstarter.com,Redd,Ruf,4 Basil Street,Brazil,Hoody,Small,3
01HPYDWMSYJPV2W2018P9PWH98,1/18/2023,hpragnellb2@weibo.com,Hinze,Pragnell,75421 Magdeline Circle,United States,Tshirt,X-Large,3
01HPYDWMT1QHEN21N5GFTCR6W1,9/5/2023,dcackettb3@wordpress.com,Daron,Cackett,589 Monterey Drive,Brazil,Gloves,Large,3
01HPYDWMT2YKQV9JXR8DZ1YBA0,2/13/2023,dromerab4@dedecms.com,Dorise,Romera,29 Portage Circle,United States,Hoody,Medium,2
01HPYDWMT409CGYWDKMBMMKQRK,3/12/2023,civoshinb5@bloglines.com,Cinderella,Ivoshin,0467 Coleman Parkway,France,Gloves,Small,1
01HPYDWMT6XVKMHG5B940N99G8,9/20/2023,rernkeb6@ca.gov,Rosabelle,Ernke,0 Fordem Trail,Sweden,Tshirt,Medium,4
01HPYDWMT8RHY5R7Q0GWCPYKHT,9/26/2023,idrohanb7@ft.com,Isacco,Drohan,34 High Crossing Alley,Sweden,Scarf,Medium,3
01HPYDWMTAX00DY5R0N670PQV3,8/28/2023,ascotterb8@123-reg.co.uk,Avivah,Scotter,94 Maywood Street,Sweden,Sweater,X-Large,2
01HPYDWMTCG4R9V2WE9T68HPW2,12/1/2023,meylesb9@mit.edu,Margarete,Eyles,90734 Warner Parkway,Nigeria,Tshirt,Medium,4
01HPYDWMTEMF6SSVN6GCSVB006,3/27/2023,vbraemerba@guardian.co.uk,Vivyan,Braemer,363 Russell Trail,Brazil,Gloves,Medium,1
01HPYDWMTG4X52ZJ3MMKA5PHSN,8/28/2023,jdrooganbb@g.co,Joanna,Droogan,6 Truax Circle,United States,Sweater,Small,1
01HPYDWMTJZEBSJ975WCFY7QZ0,10/7/2023,mlemerchantbc@smh.com.au,Margarita,Le Merchant,5 Maple Wood Circle,Brazil,Hat,Medium,4
01HPYDWMTM053YYPGFNNS02G6F,9/19/2023,tgabbotbd@squarespace.com,Theobald,Gabbot,3000 Blaine Parkway,Canada,Hoody,Small,4
01HPYDWMTPJMBZB6PYKCADDT87,7/6/2023,rrutgersbe@cam.ac.uk,Rebeka,Rutgers,26 Warner Alley,Sweden,Hoody,Medium,2
01HPYDWMTRCXZ5Y3MX1Z8WK9GY,5/28/2023,goubridgebf@huffingtonpost.com,Graeme,Oubridge,906 Sycamore Plaza,Ireland,Tshirt,Medium,1
01HPYDWMTTPG74A408PP88TSWG,3/27/2023,wwormleightonbg@sfgate.com,Wilmer,Wormleighton,55178 La Follette Parkway,Sweden,Hoody,X-Large,1
01HPYDWMTVNRMTRYA0AKPMCKY5,12/5/2023,nbowkleybh@sbwire.com,Nanon,Bowkley,98 Troy Terrace,Brazil,Hoody,X-Large,1
01HPYDWMTX8P2KVB07P86BV9P7,4/17/2023,drillstonebi@tinypic.com,Daniela,Rillstone,1008 International Avenue,Ireland,Gloves,X-Large,2
01HPYDWMTZWSER8EVWYKA5S1G8,10/14/2023,nwhistlecroftbj@howstuffworks.com,Nickie,Whistlecroft,12558 Farragut Park,Brazil,Hoody,Large,1
01HPYDWMV1NND8N1V15AKX8783,8/1/2023,wforbearbk@loc.gov,Wanda,Forbear,686 Anderson Lane,Sweden,Hoody,Large,3
01HPYDWMV38QVHMCFESN82VJDR,7/29/2023,rmallonbl@sohu.com,Rhetta,Mallon,5355 Ronald Regan Drive,Brazil,Shorts,Medium,2
01HPYDWMV50ZR896YTBQ7R2QF6,3/17/2023,mmeecherbm@creativecommons.org,Meggi,Meecher,670 Ohio Alley,Peru,Tshirt,X-Large,2
01HPYDWMV7QDEATED0HD2DJ4RR,2/5/2023,hgravetbn@theguardian.com,Hynda,Gravet,2 Hermina Alley,Canada,Hoody,Large,2
01HPYDWMV9GTY4S53N6WRGZJ5E,8/26/2023,rlecordierbo@taobao.com,Roscoe,Lecordier,760 Heath Plaza,Sweden,Hoody,Medium,4
01HPYDWMVAF3ATYWRN1540JGC3,7/21/2023,gramelotbp@digg.com,Giuditta,Ramelot,83882 Rieder Way,Sweden,Tshirt,XX-Large,1
01HPYDWMVC4FHJMMTJ68YC2KZ3,7/15/2023,btorbetbq@squidoo.com,Beckie,Torbet,71 Golden Leaf Junction,Argentina,Jacket,X-Large,1
01HPYDWMVEQ80J2PK8KDE2SEEB,4/17/2023,ebowaterbr@house.gov,Elisabetta,Bowater,209 Oneill Terrace,France,Tshirt,Medium,3
01HPYDWMVG7ZJA5KMFNK6NTRCA,2/4/2023,kdecreuzebs@nature.com,Kaleena,Decreuze,471 Lindbergh Drive,France,Hoody,Small,2
01HPYDWMVJ8V5ZG4FPWTMDG87P,3/31/2023,alogsdailbt@multiply.com,Alec,Logsdail,4970 Morning Park,Nigeria,Hoody,Medium,3
01HPYDWMVMJBKG44QVJ9W88R72,12/27/2023,ncosslettbu@ebay.co.uk,Nehemiah,Cosslett,20 Melvin Pass,Sweden,Tshirt,Small,3
01HPYDWMVPEYWYQXM4YN3R9HXK,4/23/2023,rgainorbv@facebook.com,Rab,Gainor,877 Charing Cross Park,Canada,Tshirt,Large,3
01HPYDWMVRS48KJ7YMF2SRJCQ2,4/20/2023,dcessfordbw@weibo.com,Donall,Cessford,19948 Kensington Place,Uruguay,Scarf,Medium,3
01HPYDWMVT5JWMBB09AZ4YP1Y6,6/23/2023,dbenfordbx@live.com,Doug,Benford,5 Del Sol Circle,Peru,Jacket,Large,2
01HPYDWMVWHK14QYB8TAWEF24F,4/22/2023,akimblingby@uol.com.br,Alis,Kimbling,5 Milwaukee Junction,United Kingdom,Hoody,Medium,3
01HPYDWMVY9D0K9M97SGAZ4XH0,12/6/2023,kbanyardbz@paypal.com,Kerrill,Banyard,96 Dahle Crossing,Sweden,Hoody,X-Large,3
01HPYDWMW0YJHZS48SAEZB99YM,4/21/2023,mpolinoc0@theatlantic.com,Morgun,Polino,9 Derek Junction,Brazil,Shorts,Small,2
01HPYDWMW1BB3D65RPE6VGQJMY,2/21/2023,bmacdougalc1@skype.com,Burke,MacDougal,1 Monterey Place,Nigeria,Hoody,Small,3
01HPYDWMW32KYY351FQRM547NN,2/2/2023,kmatlockc2@un.org,Kassie,Matlock,75523 Sunnyside Way,Italy,Hoody,X-Large,2
01HPYDWMW5GE1QAMWZKPX66R0V,3/23/2023,njereattc3@ask.com,Nady,Jereatt,556 Fallview Avenue,Brazil,Hoody,Medium,2
01HPYDWMW7RQDJVP4AGA23HNNS,9/11/2023,vtompsettc4@kickstarter.com,Vanni,Tompsett,9826 South Trail,Bosnia and Herzegovina,Hoody,Large,4
01HPYDWMW917HK4XBF4HAMG98P,12/6/2023,mvalentellic5@sitemeter.com,Mathe,Valentelli,408 Fairview Junction,Canada,Shorts,Large,4
01HPYDWMWBCD2PC5REC5KMNE2N,10/21/2023,cbarthrupc6@cornell.edu,Crissie,Barthrup,5 Briar Crest Road,Brazil,Hoody,Medium,1
01HPYDWMWDGT6JQZH9X0BRH51J,7/3/2023,spalmarc7@rakuten.co.jp,Shell,Palmar,68 Kedzie Junction,Argentina,Tshirt,XX-Large,4
01HPYDWMWFBH78HR59C0KDBEEE,10/4/2023,jslaynyc8@de.vu,Jo ann,Slayny,85 Gulseth Hill,Brazil,Hat,Medium,4
01HPYDWMWHS5T82D0AVX0CGN5R,7/25/2023,aheenanc9@networksolutions.com,Aguie,Heenan,8559 Roth Street,Sweden,Tshirt,Medium,4
01HPYDWMWKDKCGMP4E0K0C4D93,12/8/2023,khandscombeca@bloglovin.com,Kathlin,Handscombe,316 Haas Junction,Argentina,Shorts,Large,4
01HPYDWMWNK5NJGK67DNNZ85B8,8/4/2023,ygrevillecb@weather.com,Yardley,Greville,916 Lien Way,France,Hoody,Large,4
01HPYDWMWP7XTM3GYHAHJ028H1,12/3/2023,ddundendalecc@ameblo.jp,Darice,Dundendale,5 Welch Way,Ireland,Hoody,X-Large,2
01HPYDWMWRRQXXWWW97AS7P6RJ,9/1/2023,tethelstonecd@wordpress.com,Tracie,Ethelstone,3200 Bashford Circle,Brazil,Shorts,Large,2
01HPYDWMWTZXHCSGJV5DTZJS31,4/4/2023,alumce@desdev.cn,Augusta,Lum,951 Waxwing Alley,Brazil,Hoody,Medium,3
01HPYDWMWWTPPBQWWD0HFCRM9C,5/20/2023,osachnocf@businesswire.com,Oralee,Sachno,342 Village Green Way,Spain,Tshirt,Large,2
01HPYDWMWYB4S8D3GFJNS1WT92,1/5/2023,ananglecg@cargocollective.com,Adelice,Nangle,00 Melrose Pass,Sweden,Hoody,Medium,3
01HPYDWMX08VEBCG82YSEXR5NZ,3/27/2023,kellcockch@imageshack.us,Kelly,Ellcock,65 Village Green Alley,United States,Shorts,Large,3
01HPYDWMX1MY226EBHDRHQS2M2,3/21/2023,vberzinci@e-recht24.de,Veriee,Berzin,306 Coleman Plaza,France,Tshirt,Large,3
01HPYDWMX3EZRZJXH10Q9TQDK9,5/5/2023,mdimiccj@ameblo.jp,Maurie,Dimic,6413 Sundown Trail,Canada,Hoody,XX-Large,3
01HPYDWMX5F8ZVG4P8KWJ6YQ5Z,1/24/2023,gmanueleck@miitbeian.gov.cn,Gaye,Manuele,1373 Maryland Parkway,Bosnia and Herzegovina,Tshirt,Large,3
01HPYDWMX7WM3SBB3MN93700X9,1/29/2023,lhalfpennycl@berkeley.edu,Lewes,Halfpenny,5 Buhler Pass,France,Tshirt,Large,4
01HPYDWMX9DCB9GMEMZT14P1CT,6/21/2023,achecocm@freewebs.com,Arda,Checo,27 Dovetail Lane,France,Scarf,XX-Large,4
01HPYDWMXAV256KSTKE306Y4EZ,5/14/2023,fthorbycn@europa.eu,Finlay,Thorby,32 Maple Way,Ireland,Sweater,Medium,4
01HPYDWMXCZKYBRVYJ6SCQS5FA,4/20/2023,mseakinco@senate.gov,Merwin,Seakin,69492 Lake View Parkway,Brazil,Gloves,X-Large,3
01HPYDWMXEM1NAVTDJVW5RM1K8,2/11/2023,mcollingtoncp@csmonitor.com,Midge,Collington,18818 Linden Alley,Argentina,Hoody,Medium,2
01HPYDWMXGFRRH7233GC3S2TMF,10/4/2023,bmogenotcq@blinklist.com,Berry,Mogenot,54375 Loftsgordon Pass,Peru,Tshirt,X-Large,2
01HPYDWMXJ3A071J930XHBSASR,8/3/2023,mbricknallcr@nih.gov,Melisent,Bricknall,7 Marcy Drive,France,Tshirt,Large,3
01HPYDWMXMVH0E9RTZDVX8G3BT,3/30/2023,vagnewcs@unicef.org,Vallie,Agnew,4800 Hooker Park,Brazil,Jacket,Medium,3
01HPYDWMXPDGNSYNXXZVP586S3,11/22/2023,espriggct@ucla.edu,Emili,Sprigg,495 Roxbury Crossing,United States,Tshirt,Medium,2
01HPYDWMXQQ5QXCDVD5BTRVRVA,2/26/2023,rcartmercu@topsy.com,Raynard,Cartmer,221 Shelley Pass,France,Hoody,Medium,2
01HPYDWMXSJBQ5T46S9B4KK8VA,10/10/2023,pcastelijncv@twitpic.com,Patricia,Castelijn,24217 Clarendon Center,United States,Tshirt,X-Large,2
01HPYDWMXVSVGWA922AF7DA1BF,3/7/2023,akorbcw@narod.ru,Ann-marie,Korb,3391 Westend Crossing,Norway,Hoody,Medium,1
01HPYDWMXXC1NYC6YQGT7MN1ET,5/3/2023,cbernardeaucx@google.co.uk,Cyrillus,Bernardeau,1 3rd Center,Brazil,Hoody,XX-Large,3
01HPYDWMXZ84PT2Z0AYCZCF3J4,8/14/2023,mfilyaevcy@vimeo.com,Maryjane,Filyaev,59 Boyd Road,Sweden,Tshirt,Large,1
01HPYDWMY1CBEFTFX6XSEGDDVH,1/10/2023,cshimukcz@mtv.com,Carlynne,Shimuk,451 West Circle,United States,Tshirt,Large,2
01HPYDWMY35WJ3SBK108S5MTVG,4/26/2023,pchesleyd0@fotki.com,Poul,Chesley,44143 Mariners Cove Court,Sweden,Scarf,Medium,3
01HPYDWMY5KYKZP8WG90KCYZJ8,11/19/2023,hteasdaled1@sphinn.com,Hana,Teasdale,4 Continental Avenue,Brazil,Hoody,XX-Large,3
01HPYDWMY71PW5W6SM66YRKA7J,11/25/2023,kmcquirterd2@utexas.edu,Kizzie,McQuirter,3 Evergreen Court,Brazil,Shorts,XX-Large,3
01HPYDWMY919PVYB9E8PP17CM7,6/21/2023,ljaquetd3@bloglines.com,Lorilee,Jaquet,7598 Superior Pass,Brazil,Hat,Medium,2
01HPYDWMYAVCEP2X20179YRMRP,5/2/2023,bpotterild4@skyrock.com,Brewster,Potteril,68 Londonderry Point,Nigeria,Scarf,Medium,1
01HPYDWMYC6DQEZTGXWM4C9PSF,2/26/2023,clawfuld5@drupal.org,Colet,Lawful,8 Del Mar Parkway,Brazil,Scarf,Small,1
01HPYDWMYE6SAV7PD7QW1KECZ2,7/11/2023,skuzemkad6@dailymail.co.uk,Simonette,Kuzemka,08117 Quincy Trail,Uganda,Sweater,Large,3
01HPYDWMYG22P22ZSPD412JREV,3/21/2023,zrichfieldd7@issuu.com,Zachariah,Richfield,2 Kinsman Center,Brazil,Shorts,Small,3
01HPYDWMYJNCHNK5CFP3PKQBTZ,1/16/2023,rgirdwoodd8@vimeo.com,Rocky,Girdwood,508 Waubesa Crossing,Ireland,Tshirt,Medium,3
01HPYDWMYMP9CXKCQJNGJRTRFP,4/7/2023,rderislyd9@ted.com,Revkah,Derisly,4 Merry Park,Uruguay,Shorts,Large,3
01HPYDWMYP22DK53RARM092RE8,10/29/2023,obumfordda@arizona.edu,Ondrea,Bumford,8 Forest Dale Drive,Chile,Hoody,Medium,3
01HPYDWMYQESSZ6XSAB75PTWRK,3/1/2023,jnobrigadb@flavors.me,Jasper,Nobriga,27836 Forest Run Pass,United States,Sweater,Medium,4
01HPYDWMYST4C3K0YYVR54FF52,9/19/2023,btrailldc@scribd.com,Bryn,Traill,68962 Novick Place,Canada,Hoody,Medium,4
01HPYDWMYV482H1731HMFQWCJ3,6/13/2023,tcottrelldd@google.ru,Toddie,Cottrell,54 Lunder Parkway,Brazil,Hoody,Large,2
01HPYDWMYX3VW6VSFZDBG7Y260,7/19/2023,gnardrupde@ibm.com,Giselbert,Nardrup,759 Express Way,United States,Scarf,X-Large,3
01HPYDWMYZ6G7TDEX6QABAAF8M,1/6/2023,droubottomdf@icio.us,De,Roubottom,7764 Village Court,Germany,Jacket,Medium,3
01HPYDWMZ1QZVB0NP6N015NZ4R,5/5/2023,nbosleydg@fema.gov,Nicko,Bosley,6 Aberg Avenue,Brazil,Shorts,Small,2
01HPYDWMZ3M2ZMMH0C7BJ6RKY5,4/26/2023,bdrewsdh@facebook.com,Brittne,Drews,13555 Fisk Circle,Argentina,Tshirt,Large,3
01HPYDWMZ5E7VGJ2Q5FABEGA24,5/25/2023,phollindaledi@github.io,Palmer,Hollindale,83831 Dawn Junction,Chile,Sweater,X-Large,1
01HPYDWMZ78SDCWJ6BVMM8M9S9,10/1/2023,kalbertidj@fema.gov,Ker,Alberti,90387 Luster Alley,Germany,Hoody,XX-Large,1
01HPYDWMZ9WAYYP88BHX28M7F4,10/19/2023,tcollsdk@technorati.com,Theressa,Colls,81 Glacier Hill Road,Canada,Tshirt,Medium,3
01HPYDWMZAE522J0ARBZBMM4FG,7/20/2023,jtarndl@artisteer.com,Junia,Tarn,27 Raven Pass,Norway,Scarf,Medium,3
01HPYDWN066YK2F5KQRQ4DFQTS,3/31/2023,xgoddmandm@bizjournals.com,Xever,Goddman,4 Cordelia Lane,Canada,Sweater,X-Large,1
01HPYDWN08V5NT0C83BH7G24FR,5/26/2023,jmcdunlevydn@google.es,Janeta,McDunlevy,26 Basil Road,France,Hoody,X-Large,1
01HPYDWN0A52KJXWEJNE5P9MG6,8/12/2023,mlippinido@delicious.com,Marchelle,Lippini,65 Starling Way,Peru,Shorts,Large,3
01HPYDWN0C73V03J7KJ1MR6NPY,6/12/2023,jotterwelldp@un.org,Janek,Otterwell,25829 Longview Drive,United States,Tshirt,X-Large,1
01HPYDWN0FYH5SXMK9KXB16W27,7/16/2023,jshuxsmithdq@engadget.com,Jock,Shuxsmith,91512 Columbus Center,Nigeria,Jacket,Large,3
01HPYDWN0HTT9MDSRFGZRP302R,7/28/2023,fhoopperdr@auda.org.au,Fax,Hoopper,60 Bultman Center,United States,Shorts,Medium,1
01HPYDWN0KB273P6CVC6TSTSTN,9/14/2023,vearleyds@pbs.org,Vilhelmina,Earley,84031 Dryden Street,Sweden,Scarf,X-Large,1
01HPYDWN0N74BK50QJKY1TB25T,8/26/2023,bdallawaydt@jimdo.com,Bernette,Dallaway,74509 Sundown Road,Spain,Gloves,Medium,3
01HPYDWN0Q87DQEGXP59TJ6V3W,2/27/2023,esweetingdu@dyndns.org,Easter,Sweeting,48763 Melrose Way,Canada,Scarf,Large,1
01HPYDWN0SQ1QS5QGTMDR02WJT,1/14/2023,beclesdv@forbes.com,Bing,Ecles,674 Boyd Junction,Sweden,Shorts,Large,4
01HPYDWN0VRBXCPREK2TWDGD25,10/19/2023,kservantdw@lulu.com,Kirby,Servant,37344 Forster Trail,Sweden,Scarf,Small,2
01HPYDWN0XVVG2KBN0PQX6K10J,2/21/2023,ggooldingdx@google.com.br,Gabrila,Goolding,8 Eastlawn Pass,United States,Tshirt,Medium,1
01HPYDWN0Z2GCTQM69DHQFQ07M,9/14/2023,oferreirody@mapy.cz,Oralee,Ferreiro,9230 Lakewood Gardens Pass,Peru,Tshirt,Small,1
01HPYDWN11QBM1WTH6J804FBF0,10/15/2023,mbolingbrokedz@narod.ru,Mariele,Bolingbroke,555 Quincy Court,Uruguay,Jacket,X-Large,3
01HPYDWN130EYBEKEC8QE4QQCE,12/22/2023,aalbertie0@ucla.edu,Aldin,Alberti,1 International Trail,Sweden,Tshirt,X-Large,3
01HPYDWN1507QQPD1XZ26ZA8YZ,7/17/2023,bmacleode1@rediff.com,Berni,MacLeod,3 Morningstar Hill,Peru,Tshirt,Large,1
01HPYDWN169SRTM4W8FZSYT7CX,9/18/2023,evasicheve2@examiner.com,Edsel,Vasichev,80 Novick Street,Brazil,Hat,Large,4
01HPYDWN18C86A5ME3BM2J55AM,11/17/2023,rpeatheyjohnse3@surveymonkey.com,Rustie,Peatheyjohns,58 Chinook Point,France,Tshirt,Small,4
01HPYDWN1ACTZ8J4TNBXX5A1MK,3/24/2023,rlamerse4@gnu.org,Rochette,Lamers,902 Crescent Oaks Pass,United States,Sweater,Medium,4
01HPYDWN1DXKW72QMF69PQTQ1A,3/8/2023,phughmane5@gnu.org,Piggy,Hughman,614 Grasskamp Lane,Brazil,Hoody,Medium,1
01HPYDWN1EYXNXDQWRRRT0H7WJ,2/28/2023,bdelaspeee6@state.tx.us,Bendix,De Laspee,2319 Haas Way,Sweden,Tshirt,Medium,3
01HPYDWN1G68SMHPFRBVHQSXE3,1/22/2023,avanhalene7@usgs.gov,Adams,Van Halen,1509 Harbort Hill,Argentina,Jacket,Large,3
01HPYDWN1JDEEKA7SVAZZ2BABM,1/24/2023,nchetwine8@usatoday.com,Nichole,Chetwin,690 Esker Place,Peru,Hat,Large,4
01HPYDWN1MGKF4BK20R9Y77ACG,11/19/2023,pcroye9@microsoft.com,Poppy,Croy,9 Corry Drive,Sweden,Tshirt,X-Large,2
01HPYDWN1PACMB7R96BD02VA2R,7/3/2023,mambersonea@google.ru,Marcello,Amberson,6397 Portage Hill,Brazil,Tshirt,X-Large,2
01HPYDWN1RFQAVPNAV3ZQQWBHY,3/2/2023,wnaileb@salon.com,Wilhelm,Nail,7 Lien Street,Brazil,Tshirt,Medium,2
01HPYDWN1TN7QSBNNK4Z154VNA,5/1/2023,bskelbeckec@usda.gov,Brandea,Skelbeck,8 Drewry Trail,Brazil,Sweater,X-Large,3
01HPYDWN1WX59VTN878NB98R7B,10/22/2023,dbaseked@dot.gov,Dacie,Basek,2686 Goodland Parkway,Brazil,Sweater,Large,3
01HPYDWN1YH16S87H0DAX2ZEW4,4/14/2023,mgarralsee@wikia.com,Merlina,Garrals,332 Kipling Point,Uganda,Jacket,Medium,3
01HPYDWN20BWV3Z2PZFBWB1H0W,8/22/2023,ndunlapef@census.gov,Natal,Dunlap,54 Waywood Trail,Canada,Jacket,XX-Large,4
01HPYDWN22EB4HJ5WKHG1A9PEX,5/23/2023,eglideeg@mapquest.com,Ermin,Glide,8084 Summer Ridge Street,Nigeria,Tshirt,Medium,4
01HPYDWN24Z1TQDHMTHFQNEBJE,5/15/2023,hmckiddineh@a8.net,Harrietta,McKiddin,20462 Muir Junction,Brazil,Scarf,Large,2
01HPYDWN25S2BBJZNTGXQJKPBV,11/11/2023,iborsiei@eepurl.com,Issy,Borsi,9404 West Pass,France,Shorts,Small,1
01HPYDWN27EBCEFF7Q2QPA3RCX,11/1/2023,liliffej@1688.com,Lexis,Iliff,5 Sundown Crossing,Canada,Tshirt,Large,3
01HPYDWN2905SBGKV6SGDJP13N,2/8/2023,astrangerek@networkadvertising.org,Andras,Stranger,32971 Truax Street,Sweden,Hoody,Large,1
01HPYDWN2B49S3W4BAA8J6A39C,2/17/2023,baingellel@merriam-webster.com,Bridgette,Aingell,64 Porter Junction,United States,Shorts,Large,4
01HPYDWN2DDESQ27T197MJ0ED8,12/20/2023,erowem@addthis.com,Elicia,Row,58653 Dexter Lane,Sweden,Tshirt,Medium,4
01HPYDWN2F543H1DM7B8VC1YN9,10/30/2023,oberken@dedecms.com,Oswald,Berk,834 Corscot Alley,France,Jacket,Medium,3
01HPYDWN2H2KC0S7DC8W6SNZXZ,7/5/2023,wnewrickeo@huffingtonpost.com,Walther,Newrick,495 Fisk Center,France,Tshirt,Medium,1
01HPYDWN2KJ18BP2D8FR5ATPRP,1/18/2023,hdecreuzeep@lulu.com,Hermina,Decreuze,35 Stoughton Street,France,Hoody,Small,3
01HPYDWN2NXYNZH5C7CZ55NY8D,2/14/2023,pjellardeq@webs.com,Peg,Jellard,4 Green Ridge Way,Brazil,Tshirt,Medium,2
01HPYDWN2QJXKHYSCVNCWQNY5J,8/24/2023,ptraviser@psu.edu,Pancho,Travis,644 Orin Avenue,Bosnia and Herzegovina,Tshirt,Large,4
01HPYDWN2SRN1CXGNF08J0R40S,12/13/2023,vpragnelles@redcross.org,Vasily,Pragnell,73231 Acker Point,Peru,Tshirt,Medium,4
01HPYDWN2VSNTZ8NNSN6C8SBQZ,5/16/2023,cdayborneet@cornell.edu,Cornall,Dayborne,6 Ridgeview Court,United States,Tshirt,X-Large,3
01HPYDWN2X8XBDZ0A40QZA9HE7,6/29/2023,abayleseu@census.gov,Adrea,Bayles,6082 Nobel Place,Peru,Sweater,Large,4
01HPYDWN2ZMYS535N9DYPN8E99,7/29/2023,rgrigoriscuev@twitpic.com,Rowen,Grigoriscu,7152 Main Pass,Sweden,Tshirt,Small,4
01HPYDWN31W6C4NK95CYPB5QVY,11/8/2023,gneateew@nhs.uk,Giffy,Neate,5 Pankratz Parkway,France,Sweater,Large,4
01HPYDWN33D0S2J5KT1FKWDA0J,10/4/2023,wjansieex@netscape.com,Wayne,Jansie,70151 Holmberg Trail,Sweden,Scarf,X-Large,2
01HPYDWN35WHJQ2BGZFDP35RN3,7/25/2023,lwordeney@addtoany.com,Lonni,Worden,5666 Golden Leaf Avenue,Peru,Tshirt,X-Large,1
01HPYDWN37TFHB290JN5GZG8D8,11/20/2023,cslydeez@oakley.com,Cordie,Slyde,00 Sheridan Place,Nigeria,Sweater,XX-Large,3
01HPYDWN39TGR2QPSYQ59NAATB,11/3/2023,estathersf0@youtube.com,Eddy,Stathers,3 Elka Crossing,Uganda,Shorts,Large,3
01HPYDWN3BK9T9GZXSJG059QZE,7/5/2023,agiberdf1@ow.ly,Axe,Giberd,138 Service Circle,United Kingdom,Shorts,XX-Large,1
01HPYDWN3C9KYH2GXTVBKCZKY8,10/9/2023,dcuppleditchf2@bloglovin.com,Diane-marie,Cuppleditch,58 Corry Junction,Brazil,Sweater,Medium,1
01HPYDWN3EG9WC1E2P4T8SY8FN,7/16/2023,cpynef3@yellowpages.com,Celeste,Pyne,187 Clyde Gallagher Avenue,Canada,Sweater,Large,1
01HPYDWN3GGNPRFGC2TPVCSZPX,8/10/2023,jhuckf4@nba.com,Jordain,Huck,864 Milwaukee Terrace,France,Tshirt,Large,3
01HPYDWN3JXT80Y7VBS5KQBBEB,1/24/2023,bharbinsonf5@rakuten.co.jp,Beatrisa,Harbinson,9 Gina Drive,Sweden,Sweater,Medium,2
01HPYDWN3M23W2G8TRV03HE001,4/14/2023,umcknielyf6@msu.edu,Upton,McKniely,15 Park Meadow Pass,Sweden,Scarf,XX-Large,3
01HPYDWN3P7FC1B2VV729VZXBB,4/5/2023,nsnalomf7@discuz.net,Noel,Snalom,162 Haas Avenue,Norway,Scarf,Large,2
01HPYDWN3SGRBDPFX0GYTETJD2,4/1/2023,mnittif8@home.pl,Maryellen,Nitti,793 Myrtle Alley,Brazil,Sweater,Large,2
01HPYDWN3VGXTTR39AMWZENHZB,8/15/2023,kgateshillf9@nbcnews.com,Kingston,Gateshill,0541 Talmadge Way,Italy,Sweater,Medium,4
01HPYDWN3YEY3BH2SFMYR23WW8,4/28/2023,wgiacovazzofa@wunderground.com,Willey,Giacovazzo,655 Sycamore Terrace,Spain,Jacket,Medium,1
01HPYDWN41RBYXS9Y6FJERQK1T,7/29/2023,sbowichfb@cloudflare.com,Skipper,Bowich,977 American Ash Crossing,Argentina,Hoody,X-Large,2
01HPYDWN4410VBBJZESF7BJBGV,3/15/2023,hmacdaidfc@nymag.com,Honey,MacDaid,5262 Mosinee Crossing,Canada,Tshirt,XX-Large,1
01HPYDWN46ZGRCEY2TGRCR3CV7,7/3/2023,ohyldenfd@cnn.com,Obadias,Hylden,27 East Street,Argentina,Tshirt,Large,3
01HPYDWN49B1Z41RH31Y47VJXK,5/23/2023,bmccurtinfe@homestead.com,Bennie,McCurtin,68501 Erie Street,Argentina,Shorts,XX-Large,2
01HPYDWN4CGKP6KTQNZ72693DA,2/7/2023,gkristofferssonff@amazon.com,Gertrudis,Kristoffersson,915 Dorton Center,Canada,Hoody,Small,2
01HPYDWN4E0DJJKPHA3P9A4QCQ,6/5/2023,fduggetfg@list-manage.com,Frayda,Dugget,1847 Straubel Way,Sweden,Scarf,X-Large,2
01HPYDWN4HHHS551SDBYQQ3Z7N,3/8/2023,aartharsfh@wired.com,Amandi,Arthars,907 Namekagon Way,Bosnia and Herzegovina,Tshirt,Medium,3
01HPYDWN4K2YNBFS01X69G9JNS,6/12/2023,wcopleyfi@usda.gov,Wilek,Copley,16 Cherokee Street,United States,Hoody,Large,3
01HPYDWN4NTGJQ80P0PV23NTVY,8/10/2023,hhedanfj@google.ca,Hetti,Hedan,0354 Valley Edge Lane,Sweden,Hat,Medium,2
01HPYDWN4QAHCSFR2JN74H6BY7,6/15/2023,sdemendozafk@chronoengine.com,Sophronia,de Mendoza,4617 Hoepker Lane,Sweden,Tshirt,Large,3
01HPYDWN4S79KHMGGT9WEFFKTF,6/22/2023,hcudmorefl@usa.gov,Hubert,Cudmore,4 Cambridge Alley,Sweden,Jacket,XX-Large,1
01HPYDWN4WMVZX5RT3K66D716X,8/10/2023,cgaunsonfm@diigo.com,Carleen,Gaunson,4761 Buhler Pass,Argentina,Jacket,Small,1
01HPYDWN4Y5W0V6MF6T2K8XPGW,2/24/2023,nconradsenfn@canalblog.com,Neall,Conradsen,4 Independence Park,Nigeria,Hoody,Small,1
01HPYDWN50T8NY3EZAWKA76G12,9/7/2023,idennisonfo@sfgate.com,Irina,Dennison,997 Express Terrace,Brazil,Hoody,Medium,4
01HPYDWN52QE8TKGYXGQKBYMG3,12/7/2023,gleistfp@chron.com,Gypsy,Leist,995 Bluestem Center,Brazil,Scarf,Small,1
01HPYDWN55MCA0A42RF8V1VRAT,12/24/2023,csowterfq@google.ca,Conchita,Sowter,007 Reinke Court,Argentina,Sweater,X-Large,4
01HPYDWN57D8EQ1Y7AQMYZTKNB,8/3/2023,akindlefr@apple.com,Adan,Kindle,1 Hovde Hill,Peru,Hoody,Small,2
01HPYDWN59HB34B7KA89PYSCM2,12/7/2023,hpetrushkafs@yahoo.co.jp,Hedda,Petrushka,5521 Dunning Terrace,Norway,Hat,Medium,2
01HPYDWN5CFJG1H7S8JD9YAXQC,1/22/2023,clallyft@intel.com,Christine,Lally,04280 Fisk Junction,United States,Tshirt,Medium,4
01HPYDWN5EM5FN0W9CJXWKCNA4,1/21/2023,hjirusfu@1und1.de,Hinze,Jirus,4466 Claremont Terrace,Germany,Hoody,X-Large,1
01HPYDWN5HNPQ8BP80X8CZNHQY,10/17/2023,vsackurfv@i2i.jp,Valentino,Sackur,58 Ilene Crossing,Peru,Jacket,Medium,4
01HPYDWN5JZT1211YZQGKP2TBH,4/11/2023,spettingillfw@deliciousdays.com,Stillmann,Pettingill,438 Milwaukee Place,Brazil,Shorts,Large,2
01HPYDWN5KVJHD4S078S9NZP8N,3/15/2023,mnemchinovfx@scientificamerican.com,Mirabelle,Nemchinov,5375 Straubel Street,France,Tshirt,XX-Large,1
01HPYDWN5MFHQ2KZY921JJKPMG,4/27/2023,fesmondfy@elegantthemes.com,Faustina,Esmond,06 Crest Line Terrace,Argentina,Sweater,Medium,1
01HPYDWN5PCHR2RTKB01V5WC5N,2/8/2023,rcarstairsfz@macromedia.com,Rriocard,Carstairs,7546 Buell Trail,Nigeria,Hat,Large,2
01HPYDWN5Q01G66CFRZK3TSSAB,5/1/2023,mjanceyg0@census.gov,Morganne,Jancey,8623 Vermont Pass,Nigeria,Scarf,Medium,1
01HPYDWN5REJ51AZ0MASA5NEX4,11/19/2023,jdenverg1@stumbleupon.com,Jone,Denver,1193 Claremont Crossing,Brazil,Hoody,Medium,3
01HPYDWN5TZKF7BRBJ4HZPBRT6,6/21/2023,bfullegarg2@skype.com,Bianca,Fullegar,31981 Memorial Way,Chile,Tshirt,XX-Large,4
01HPYDWN5VMYGG7G8NW31DFB2S,10/4/2023,mgherarduccig3@nih.gov,Mohammed,Gherarducci,681 Vidon Crossing,Nigeria,Hoody,Medium,3
01HPYDWN5WQEJ8RG3Z775NTBZE,3/30/2023,hdungayg4@studiopress.com,Herrick,Dungay,63136 Portage Alley,Brazil,Hoody,Large,2
01HPYDWN5ZWGX88TVA7765CPKJ,5/31/2023,myeag5@columbia.edu,Mallory,Yea,894 Knutson Avenue,Brazil,Hoody,Large,4
01HPYDWN60CZ9NC6351RW5XWC3,10/28/2023,jbortolig6@ovh.net,Janeva,Bortoli,4 Fieldstone Park,Argentina,Hoody,Large,4
01HPYDWN62YMFGKNGTYAN7SQ38,11/6/2023,cdavering7@moonfruit.com,Chery,Daverin,94143 Lotheville Center,Brazil,Tshirt,Small,4
01HPYDWN63J9ETEHXKR66G8TB0,7/4/2023,njumelg8@microsoft.com,Nickie,Jumel,6432 Pond Junction,Argentina,Hoody,Large,3
01HPYDWN6413F5XK45VCJ1AMV5,4/25/2023,njewissg9@woothemes.com,Nanine,Jewiss,2620 Pine View Circle,Chile,Scarf,XX-Large,2
01HPYDWN65747V5BF8Q5XED49F,3/4/2023,sducketga@wikimedia.org,Shane,Ducket,809 Park Meadow Drive,United States,Tshirt,Medium,3
01HPYDWN675JEBBEXHTPSRAA5Q,10/31/2023,cspauntongb@google.it,Cherise,Spaunton,00323 Portage Alley,France,Tshirt,Small,2
01HPYDWN69NBQ208P371FRBCWD,9/7/2023,rcauderliegc@ucoz.ru,Renae,Cauderlie,212 Michigan Crossing,Brazil,Hat,XX-Large,1
01HPYDWN6C0R94ZJK5TN08S60H,8/28/2023,mmacpikegd@xing.com,Margot,MacPike,1 Rusk Point,Peru,Shorts,Medium,3
01HPYDWN6EVJ0XEWGDQ6PG7SGK,12/28/2023,lhamssonge@freewebs.com,Lynnett,Hamsson,12289 Florence Avenue,France,Shorts,Small,2
01HPYDWN6GHCHT8X4E7FBA9B93,2/4/2023,sdericotgf@flavors.me,Sherm,Dericot,64195 Johnson Place,Ireland,Jacket,Small,4
01HPYDWN6JGMMK2B2YTXJ24GXE,3/18/2023,ffearneygg@freewebs.com,Finn,Fearney,48284 Manitowish Place,Brazil,Jacket,Medium,3
01HPYDWN6N0Z3B94S132T8NMM7,6/24/2023,cvasilkovgh@arizona.edu,Cati,Vasilkov,22 Packers Alley,United Kingdom,Tshirt,Medium,2
01HPYDWN6QD9150533JTJR5DDQ,12/15/2023,heynaudgi@canalblog.com,Hillier,Eynaud,45469 Del Sol Parkway,Italy,Gloves,Small,1
01HPYDWN6SQF41RQSSVBDMAXA6,7/19/2023,cnutmangj@phpbb.com,Cosmo,Nutman,8204 Mayer Parkway,Chile,Tshirt,Medium,4
01HPYDWN6V9ZH8MCZRZQ7ZBG26,1/3/2023,acopoziogk@dagondesign.com,Atlante,Copozio,79569 Rieder Avenue,Canada,Tshirt,Small,1
01HPYDWN6WEZTNX05DCKKCT4N6,9/17/2023,pguiongl@bbb.org,Peta,Guion,7686 Chinook Alley,Germany,Hoody,X-Large,2
01HPYDWN6YQ0EPG8E51944P6E0,1/28/2023,cgoodridgegm@rambler.ru,Creigh,Goodridge,4304 Maywood Hill,Sweden,Tshirt,Medium,1
01HPYDWN70H5AQZYPHPRMFPZTM,5/31/2023,gferrargn@cnn.com,Gayla,Ferrar,64 Bay Alley,Sweden,Shorts,X-Large,1
01HPYDWN73G3BW5EQZ2J9JERMF,3/8/2023,lhatreygo@yellowpages.com,Leigh,Hatrey,0 Lillian Place,France,Hoody,Large,3
01HPYDWN750QXFQPB6YHPW5B0M,3/28/2023,wpennicottgp@bloglovin.com,William,Pennicott,19 Anhalt Junction,Germany,Tshirt,Medium,4
01HPYDWN77TQRH4GKAGMP9YV6D,8/1/2023,lmorenagq@cmu.edu,Lennard,Morena,3858 Anderson Park,Brazil,Scarf,Medium,3
01HPYDWN78DR27QDS4F3RAXAAZ,12/2/2023,byarngr@blog.com,Bax,Yarn,65 Oriole Trail,United States,Tshirt,Large,4
01HPYDWN7B3EY0WJ88S11555YK,2/4/2023,dboobiergs@usgs.gov,Daisy,Boobier,63 Dayton Center,Peru,Hoody,X-Large,3
01HPYDWN7D1MD17DHWFCCE6BVV,6/6/2023,jdouringt@etsy.com,Joscelin,Dourin,19 Comanche Hill,Australia,Shorts,Large,1
01HPYDWN7G94X7YHC11MJ304EF,12/19/2023,sropartzgu@xinhuanet.com,Saleem,Ropartz,52 Fairview Park,Norway,Tshirt,Large,3
01HPYDWN7J2HSSQD987SH53D5Y,7/21/2023,asoignegv@list-manage.com,Andra,Soigne,16264 Arapahoe Pass,Brazil,Hoody,Large,3
01HPYDWN7MSC1FH1ECGDXM5MG4,10/31/2023,rmathevetgw@cbsnews.com,Ronda,Mathevet,83276 Steensland Trail,Canada,Tshirt,Medium,1
01HPYDWN7PJCSAFYDE9C494YW7,9/1/2023,idanilewiczgx@psu.edu,Ivonne,Danilewicz,41558 Texas Terrace,Sweden,Hoody,Large,3
01HPYDWN7QG3N8C775X5WAD4WZ,10/9/2023,rprewergy@addthis.com,Rena,Prewer,303 Stoughton Pass,France,Scarf,Large,4
01HPYDWN7SD5MA8NTKV167GJHR,1/5/2023,vbasiliogz@opensource.org,Vitoria,Basilio,254 Green Ridge Point,Canada,Tshirt,Medium,2
01HPYDWN7TS57B3RC766FSFP3M,10/9/2023,cnannih0@nyu.edu,Charleen,Nanni,5 Nevada Place,Brazil,Shorts,Medium,3
01HPYDWN7X7HSFDVBP7FRVTGQC,5/12/2023,cwherrith1@rediff.com,Candice,Wherrit,621 Red Cloud Terrace,France,Hat,Large,2
01HPYDWN7Y8E9E2P2XZ58DMQ2N,12/23/2023,edebiasioh2@hexun.com,Emerson,De Biasio,706 Menomonie Point,France,Gloves,Medium,2
01HPYDWN81DA1WARBM4BMT2QDV,12/27/2023,ecastelijnh3@cafepress.com,Ema,Castelijn,342 Moulton Point,United Kingdom,Sweater,Medium,2
01HPYDWN82ZD0DY170QBNN4VV5,1/27/2023,alilloh4@adobe.com,Andeee,Lillo,173 Hazelcrest Alley,Sweden,Hat,Small,4
01HPYDWN83FC2Q2R4S6J3XWF77,1/1/2023,tcowellh5@cyberchimps.com,Tarrah,Cowell,39 Bluejay Point,Nigeria,Tshirt,XX-Large,3
01HPYDWN8EY5BDZD7D25ZPPK5S,5/2/2023,skippingh6@discuz.net,Salem,Kipping,302 Barby Road,Sweden,Tshirt,X-Large,1
01HPYDWN8F67GERT6CKAB39KQT,2/15/2023,avasyukhnovh7@businessweek.com,Almira,Vasyukhnov,521 Loftsgordon Park,Peru,Hat,Large,4
01HPYDWN8JERAZ2RXHZ55RKR4H,12/28/2023,jdilliwayh8@slate.com,Juditha,Dilliway,77 Emmet Trail,France,Scarf,Large,2
01HPYDWN8MH05S2A4ZCND7QZNC,7/26/2023,gautieh9@artisteer.com,Gerhard,Autie,1 Dorton Road,Nigeria,Scarf,Large,4
01HPYDWN8NSA4KDZPJJRBRDMD8,6/15/2023,ahearndenha@photobucket.com,Allis,Hearnden,056 Ridgeview Junction,Sweden,Shorts,Small,3
01HPYDWN8PVFKD7R4EFE2V1PGM,12/11/2023,cgonnelyhb@wordpress.org,Conn,Gonnely,1625 Redwing Plaza,France,Gloves,Large,3
01HPYDWN8SR5WYSZK62NTQWDSX,2/17/2023,cbohlerhc@intel.com,Carola,Bohler,89 Victoria Alley,Sweden,Tshirt,Medium,1
01HPYDWN8TSHAJPPQZJR1J5N0W,9/25/2023,rcooksleyhd@foxnews.com,Renelle,Cooksley,0 Burrows Road,United States,Gloves,Small,1
01HPYDWN8V9B615Q2CKS37GCBQ,4/29/2023,ctabbitthe@ed.gov,Clementina,Tabbitt,44 Lunder Crossing,Peru,Hat,Large,3
01HPYDWN8XW8403RA8W1SX8861,12/29/2023,aperritthf@prlog.org,Adela,Perritt,305 Laurel Place,Sweden,Tshirt,XX-Large,2
01HPYDWN8Z5X1WWRAP1VCBM938,5/22/2023,slimbhg@unc.edu,Sutherlan,Limb,4 Helena Drive,Norway,Scarf,Medium,1
01HPYDWN921WX6ZX8G5P5SW8ZD,6/7/2023,nspilstedhh@1und1.de,Nonnah,Spilsted,316 Lukken Point,Brazil,Shorts,Medium,1
01HPYDWN949N2DBN8MXS0R8XX7,4/22/2023,smarpleshi@dot.gov,Salvador,Marples,4 Leroy Plaza,Chile,Shorts,Small,4
01HPYDWN96MWWCXDQJ7FD5KXW2,2/10/2023,enettihj@i2i.jp,Elli,Netti,0 Montana Hill,Peru,Scarf,XX-Large,2
01HPYDWN97ZVF1GQMXW9HCX763,9/6/2023,mduffithk@economist.com,Marabel,Duffit,05 Merrick Center,Brazil,Hoody,Medium,4
01HPYDWN99FK9Z3XZV78FC9B8E,5/2/2023,spetfordhl@domainmarket.com,Stacy,Petford,476 Hovde Terrace,Sweden,Hat,Small,1
01HPYDWN9A4282WPFMP4R3PAPE,3/21/2023,wschruurhm@cyberchimps.com,Wanda,Schruur,6 Melvin Terrace,Argentina,Hoody,Small,1
01HPYDWN9B63XV0DVD2V6JZ4Y6,11/6/2023,eflindershn@mlb.com,Eduino,Flinders,14922 Mccormick Plaza,Brazil,Tshirt,XX-Large,1
01HPYDWN9DHR45VP1089ZT8J81,1/22/2023,ptallboyho@twitter.com,Paulita,Tallboy,11 Melvin Street,Sweden,Hoody,Large,2
01HPYDWN9GSD4F8W19XMVZBSW3,4/19/2023,clovstromhp@com.com,Colline,Lovstrom,998 Shasta Pass,France,Hoody,Medium,2
01HPYDWN9K6APQDYNGSQT5D9VC,7/31/2023,cfairallhq@weather.com,Corey,Fairall,4801 Thackeray Center,Canada,Sweater,XX-Large,1
01HPYDWN9N9YFDHWQEHR976BEJ,2/9/2023,cdalglieshhr@china.com.cn,Christoph,Dalgliesh,54 Karstens Park,Uganda,Tshirt,Medium,4
01HPYDWN9QWQCCX148MQSM0S7W,12/15/2023,kendeanhs@nytimes.com,Kenneth,Endean,280 Garrison Center,Nigeria,Tshirt,Small,3
01HPYDWN9RQRN58TRJ7512QBA0,2/17/2023,zkeenanht@thetimes.co.uk,Zarah,Keenan,81 Kennedy Parkway,Canada,Tshirt,Medium,1
01HPYDWN9V1HQSXX4VS5AMYD50,7/6/2023,jbushellhu@linkedin.com,Janos,Bushell,201 Shopko Court,Nigeria,Hoody,XX-Large,1
01HPYDWN9XST6ZED1NX52KZ4PF,4/18/2023,ldaingerfieldhv@360.cn,Lenna,Daingerfield,32268 Mesta Plaza,Bosnia and Herzegovina,Hoody,Large,2
01HPYDWNA0ETJX88VAGF994P2H,11/3/2023,kpimbleyhw@answers.com,Kirsti,Pimbley,52967 Lighthouse Bay Street,United States,Hoody,Medium,1
01HPYDWNA31M6P4B9M15R9JQSD,11/13/2023,ebutterfillhx@diigo.com,Emmey,Butterfill,39 Texas Point,Brazil,Hoody,Medium,2
01HPYDWNA6F19B9KCC6VFTYR00,11/11/2023,ranthonhy@list-manage.com,Rustin,Anthon,806 Wayridge Circle,Ireland,Scarf,XX-Large,4
01HPYDWNA8T779GRJX3XMAKMD1,7/22/2023,vbestimanhz@desdev.cn,Vanni,Bestiman,80920 Columbus Street,Brazil,Hoody,XX-Large,3
01HPYDWNAAE1SM931WXWZEVY08,12/30/2023,kgiovannii0@i2i.jp,Kelcey,Giovanni,5674 Basil Hill,France,Jacket,Large,3
01HPYDWNAD4VF8R5ZMJG0E2VRJ,12/16/2023,akarchewskii1@google.pl,Annabell,Karchewski,4156 Karstens Court,Canada,Tshirt,Medium,4
01HPYDWNAGCHMKYFPRQ5DZWYS9,6/11/2023,sbreconi2@e-recht24.de,Sherilyn,Brecon,83 Morningstar Parkway,Brazil,Tshirt,Large,3
01HPYDWNAJ558HK3S3X6E825J0,10/14/2023,ccoppeardi3@fotki.com,Constantia,Coppeard,28768 Hanover Park,Brazil,Shorts,Small,4
01HPYDWNANQ79B8TJA1ZZ3AMQM,5/3/2023,cpetroui4@epa.gov,Corrie,Petrou,727 Jana Crossing,Argentina,Tshirt,Large,2
01HPYDWNARMDDVY8BE1A8HA0GZ,6/2/2023,afeldharkeri5@fema.gov,Amalle,Feldharker,94473 Dwight Place,Brazil,Tshirt,Medium,4
01HPYDWNAT2B5DA0QAHC4X2MXW,1/8/2023,ospilletti6@nbcnews.com,Oona,Spillett,10 Mariners Cove Pass,Ireland,Hoody,Large,3
01HPYDWNAVMVPYJTJV1XGVAPBE,10/29/2023,ggrimwoodi7@tumblr.com,Gabriella,Grimwood,8543 Blackbird Parkway,United States,Scarf,Medium,3
01HPYDWNAX768TVKH7XAS644WE,5/28/2023,wedinboroughi8@multiply.com,Wood,Edinborough,919 Paget Place,Canada,Hoody,Medium,3
01HPYDWNB0Z7FYKB6WQG48FCET,7/9/2023,sellowayi9@unesco.org,Si,Elloway,77927 Pawling Alley,Peru,Sweater,Medium,2
01HPYDWNB2CNE0RQVWRVA531SQ,1/8/2023,hstedellia@theatlantic.com,Hewie,Stedell,9770 5th Road,Brazil,Scarf,Large,4
01HPYDWNB563YP2TE8DFJ4F55N,6/26/2023,rcranneyib@myspace.com,Randolf,Cranney,31 Sutherland Alley,Peru,Tshirt,XX-Large,1
01HPYDWNB8E58C92S6Y003QEQH,11/21/2023,alubeckic@shinystat.com,Arlie,Lubeck,996 Northfield Lane,France,Shorts,Small,4
01HPYDWNBA5C1MHEEESCBBJNQ3,4/5/2023,repinayid@biblegateway.com,Rosalinda,Epinay,6366 Old Gate Park,Brazil,Hoody,Medium,1
01HPYDWNBDFJZY7BH01G4WRQ2W,1/24/2023,cianittelloie@linkedin.com,Clem,Ianittello,9833 Continental Terrace,Canada,Tshirt,Large,2
01HPYDWNBG1Z0H3QNFKAEKPVAY,10/7/2023,ksyerif@hatena.ne.jp,Karmen,Syer,1733 Everett Pass,Sweden,Hoody,XX-Large,1
01HPYDWNBJ3QMGYWC5KMSVJ2W1,4/25/2023,blenardig@virginia.edu,Birch,Lenard,74 Cherokee Crossing,United States,Hoody,Small,1
01HPYDWNBKANF88K292RANYV1Q,9/29/2023,rzanazziih@dailymail.co.uk,Richie,Zanazzi,9496 Summerview Court,Brazil,Hoody,Medium,2
01HPYDWNBNB85NGYN1HSHBFXNZ,9/25/2023,escreechii@friendfeed.com,Emanuel,Screech,341 Lunder Avenue,United States,Hoody,Medium,3
01HPYDWNBQEDC6Y6ESXYPZP1CB,6/9/2023,singledowij@storify.com,Sharla,Ingledow,099 Towne Park,Norway,Scarf,X-Large,3
01HPYDWNBSG34WTV87P9EJ4KX5,9/3/2023,gjenmanik@mlb.com,Giffer,Jenman,4466 Norway Maple Plaza,Brazil,Hoody,Large,3
01HPYDWNBTSXK7VS3V5TDJ315V,3/27/2023,ypepperrallil@weather.com,Yovonnda,Pepperrall,023 Russell Place,United States,Hoody,Medium,3
01HPYDWNBVRHCT0A2QWSYTGDHH,7/24/2023,dlindsayim@psu.edu,Dasi,Lindsay,85 Kinsman Parkway,France,Hoody,Medium,4
01HPYDWNBXH77W2S89ZXDP68PP,2/25/2023,smakepeacein@bing.com,Susann,Makepeace,7 Dexter Crossing,United States,Shorts,Large,1
01HPYDWNBYBHAXKXKTR6PW4ZVM,11/27/2023,crowlinio@google.com.br,Cheslie,Rowlin,30 Ohio Road,Brazil,Tshirt,X-Large,4
01HPYDWNBZ16P5KKNHX2MGP282,10/22/2023,amartijnip@seesaa.net,Andee,Martijn,04868 Northland Drive,Brazil,Tshirt,XX-Large,3
01HPYDWNC12FYP3JXAJFZEPBWZ,4/23/2023,fivamyiq@unblog.fr,Frieda,Ivamy,6983 East Point,Argentina,Jacket,X-Large,3
01HPYDWNC3PRCGNB3XFVAACFJ6,7/10/2023,vdeporteir@ifeng.com,Vern,Deporte,90009 Porter Trail,Sweden,Tshirt,Large,3
01HPYDWNC5V3HJ4AT7DSZWXSAY,11/25/2023,fbrestonis@ibm.com,Forbes,Breston,43 Mayer Alley,France,Hoody,X-Large,3
01HPYDWNC8YWB3CNDE60XJ7XY4,7/5/2023,anindit@craigslist.org,Angel,Nind,337 Oxford Crossing,Nigeria,Gloves,Large,2
01HPYDWNCB05KRC78PFMACGTH5,4/21/2023,djouanetoniu@fotki.com,Della,Jouaneton,151 Schlimgen Crossing,Brazil,Hoody,X-Large,2
01HPYDWNCES516FRRPY0QM05HW,6/23/2023,cgoundsyiv@t-online.de,Cherri,Goundsy,09687 Little Fleur Center,Sweden,Sweater,Medium,1
01HPYDWNCHWAPGB3H6AZTRYMZP,6/11/2023,mgoadyiw@ted.com,Melisandra,Goady,46162 Sullivan Center,Brazil,Jacket,Medium,1
01HPYDWNCMF5F24KNHBH8BJD4Q,9/9/2023,slathleiffureix@constantcontact.com,Selma,Lathleiffure,91888 Pond Junction,Brazil,Gloves,Large,2
01HPYDWNCQCGWVSR53GRW6QNKW,2/27/2023,horknayiy@ovh.net,Harlan,Orknay,08081 Eagan Alley,United States,Tshirt,XX-Large,2
01HPYDWNCTEC392Z6M0HNPM7J4,2/14/2023,mphelpiz@cbsnews.com,Merola,Phelp,58 Crownhardt Crossing,Brazil,Tshirt,XX-Large,1
01HPYDWNCX3CJ4BPNCGEA8JY53,11/1/2023,rmatthiaej0@newyorker.com,Ruy,Matthiae,278 Jenifer Park,Peru,Hoody,Medium,1
01HPYDWNCZZ182AHCT68ZQPB8Z,11/22/2023,pprovenj1@umn.edu,Prudy,Proven,742 Dexter Terrace,United Kingdom,Hoody,Medium,2
01HPYDWND2AB8NX8FT0J308172,4/2/2023,vodreainj2@csmonitor.com,Venus,O'Dreain,020 Johnson Hill,Brazil,Tshirt,Large,2
01HPYDWND5ANM09TFVSFQ866Y1,10/15/2023,mprobartj3@1688.com,Marji,Probart,16639 Sachtjen Trail,United Kingdom,Hoody,Small,4
01HPYDWND8GVNW5HFHH8T4FT3Z,8/26/2023,ybradwellj4@friendfeed.com,Yolande,Bradwell,43 Golf View Pass,France,Shorts,Medium,2
01HPYDWNDBJDQXHZHS3GX7VFE0,4/2/2023,uamphlettj5@blogger.com,Ulrick,Amphlett,14076 Sachs Terrace,Peru,Tshirt,Medium,4
01HPYDWNDEC54EQQYC44899Y27,9/13/2023,cwordleyj6@squarespace.com,Costa,Wordley,6 Havey Crossing,Brazil,Tshirt,Medium,4
01HPYDWNDFFVBARFCWZ2BFXN0J,2/28/2023,ktanbyj7@wikipedia.org,Kaycee,Tanby,3619 Valley Edge Park,Peru,Tshirt,Medium,1
01HPYDWNDG3CA257VZGCYTH31P,4/9/2023,apaddonj8@sun.com,Ariel,Paddon,9255 Kropf Drive,United States,Tshirt,Large,4
01HPYDWNDK8WBCD4G5A5SDQGNT,11/22/2023,tarnaudij9@aboutads.info,Tybie,Arnaudi,51738 Lien Pass,Argentina,Tshirt,Medium,1
01HPYDWNDMP8N9N44ERCQK9MWZ,8/22/2023,vbedfordja@elpais.com,Veriee,Bedford,5240 Bayside Parkway,Argentina,Gloves,XX-Large,3
01HPYDWNDPP505PG068VZXTK0M,4/9/2023,vcheatlejb@walmart.com,Vernen,Cheatle,89 Arrowood Street,Brazil,Tshirt,Large,2
01HPYDWNDQMK4HN6S5DRB38NYG,4/16/2023,dseamonsjc@vimeo.com,Dorelle,Seamons,5231 Stoughton Point,Peru,Sweater,X-Large,2
01HPYDWNDR5GF7ZNNP5Y2JAHDF,1/27/2023,kmangionjd@toplist.cz,Keefer,Mangion,12982 Independence Drive,Sweden,Hoody,X-Large,1
01HPYDWNDT8N06A0C6KZ5C34W9,10/4/2023,eeveringhamje@eventbrite.com,Eba,Everingham,474 Corscot Place,France,Hoody,Medium,2
01HPYDWNDVVP1T5Y6HSYB70SNR,10/25/2023,bmissingtonjf@wikispaces.com,Bryna,Missington,958 Carberry Pass,France,Sweater,Medium,1
01HPYDWNDWANT2ME10Q3S54TK3,9/2/2023,cbamelljg@lulu.com,Curcio,Bamell,77 Linden Road,France,Hat,Large,1
01HPYDWNDY7HZRKY62PGEH208Z,3/16/2023,dbootherstonejh@ow.ly,Drusy,Bootherstone,0 Blaine Lane,France,Scarf,Medium,2
01HPYDWNDZMYM0X77NV3ZW5ZPT,8/6/2023,ekinkeadji@umich.edu,Ema,Kinkead,79 Bobwhite Park,Uruguay,Hoody,Large,4
01HPYDWNE1GAAD5S826PH1B2RV,11/9/2023,hshakesbyejj@smugmug.com,Henriette,Shakesbye,5 Eastlawn Lane,Sweden,Tshirt,Large,1
01HPYDWNE3EBXYFYZG7FW5EF6Y,11/27/2023,epennycuickjk@exblog.jp,Evangelia,Pennycuick,4 Swallow Terrace,France,Hoody,XX-Large,3
01HPYDWNE5YZBWPMBT47Z362DF,7/19/2023,arebbeckjl@hubpages.com,Ayn,Rebbeck,7816 Old Shore Parkway,United Kingdom,Scarf,Large,4
01HPYDWNE88FVJ6GV11WB4N3FE,5/17/2023,lpurringtonjm@jiathis.com,Luciana,Purrington,70 Steensland Point,United States,Hoody,X-Large,4
01HPYDWNEB1X7YVC2JNMJWA1XV,4/14/2023,ebickfordjn@yellowbook.com,Emmett,Bickford,0 Tennyson Drive,Canada,Tshirt,Medium,1
01HPYDWNEDBFENTXD5BVJYSB7P,3/26/2023,kvasyunichevjo@rambler.ru,Keefer,Vasyunichev,3 Bunting Road,United States,Tshirt,Medium,4
01HPYDWNEGDM4T22230FDDS1XZ,2/26/2023,mmoorcraftjp@edublogs.org,Marilyn,Moorcraft,524 Golden Leaf Trail,France,Sweater,XX-Large,4
01HPYDWNEKKED2PWWSWPSXGB6G,6/16/2023,tscreasjq@cbsnews.com,Tab,Screas,3 Reinke Parkway,United States,Tshirt,Medium,1
01HPYDWNEPD3E5JF2H26RAXK8Y,11/9/2023,mmcboylejr@yahoo.com,Michail,McBoyle,55535 Anzinger Place,Brazil,Tshirt,Large,1
01HPYDWNESV6V4G018R7FM7AGW,10/22/2023,dshakeladejs@hc360.com,Dora,Shakelade,0 Dunning Pass,France,Hoody,XX-Large,3
01HPYDWNEWHHD2GB5F6C21EG0S,2/4/2023,cferrijt@nationalgeographic.com,Currey,Ferri,475 Lukken Drive,Norway,Hoody,X-Large,3
01HPYDWNEZPWZZ61C59XFP98QM,4/15/2023,crzehorju@twitpic.com,Carroll,Rzehor,23988 Old Shore Point,Brazil,Scarf,Small,4
01HPYDWNF2KKWR4CM19DZ38X03,11/25/2023,shawthornejv@cbsnews.com,Sybille,Hawthorne,720 Cardinal Junction,France,Scarf,X-Large,1
01HPYDWNF4SZ1GM3TJETVDWNHS,5/28/2023,pvegasjw@tuttocitta.it,Phaedra,Vegas,875 Superior Terrace,Ireland,Tshirt,Large,2
01HPYDWNF7YQAKYMTJJ7JCAVC6,1/5/2023,apulverjx@mapquest.com,Angela,Pulver,98 Northwestern Circle,France,Scarf,Large,2
01HPYDWNFA6KJR8BRG69WG8CRZ,3/18/2023,rseekingsjy@java.com,Rurik,Seekings,9 Fallview Place,Canada,Gloves,Large,4
01HPYDWNFC3ZNYBZYX35ESAEZE,9/12/2023,bmarcroftjz@symantec.com,Barby,Marcroft,3059 Fairfield Junction,United States,Hoody,Large,3
01HPYDWNFFME7QQ7QGPA7EQ4Z1,10/13/2023,slilleyk0@baidu.com,Simona,Lilley,43551 Rockefeller Terrace,Sweden,Scarf,XX-Large,3
01HPYDWNFJAFBT5JGH43134G8X,12/1/2023,nforrestk1@usda.gov,Nissy,Forrest,538 Maywood Avenue,Uganda,Hoody,Large,1
01HPYDWNFNX08X56WW5EF0XEEB,6/25/2023,espavenk2@mediafire.com,Elton,Spaven,141 Corry Hill,Brazil,Hoody,Medium,4
01HPYDWNFRMMPMWBV70S66MY4Z,6/23/2023,gfairfootk3@hhs.gov,Griffin,Fairfoot,5026 Waywood Junction,Canada,Hoody,X-Large,3
01HPYDWNFVKKE150E3W76FSJCX,4/23/2023,ciamittiik4@narod.ru,Christin,Iamittii,7493 Sherman Terrace,France,Hoody,Large,2
01HPYDWNFY85F6TR1WTQJRVHRB,8/24/2023,sharbordk5@friendfeed.com,Sholom,Harbord,3379 Westend Alley,United States,Hat,XX-Large,3
01HPYDWNG14P2VBE8JMP64B4X5,4/3/2023,cwolfitk6@mac.com,Colline,Wolfit,0865 Mallard Place,Brazil,Hoody,Small,2
01HPYDWNG48XPA8P1BC061GFS5,7/17/2023,mbaisek7@pinterest.com,Micaela,Baise,819 Banding Park,Argentina,Hoody,X-Large,3
01HPYDWNG757XPNK82E1T5SH9P,11/5/2023,lmogfordk8@shareasale.com,Latashia,Mogford,751 Bultman Circle,Brazil,Hoody,Small,2
01HPYDWNGBMJHNSZ0ZY69SJAVW,10/24/2023,vmoorsk9@vk.com,Verney,Moors,0349 Tomscot Avenue,France,Tshirt,Medium,1
01HPYDWNGENRZ5PY1A1KG6EDQ8,2/23/2023,gdonovanka@symantec.com,Gherardo,Donovan,546 Mandrake Trail,France,Hoody,Large,4
01HPYDWNGGEKJCNX0FZWC4CP95,3/2/2023,lgradonkb@umich.edu,Luis,Gradon,2856 Laurel Street,Brazil,Hoody,Medium,3
01HPYDWNGJHA3F4MN0MEKBN1FK,9/25/2023,mbartolomeokc@yelp.com,Mitch,Bartolomeo,270 West Road,United States,Tshirt,Medium,1
01HPYDWNGN6E13J79JXA98Q5MT,4/21/2023,strustramkd@yandex.ru,Sal,Trustram,53114 Nancy Drive,France,Scarf,X-Large,2
01HPYDWNGQXD8Y2QG9BJQTH85R,5/24/2023,ibastistinike@marriott.com,Ina,Bastistini,47 Westerfield Center,Nigeria,Sweater,Medium,4
01HPYDWNGSGR7Z73W5ETR63J4Q,11/26/2023,cblazejkf@prlog.org,Claribel,Blazej,8436 Vidon Way,Brazil,Scarf,Small,1
01HPYDWNGVHSA2N2Q2KXF4YF79,6/9/2023,ncheeldkg@flavors.me,Nickie,Cheeld,238 Portage Lane,Argentina,Hoody,Small,2
01HPYDWNGXDYVR6SB02XP370EA,4/2/2023,lsketkh@washington.edu,Lyon,Sket,56 Merrick Center,France,Sweater,Large,1
01HPYDWNGYCGYTZAK3304H2CJC,5/16/2023,breginaki@symantec.com,Byron,Regina,35334 Waubesa Plaza,Sweden,Hoody,Medium,1
01HPYDWNGZ2AXZQKW9PGVW570K,3/9/2023,kharrawaykj@ycombinator.com,Kalli,Harraway,19 Anzinger Terrace,United States,Scarf,Medium,1
01HPYDWNH1EA7NKME2JTTKKCE0,2/6/2023,mhanburrykk@webs.com,Melodie,Hanburry,64474 Hintze Plaza,Sweden,Hoody,Medium,3
01HPYDWNH35W1YMDK7K9AQD75Y,1/24/2023,tkalkofenkl@odnoklassniki.ru,Tracie,Kalkofen,52183 Glendale Terrace,United States,Tshirt,Medium,3
01HPYDWNH640WVWCQRGVAQ6GFK,3/27/2023,fjakoubkm@berkeley.edu,Fidelity,Jakoub,3920 Northridge Center,Brazil,Sweater,XX-Large,1
01HPYDWNHAX38S82CRGQ0F0N32,7/29/2023,jlauthiankn@nyu.edu,Josiah,Lauthian,049 Monument Center,Brazil,Hoody,X-Large,1
01HPYDWNHDSJSTKD7WH0H1AHG4,10/3/2023,gpietriko@timesonline.co.uk,Gerome,Pietri,3 La Follette Road,United States,Sweater,Medium,3
01HPYDWNHG7G4DGA734R8XJWCQ,5/27/2023,dyakobowitzkp@huffingtonpost.com,Desi,Yakobowitz,49 Bonner Parkway,United States,Shorts,Medium,3
01HPYDWNHKH6ZEB3Z5YAN5M9DM,1/11/2023,adunkerlykq@a8.net,Augustus,Dunkerly,99 Eggendart Circle,France,Hoody,XX-Large,4
01HPYDWNHPGSJV56AY1XJK7PEJ,2/5/2023,rmainlandkr@vimeo.com,Rolph,Mainland,1 Derek Point,Brazil,Tshirt,XX-Large,1
01HPYDWNHT9YCMRET72C8V96PS,9/28/2023,hpovahks@webs.com,Hillier,Povah,5797 Bay Drive,Sweden,Hat,Medium,2
01HPYDWNHXEVXB4MQ2ZJ6T2PGG,2/22/2023,itchaikovskykt@homestead.com,Iona,Tchaikovsky,565 Texas Lane,Argentina,Tshirt,XX-Large,3
01HPYDWNJ0AY0WPZ0RS3R74E8X,11/15/2023,stimmermannku@sohu.com,Staford,Timmermann,261 Lunder Avenue,Spain,Tshirt,Large,1
01HPYDWNJ2EG6RYFNPMAC8ECW1,3/25/2023,barchanbaultkv@tumblr.com,Bartolomeo,Archanbault,91 Sachtjen Trail,Sweden,Tshirt,Large,4
01HPYDWNJ59N6HFJVN1SAEKZXB,8/6/2023,kocurrigankw@comsenz.com,Karyl,O'Currigan,8 Warner Terrace,Brazil,Hoody,Medium,2
01HPYDWNJ6D0C9DWGF0QA8RES5,1/27/2023,vrhoadeskx@usnews.com,Victor,Rhoades,84321 Ludington Hill,Chile,Scarf,Medium,3
01HPYDWNJ89GPZYKEH3JY84SZ9,6/30/2023,ggittoseky@telegraph.co.uk,Geordie,Gittose,4225 Loeprich Court,United States,Shorts,Medium,1
01HPYDWNJ96ZWR0KSR4YHKJG84,5/31/2023,ffrounkskz@virginia.edu,Florry,Frounks,60 International Center,Argentina,Shorts,Small,3
01HPYDWNJBA7KQVH29VH4P70QX,8/8/2023,glacyl0@cbslocal.com,Giffer,Lacy,71268 Tomscot Center,France,Hat,Small,2
01HPYDWNJEYKEQW9BF2SCS3AA9,9/9/2023,jhowlerl1@army.mil,Johny,Howler,23604 Bashford Park,France,Tshirt,Medium,2
01HPYDWNJHRK2N43E2KJ4QSQ43,9/23/2023,mjeyesl2@tinypic.com,Minne,Jeyes,038 Fuller Drive,Canada,Hoody,Large,3
01HPYDWNJK43Z37AHZSM1PEFXP,3/24/2023,pbenaml3@elegantthemes.com,Pammy,Benam,740 Lillian Drive,United States,Gloves,Small,3
01HPYDWNJM39DX13QMJVEHK661,8/16/2023,mmerrikinl4@themeforest.net,Magdalen,Merrikin,80 Sutteridge Trail,Peru,Jacket,Large,4
01HPYDWNJQ1K30AF64FAE0B7NC,12/20/2023,dboutsl5@typepad.com,Danila,Bouts,71 Doe Crossing Avenue,Brazil,Hoody,X-Large,2
01HPYDWNJTX2HR8BEJ3GVT7JAT,1/13/2023,ewhittockl6@delicious.com,Eduino,Whittock,5 Ridgeway Parkway,Argentina,Hoody,Large,1
01HPYDWNJX72KGQ6V5Q088K1P1,8/17/2023,ghanwrightl7@seesaa.net,Grove,Hanwright,28 Autumn Leaf Trail,Brazil,Tshirt,Large,4
01HPYDWNK0T9HFTN66VMM2RV8P,4/18/2023,jmorfelll8@comcast.net,Janie,Morfell,4 Grasskamp Lane,Canada,Sweater,Medium,4
01HPYDWNK1WHHZHW7SSJXTKGSV,12/2/2023,bmcfadinl9@newsvine.com,Brittaney,McFadin,966 Kipling Point,Sweden,Hoody,Large,1
01HPYDWNK2J63D752D1VZ82B8C,11/14/2023,ecoburnla@istockphoto.com,Emmery,Coburn,93 Green Drive,Sweden,Hat,Large,4
01HPYDWNK4BKWVM0QPTB956V43,2/23/2023,aaisbettlb@hibu.com,Adrianne,Aisbett,57 Northport Lane,Brazil,Tshirt,Medium,3
01HPYDWNK5Y036GXZBF1XFQAH3,12/30/2023,ccussenlc@sogou.com,Celie,Cussen,15450 Mariners Cove Hill,Brazil,Gloves,Small,1
01HPYDWNK80MG0SGNX1EJ07B97,3/2/2023,abottbyld@auda.org.au,Ailey,Bottby,759 Dunning Crossing,France,Scarf,Medium,2
01HPYDWNK9B91GVGP3C5Z86H44,12/10/2023,caylwardle@miitbeian.gov.cn,Cristin,Aylward,9048 Browning Park,Italy,Sweater,Medium,3
01HPYDWNKBAY0VQ5G9F11N8FGT,9/15/2023,kgarlantlf@scribd.com,Kizzie,Garlant,574 Declaration Court,Northern Mariana Islands,Hoody,Medium,2
01HPYDWNKEB3BD7M9X2T3GM5N5,8/20/2023,hbreederlg@clickbank.net,Herta,Breeder,1 Del Sol Crossing,France,Shorts,Medium,3
01HPYDWNKF3Q4HKAW420AEBFK2,7/8/2023,qcrossgrovelh@cpanel.net,Quintus,Crossgrove,74 Kingsford Terrace,Sweden,Shorts,Large,3
01HPYDWNKJ86QXX18GS7ZTYYP3,7/27/2023,amoirli@chronoengine.com,Anastasie,Moir,44 South Crossing,Brazil,Scarf,Small,3
01HPYDWNKK3F74H2NP5NXWD1JK,2/25/2023,nharradencelj@meetup.com,Neils,Harradence,319 Springs Junction,Sweden,Scarf,Small,3
01HPYDWNKN3TJ8J9MKZSMTK5N4,8/8/2023,bvanderbruggelk@usnews.com,Briggs,Van der Brugge,40 Lakewood Park,United Kingdom,Tshirt,Medium,4
01HPYDWNKQPA0EXN1Q7EBS7WRX,11/4/2023,vfarthinll@virginia.edu,Vikky,Farthin,2269 Moose Hill,Peru,Hat,Medium,2
01HPYDWNKSY1AJRFB6PY7SN6NM,4/28/2023,sfratczaklm@intel.com,Sadie,Fratczak,83410 Clarendon Terrace,France,Tshirt,Large,2
01HPYDWNKTEC0M9ZH9WGRR777M,8/18/2023,esharpeln@mozilla.com,Elnore,Sharpe,99480 Gale Center,France,Scarf,Small,3
01HPYDWNKWS5QKQTS591VHAD7Z,5/16/2023,rivashechkinlo@wordpress.org,Rebecka,Ivashechkin,529 Dryden Street,Brazil,Hoody,Large,1
01HPYDWNKYRQ2P9YZZ3M5Z7821,1/15/2023,vcuddehaylp@foxnews.com,Vivienne,Cuddehay,988 Burrows Alley,Sweden,Tshirt,Medium,4
01HPYDWNM10BPXBWTNWY6W5FNM,8/14/2023,obrittainlq@123-reg.co.uk,Orelia,Brittain,46 Kinsman Drive,Sweden,Scarf,Large,2
01HPYDWNM380QG790W6S7KD9VG,9/2/2023,hfayermanlr@reverbnation.com,Husein,Fayerman,53630 Sloan Street,Bosnia and Herzegovina,Tshirt,X-Large,4
01HPYDWNM47YER7ZBM06GZ3A5K,1/3/2023,cmelodyls@squidoo.com,Courtnay,Melody,9 Erie Trail,Brazil,Tshirt,Large,1
01HPYDWNM61SM2HVK4049ER65V,3/24/2023,brivallantlt@hatena.ne.jp,Bran,Rivallant,7691 Bonner Way,Germany,Hoody,Large,2
01HPYDWNM7WQFCNQQGZM1BE189,6/6/2023,kakeherstlu@nationalgeographic.com,Kissie,Akeherst,213 Michigan Center,Italy,Tshirt,Small,1
01HPYDWNM9KVMNSFWZFFJ4FWDR,10/11/2023,davelinglv@instagram.com,Dianna,Aveling,41453 Monterey Hill,United States,Hoody,Large,1
01HPYDWNMB53PMF1AABHJSWF64,1/26/2023,markleylw@bbc.co.uk,Meris,Arkley,003 Elmside Junction,Brazil,Hoody,Small,4
01HPYDWNMDMJX0NVFV0JP835YB,12/23/2023,screwelx@123-reg.co.uk,Stacie,Crewe,6 Mcguire Way,Brazil,Shorts,Medium,4
01HPYDWNMEXBWF69G1CZQZ3NDE,3/26/2023,mchelnamly@wisc.edu,Martainn,Chelnam,2225 Dapin Plaza,United States,Scarf,Large,1
01HPYDWNMFBZ274MCGKM2Y20BX,2/24/2023,pschachterlz@wsj.com,Phaedra,Schachter,58323 Springview Crossing,France,Hat,Large,3
01HPYDWNMHDT4K4YG7N8T1Q59K,8/23/2023,dparysownam0@amazon.co.jp,Deane,Parysowna,17 Sachs Way,France,Sweater,Medium,3
01HPYDWNMJ2Z7KE9DS5BYV84FG,1/11/2023,broulstonm1@fema.gov,Barnabas,Roulston,5316 Briar Crest Road,Sweden,Scarf,Medium,1
01HPYDWNMKMFTGHQW49KVZC62G,1/13/2023,tbroadberriem2@etsy.com,Teodoro,Broadberrie,2 Pierstorff Hill,Sweden,Hoody,Medium,2
01HPYDWNMNXTPFN695Z6EQKRJ0,1/18/2023,bpilleym3@domainmarket.com,Brittney,Pilley,1618 Southridge Park,Peru,Jacket,Medium,2
01HPYDWNMP8DC3TYMB4ZZ3H5PY,1/23/2023,rhansburym4@nbcnews.com,Riki,Hansbury,60 Mayer Park,Brazil,Sweater,Medium,2
01HPYDWNMR9EDXRAYMV6R9V4PV,5/30/2023,dmatteim5@chron.com,Dugald,Mattei,6033 Sage Lane,Spain,Tshirt,X-Large,4
01HPYDWNMSHT8097VAHTYPQ84G,1/21/2023,brichemondm6@wikispaces.com,Billy,Richemond,63029 Rusk Hill,United States,Jacket,X-Large,1
01HPYDWNMV10GDCHQPDVRDAGYY,5/25/2023,mbeauvaism7@blogger.com,Merrill,Beauvais,7515 Shelley Road,Brazil,Hoody,Small,3
01HPYDWNMXZJD3QEN8BDZWPMXB,2/23/2023,hleprovostm8@baidu.com,Hillyer,Le Provost,0 Nova Terrace,Canada,Sweater,Small,2
01HPYDWNMY3EXQPSTBMVFKRWBT,10/24/2023,nmerigotm9@tumblr.com,Nero,Merigot,44 Towne Parkway,Peru,Shorts,XX-Large,2
01HPYDWNN0XV26PW9R2M62N5S8,11/5/2023,cjamaryma@gmpg.org,Cori,Jamary,951 Mccormick Court,Sweden,Tshirt,Medium,3
01HPYDWNN1H1S29Z48SAXQXVMV,10/21/2023,aparchmentmb@reuters.com,Ashla,Parchment,7 Lunder Place,Brazil,Jacket,Small,3
01HPYDWNN2NREM8D86KJQC8G8R,1/30/2023,ccapsmc@latimes.com,Cassandry,Caps,9 Dottie Drive,Uruguay,Hoody,Medium,4
01HPYDWNN47W9K6AWZ9GTABG82,10/3/2023,caylmermd@canalblog.com,Cinderella,Aylmer,1766 Acker Drive,Brazil,Tshirt,XX-Large,2
01HPYDWNN58TH57XM235Q0V5NP,12/21/2023,hmarquessme@bing.com,Hershel,Marquess,75 Westend Plaza,France,Hat,Large,4
01HPYDWNN7Y8BHKFM8RCPBDQVB,1/21/2023,zbooseymf@usgs.gov,Zebulen,Boosey,21812 Fairview Avenue,France,Hoody,Large,3
01HPYDWNN83FCW09XA1Z62VG35,2/2/2023,kkistingmg@yolasite.com,Karil,Kisting,50095 Dovetail Point,United States,Hat,Large,2
01HPYDWNNAFTZG8RSZ2QBA3VDD,7/28/2023,afouchmh@devhub.com,Anne-corinne,Fouch,14357 Anniversary Crossing,Brazil,Shorts,Large,4
01HPYDWNNCF5HG20DN5DRJH9WV,5/18/2023,iiorizzimi@youtu.be,Inness,Iorizzi,214 Packers Pass,Peru,Sweater,Large,4
01HPYDWNNE79XBVE3D2RX4AC43,4/7/2023,csweatingmj@unblog.fr,Caren,Sweating,34 Leroy Terrace,United States,Shorts,X-Large,1
01HPYDWNNF46S3TT4M29TJMWZ5,4/12/2023,rbransdenmk@networksolutions.com,Ruy,Bransden,98192 Rowland Alley,Nigeria,Scarf,Medium,2
01HPYDWNNH0XEXGYR192DBRV27,11/5/2023,balflatml@gravatar.com,Bryana,Alflat,9560 Rigney Drive,Peru,Scarf,Medium,1
01HPYDWNNJNZ1Q27A0Y54EQHNB,12/26/2023,lbarfordmm@newyorker.com,Lucienne,Barford,6236 2nd Drive,United States,Hoody,XX-Large,3
01HPYDWNNMAZ723MVMX7H55VV1,8/15/2023,dmcilvennymn@walmart.com,Deva,McIlvenny,597 Park Meadow Crossing,Norway,Sweater,Medium,2
01HPYDWNNNF0QH1HGMMAWCHEYG,5/31/2023,kensormo@about.com,Karlotta,Ensor,72145 Roth Court,Argentina,Hat,Medium,3
01HPYDWNNQMKBEJ3FXCXPT8TS3,9/5/2023,mmacshiriemp@bluehost.com,Maryanna,MacShirie,053 Charing Cross Pass,Brazil,Hoody,X-Large,4
01HPYDWNNSZ0Q1GVDF4G0EXFSZ,2/11/2023,ehanemq@salon.com,Edee,Hane,193 Mallard Place,Brazil,Sweater,Medium,3
01HPYDWNNTGF6065B4ZTHRBHK2,2/23/2023,dkinlockmr@businessweek.com,Denyse,Kinlock,36040 Moland Point,Argentina,Tshirt,Large,3
01HPYDWNNV6HR27T0Q3H4VNRMN,3/23/2023,bgrumbridgems@studiopress.com,Bibby,Grumbridge,51 Ilene Point,Canada,Shorts,Medium,2
01HPYDWNNW0B7QN40B2F3J1VVT,8/15/2023,apargentmt@mit.edu,Ardene,Pargent,32088 Arrowood Circle,Nigeria,Jacket,Small,2
01HPYDWNNXS2PDPSQG0NXFZFA1,10/24/2023,rmacmaykinmu@nytimes.com,Rodie,MacMaykin,76189 Upham Plaza,Sweden,Hoody,Medium,4
01HPYDWNNZYZGH5MTSCYPQH82J,11/13/2023,aivanitsamv@businessinsider.com,Andre,Ivanitsa,0 Judy Hill,France,Hoody,X-Large,4
01HPYDWNP1XP1T4ZP3ZQ8TWCNC,5/23/2023,kkingwellmw@dagondesign.com,Keeley,Kingwell,59393 Lunder Junction,Norway,Sweater,Large,3
01HPYDWNP44N5P6WPRNC0TWEJ6,8/5/2023,bhuncootmx@simplemachines.org,Blythe,Huncoot,6 Fuller Lane,United States,Hoody,Small,3
01HPYDWNP7C9JPB2ET0P5D0EMB,1/15/2023,nkingwellmy@google.es,Nikolos,Kingwell,23 Eliot Court,Brazil,Sweater,X-Large,1
01HPYDWNPA3PST5PTR1YY849D1,4/15/2023,bpeteramz@ustream.tv,Bonni,Petera,04 Anhalt Parkway,Uganda,Tshirt,Medium,4
01HPYDWNPDJZYM65ZKG5VWSJM2,6/7/2023,dfootittn0@answers.com,Deonne,Footitt,3694 Mitchell Place,Brazil,Gloves,Medium,3
01HPYDWNPG1MWSMMTVM22AXYYT,1/16/2023,ggriggn1@cpanel.net,Granville,Grigg,03071 Melrose Junction,Nigeria,Tshirt,X-Large,2
01HPYDWNPKFQZXPGHANWEW848M,12/28/2023,cmapletoftn2@npr.org,Carr,Mapletoft,3 Little Fleur Drive,United States,Hoody,Large,4
01HPYDWNPPPWF5ZMB80N7NGV8K,3/25/2023,jiacovaccin3@bbc.co.uk,Jaclin,Iacovacci,1 Loftsgordon Pass,Peru,Tshirt,Medium,3
01HPYDWNPSY75G5980PZ8JT8T5,3/18/2023,pschimonn4@ca.gov,Pearline,Schimon,1 Shelley Street,Argentina,Tshirt,XX-Large,1
01HPYDWNPWY1A4XMZ6ETG287P6,9/2/2023,calbinsonn5@xrea.com,Chaddy,Albinson,839 Vernon Alley,United States,Tshirt,Small,1
01HPYDWNPZHJP0G3X5MBCQC1CX,5/18/2023,pdellitn6@w3.org,Prissie,Dellit,0497 Warner Crossing,France,Tshirt,Small,4
01HPYDWNQ28B2JBG3W47YWZWY0,4/16/2023,pbleiern7@telegraph.co.uk,Pepita,Bleier,2 Sommers Point,France,Tshirt,Medium,2
01HPYDWNQ5J2P4EXB6SDHNX1SD,2/16/2023,bveltin8@dell.com,Bryana,Velti,953 Autumn Leaf Hill,United States,Tshirt,Medium,4
01HPYDWNQ64YKZBPNTDGVM4VJM,10/17/2023,gjeensn9@dot.gov,Gwendolin,Jeens,1643 Dakota Lane,Peru,Tshirt,Large,2
01HPYDWNQ73XEAP4E23F4HZ3VJ,1/26/2023,jbudcockna@lulu.com,Joachim,Budcock,906 Arapahoe Court,Brazil,Scarf,Small,3
01HPYDWNQ9CRKBAH334JPTC9NH,4/17/2023,kpenzernb@ezinearticles.com,Kailey,Penzer,08 Village Green Place,Brazil,Tshirt,Small,1
01HPYDWNQARE61RQFMG08GDZW2,4/23/2023,gaspdennc@istockphoto.com,Gabi,Aspden,63309 Di Loreto Plaza,France,Tshirt,Medium,1
01HPYDWNQBVFSFM2YKZBTCZG92,11/23/2023,hmcraend@dedecms.com,Hartwell,McRae,87 Sloan Road,Canada,Sweater,Medium,3
01HPYDWNQDQHVMR0KRKSRRT77H,1/23/2023,dtesoene@dyndns.org,Dewain,Tesoe,4 Carey Crossing,France,Tshirt,X-Large,4
01HPYDWNQEX5SNPXJX0TQZRQBJ,9/15/2023,cnicollsnf@redcross.org,Cameron,Nicolls,5171 Shoshone Place,United States,Jacket,Small,2
01HPYDWNQF7GSV20C2MP4K20A2,5/18/2023,ftournayng@diigo.com,Florence,Tournay,17 Old Gate Lane,Peru,Hoody,Large,4
01HPYDWNQGYCPEMZ2TJEXK244D,10/16/2023,rtokenh@mapy.cz,Ringo,Toke,01694 American Circle,Australia,Hoody,Large,2
01HPYDWNQHWWFQ855P65Q31Y1N,6/5/2023,abroxholmeni@stanford.edu,Andre,Broxholme,10 Acker Parkway,France,Jacket,Small,4
01HPYDWNQKHN4T7804ZC31DS4H,1/6/2023,hzouchnj@pinterest.com,Hastings,Zouch,520 Fieldstone Drive,France,Hoody,X-Large,1
01HPYDWNQN19K9AY5HBRWH9MYD,5/14/2023,wduinbletonnk@omniture.com,Wadsworth,Duinbleton,5099 Moland Drive,Sweden,Tshirt,Medium,2
01HPYDWNQRY3WA5QT31SCSSDZ6,7/11/2023,kbockmannnl@naver.com,Kirstyn,Bockmann,3 Mccormick Lane,Brazil,Jacket,X-Large,1
01HPYDWNQWTR382EVCAKTCTCX5,7/15/2023,zsaunternm@goo.ne.jp,Zared,Saunter,21426 Artisan Court,Argentina,Shorts,XX-Large,3
01HPYDWNQYG0AB2603Z1V1X4AD,10/13/2023,bpethicknn@sogou.com,Bendix,Pethick,944 Prairie Rose Center,France,Hat,Large,1
01HPYDWNR1SX4JBYNBXQNCAY5G,12/28/2023,ehawlerno@arizona.edu,Eward,Hawler,941 Carberry Place,France,Tshirt,Medium,4
01HPYDWNR4B592N4Z1Y0E9MMR8,4/23/2023,cdemarchinp@is.gd,Corrinne,De Marchi,44933 Troy Pass,Brazil,Shorts,Medium,4
01HPYDWNR7J2HCT2MGRPMKWS9T,10/14/2023,avenneynq@illinois.edu,Amil,Venney,371 Mccormick Hill,United States,Gloves,Small,4
01HPYDWNR9TV6WKZY7KJ7NR7SY,8/20/2023,ahentzelernr@europa.eu,Alida,Hentzeler,52 Kropf Lane,Sweden,Gloves,Medium,4
01HPYDWNRCNN85ZQY7HRFW3WXB,5/17/2023,pdingsdalens@home.pl,Peggy,Dingsdale,26 Del Mar Lane,Argentina,Hat,Medium,3
01HPYDWNRFF06XGRFHJ5YZB6CM,4/27/2023,targentnt@desdev.cn,Torey,Argent,085 Utah Place,Brazil,Tshirt,X-Large,1
01HPYDWNRJ6ZQ8ECR3KXP8RSTW,2/10/2023,chuniwallnu@icq.com,Chlo,Huniwall,1 Park Meadow Road,Nigeria,Shorts,Large,1
01HPYDWNRN8MTPA6S608BJ5D88,1/2/2023,vdemarchinv@utexas.edu,Vernice,De Marchi,54908 Lindbergh Junction,Brazil,Tshirt,Large,2
01HPYDWNRR19V271P436BGX01N,5/9/2023,thellyernw@mysql.com,Tiffani,Hellyer,73575 Pawling Road,Spain,Hoody,Medium,2
01HPYDWNRVPHZBEG65WDBC9SZV,12/18/2023,mhextnx@zimbio.com,Mada,Hext,48 Buell Circle,Brazil,Scarf,X-Large,3
01HPYDWNRXEAW4490QGQ592FAE,6/30/2023,ndeelyny@nytimes.com,Nichols,Deely,0569 Everett Crossing,United States,Scarf,Medium,1
01HPYDWNS0AKA90HB4R96M2VBR,3/19/2023,qprielnz@gravatar.com,Quinton,Priel,10638 Cascade Lane,Argentina,Hoody,Medium,3
01HPYDWNS3PWPHHCPWVFG1YTJA,6/2/2023,blenagheno0@bbb.org,Brandon,Lenaghen,170 Sullivan Trail,Argentina,Shorts,Medium,4
01HPYDWNS51XXMYB07MBAJ00S2,9/14/2023,promaninio1@stanford.edu,Paddie,Romanini,4540 Longview Junction,United Kingdom,Gloves,Medium,1
01HPYDWNS8N62MNXT46HKYTEEN,12/16/2023,jadnamo2@amazon.co.jp,Josefina,Adnam,238 Acker Junction,Brazil,Scarf,Large,4
01HPYDWNSBC0P7HBRV51BPT8MA,12/15/2023,umylchreesto3@jiathis.com,Ugo,Mylchreest,44089 Dottie Junction,Brazil,Gloves,X-Large,1
01HPYDWNSD50798SF02RNN3QJQ,10/27/2023,traeburno4@wsj.com,Tedie,Raeburn,7670 Eastlawn Park,United States,Hoody,Large,2
01HPYDWNSESD627SWFGB9J56NK,10/17/2023,nstoeckleo5@multiply.com,Norrie,Stoeckle,51774 Victoria Hill,Italy,Tshirt,Medium,2
01HPYDWNSGEG9KKJ7GCPH5NJG3,7/28/2023,cbellamyo6@wikipedia.org,Chrisy,Bellamy,15 Eliot Place,Brazil,Tshirt,Large,2
01HPYDWNSKSQP4H0899BPDDDGR,6/25/2023,kcockshtto7@furl.net,Karia,Cockshtt,1047 Luster Plaza,Peru,Tshirt,Large,1
01HPYDWNSNYXZZVSJ4CEC8JBE8,3/11/2023,nhartridgeo8@state.gov,Niles,Hartridge,5 Oxford Way,Sweden,Hoody,Medium,4
01HPYDWNSQAK48FXKCV15049MX,1/17/2023,wverdieo9@umn.edu,Will,Verdie,20 Valley Edge Point,Norway,Gloves,Medium,1
01HPYDWNSTBA458X1YJGF6CD7F,6/11/2023,bperkinsonoa@bbc.co.uk,Bryant,Perkinson,28097 Lake View Trail,Germany,Hoody,Large,4
01HPYDWNSWK1HN0765X9K410P7,1/24/2023,nplaneob@bizjournals.com,Noak,Plane,12016 Pleasure Alley,Sweden,Sweater,Medium,1
01HPYDWNSZTYM85SWN9EW85VBT,8/8/2023,jethersonoc@mlb.com,Jillene,Etherson,14526 Farwell Center,Brazil,Hat,Medium,1
01HPYDWNT1JX36YW023QN8Z9FJ,7/4/2023,awestpfelod@bloglovin.com,Adelina,Westpfel,82356 Warner Center,Norway,Hoody,Medium,2
01HPYDWNT4N4S4ATZN5ME4S6CY,5/1/2023,dheijnenoe@twitter.com,Darleen,Heijnen,71838 Donald Terrace,Brazil,Hoody,X-Large,4
01HPYDWNT6M5FR8P27TG3B7572,3/28/2023,cmarshallsayof@aboutads.info,Carmelita,Marshallsay,40 Logan Avenue,Argentina,Hoody,Large,1
01HPYDWNT9XD0BN4XZETDX579C,10/5/2023,obarrusog@tuttocitta.it,Osborn,Barrus,70 Namekagon Terrace,France,Shorts,Large,3
01HPYDWNTCXFNY74PX0SKYGAAR,11/2/2023,amcallanoh@sun.com,Alane,McAllan,0086 Holmberg Plaza,Brazil,Hoody,Large,3
01HPYDWNTE192GYJEW7YDW4NEG,2/2/2023,rhastilowoi@devhub.com,Reina,Hastilow,610 Blaine Park,Brazil,Jacket,Small,3
01HPYDWNTGPJ9D2BVE7JZCSXMZ,10/16/2023,nthorntondewhirstoj@wsj.com,Norrie,Thornton-Dewhirst,9735 Florence Parkway,Nigeria,Tshirt,Medium,3
01HPYDWNTH4HAQ4M61MFD7X16A,12/27/2023,iphilipsok@rediff.com,Irena,Philips,41978 East Court,United States,Shorts,Large,2
01HPYDWNTJ5AJV0HVAC71SN4QZ,3/5/2023,hsaddol@posterous.com,Harlie,Sadd,822 Doe Crossing Parkway,Canada,Hoody,Medium,4
01HPYDWNTKY49CA9F8HDQKZ79Q,8/19/2023,idemetrom@google.fr,Iver,Demetr,010 Stoughton Place,Brazil,Shorts,XX-Large,3
01HPYDWNTN1VPQFRSA3PE3SJGR,7/6/2023,zratleeon@patch.com,Zora,Ratlee,4 Fisk Junction,France,Hoody,Medium,2
01HPYDWNTP5BJBCTGS02KE7J5A,11/24/2023,rholbarrowoo@ft.com,Rhea,Holbarrow,23112 Village Green Crossing,Sweden,Tshirt,Medium,4
01HPYDWNTR3PNPACV8RND1675V,7/15/2023,dbilovusop@goodreads.com,Deena,Bilovus,70765 Grayhawk Way,United States,Gloves,Large,4
01HPYDWNTS0KP76VWQK9ZYXF51,3/29/2023,lsinkinsonoq@spiegel.de,Laverne,Sinkinson,56 Redwing Alley,Argentina,Tshirt,XX-Large,3
01HPYDWNTT2GPK3EAJWWVW040G,11/13/2023,aswiffanor@reddit.com,Allix,Swiffan,5 Dawn Pass,France,Tshirt,Medium,1
01HPYDWNTVYTEEDXZ7Y5MSQKF1,2/3/2023,lgodwinos@wordpress.org,Lishe,Godwin,2856 Manufacturers Junction,Sweden,Hoody,Large,2
01HPYDWNTXHKJ6YC51C76A66FY,9/10/2023,bkharchinskiot@imageshack.us,Bekki,Kharchinski,8397 Bonner Plaza,Sweden,Hoody,Medium,4
01HPYDWNTY8WMN3H1PZVF24G35,12/5/2023,mgarreltsou@marketwatch.com,Margarete,Garrelts,7 Packers Crossing,France,Shorts,X-Large,3
01HPYDWNV00PE6JAFZ8TQE9DVA,8/19/2023,kshyreov@ebay.co.uk,Kimberley,Shyre,8 American Road,Australia,Tshirt,Large,2
01HPYDWNV21GAXRC6QGWAZ5BKB,6/24/2023,bsayseow@cyberchimps.com,Beau,Sayse,418 Calypso Circle,Argentina,Tshirt,Small,1
01HPYDWNV3EEFBPBJ2RNXHG50M,8/12/2023,eogroganeox@bloglines.com,Eduardo,O'Grogane,3 Kensington Alley,Sweden,Hoody,Medium,1
01HPYDWNV46HDCY0NNTM3SH616,12/27/2023,bmacardleoy@adobe.com,Bethany,MacArdle,681 Eagle Crest Plaza,United States,Shorts,Medium,1
01HPYDWNV5GP8H54F7NAJ8P0AK,11/6/2023,jnieldoz@is.gd,Julie,Nield,52 Anhalt Pass,United Kingdom,Tshirt,Small,4
01HPYDWNV7GV3736DEP4HBVBVJ,8/30/2023,glowethp0@jigsy.com,Gasper,Loweth,50926 Red Cloud Alley,France,Tshirt,Medium,4
01HPYDWNV8PAVD77KF495R0TH7,6/12/2023,bploverp1@nymag.com,Baldwin,Plover,0 Del Sol Road,United States,Hoody,Large,1
01HPYDWNV92ECDD9MDR2ZM68JP,1/19/2023,tnewisp2@go.com,Tommie,Newis,64927 Eliot Place,France,Hat,XX-Large,1
01HPYDWNVA19BXV1NSMA7SCCCP,8/19/2023,lquakleyp3@geocities.jp,Legra,Quakley,3 Russell Terrace,United States,Hoody,XX-Large,3
01HPYDWNVC8576NPTF96G8JF9Y,8/18/2023,rwadmanp4@senate.gov,Ryun,Wadman,08328 Westerfield Road,Argentina,Hoody,Large,3
01HPYDWNVD88N8GT72T5534R5C,6/12/2023,tfarnfieldp5@deliciousdays.com,Tammy,Farnfield,32 Myrtle Avenue,Ireland,Tshirt,Small,2
01HPYDWNVFJEQV9T4W8K5AB0FH,7/14/2023,zfarleyp6@disqus.com,Zolly,Farley,45243 East Trail,United States,Tshirt,Small,3
01HPYDWNVHQZV1HJPQFHX8YX6R,4/6/2023,emcconnalp7@go.com,Ediva,McConnal,1 Logan Hill,Sweden,Hoody,Small,4
01HPYDWNVKTXZM69AKDAJ051Y9,12/7/2023,ddymidowiczp8@ebay.co.uk,Derry,Dymidowicz,09 Merrick Street,United States,Tshirt,Medium,4
01HPYDWNVMM408BHBPT443ZCWB,11/27/2023,dmcsaulp9@gravatar.com,Darice,McSaul,675 Corscot Center,United States,Hoody,Medium,2
01HPYDWNVQ98APR1JR6M5QAS7Z,6/13/2023,egokespa@taobao.com,Ema,Gokes,4 Laurel Alley,Sweden,Hoody,Medium,1
01HPYDWNVS15J17Y5GD02MMCZ7,8/25/2023,lbulwardpb@dailymotion.com,Luise,Bulward,84113 Erie Pass,Brazil,Shorts,Medium,4
01HPYDWNVVW2VK275XFE6PRJSF,11/12/2023,sgordongilespc@amazon.co.uk,Sibley,Gordon-Giles,8 Scoville Pass,Brazil,Sweater,Small,4
01HPYDWNVXX26Q6FZ1V5V0MEKX,2/4/2023,solongainpd@spotify.com,Samuele,O'Longain,03 Center Trail,Sweden,Scarf,Medium,2
01HPYDWNVZS6BXRY2F89Q4WX8T,2/22/2023,msenussipe@google.ru,Monro,Senussi,202 Grim Park,United States,Tshirt,Large,4
01HPYDWNW1CM9D5G8V4NTFGGMM,10/9/2023,dshuggpf@seattletimes.com,Dolley,Shugg,262 Esker Pass,Peru,Sweater,Large,2
01HPYDWNW296KRD0ZB882PQZKM,5/5/2023,cscarepg@nytimes.com,Charita,Scare,799 Troy Drive,France,Hat,Medium,1
01HPYDWNW4X11NRTP4J1MQVM2Y,5/5/2023,kpriestnerph@gmpg.org,Kyle,Priestner,61635 Corscot Trail,Brazil,Hoody,Large,2
01HPYDWNW605R6P6XN1NKD1JW2,3/18/2023,echarsleypi@tinypic.com,Ennis,Charsley,2482 Acker Place,Germany,Hoody,XX-Large,1
01HPYDWNW78CC49DWCR5SY19AD,7/13/2023,chankeypj@exblog.jp,Carlyn,Hankey,79419 Golden Leaf Center,France,Scarf,Large,3
01HPYDWNW8Z5615MFMT11S1ZG5,9/17/2023,cmcpeeterspk@state.tx.us,Carie,McPeeters,145 Oak Hill,United States,Sweater,Large,3
01HPYDWNWBMYB7YCER2F6X8ECE,7/15/2023,nwoodspl@cornell.edu,Norrie,Woods,909 Eliot Way,Brazil,Hat,Large,3
01HPYDWNWEEW23MB3ZAH04WNDV,5/17/2023,mbeckpm@salon.com,Mort,Beck,75 Morning Avenue,Nigeria,Scarf,Large,3
01HPYDWNWH5G5EHEAFTM1ZP63X,8/10/2023,gcossampn@wikimedia.org,Georgette,Cossam,14 Pleasure Alley,Senegal,Sweater,Large,2
01HPYDWNWMKCTD1QC1AYM6547J,10/2/2023,jbowmerpo@walmart.com,Jamil,Bowmer,417 Old Gate Plaza,France,Sweater,Medium,1
01HPYDWNWP0QSW6TS42V005WZD,10/22/2023,jbennenpp@addtoany.com,Jeanna,Bennen,81 Monterey Point,United States,Tshirt,Large,3
01HPYDWNWRAEA1H7JS1PG1VS8G,7/8/2023,hmarvellpq@ezinearticles.com,Helen,Marvell,9005 Barnett Place,France,Tshirt,Medium,4
01HPYDWNWVEFED4PY76K3GBB3B,1/23/2023,laddymanpr@feedburner.com,Lanie,Addyman,08 South Park,Peru,Sweater,X-Large,4
01HPYDWNWYXHW1YPHKW2EBKYF6,3/28/2023,jbriggps@biglobe.ne.jp,Julius,Brigg,3067 Spenser Lane,Brazil,Hoody,Small,2
01HPYDWNWZZMEXB67W92A3X8B1,10/14/2023,emaciejewskipt@51.la,Elisha,Maciejewski,6583 Northport Hill,France,Sweater,Large,4
01HPYDWNX2ZHT0BWKJNE59MT7V,7/19/2023,nstillypu@bigcartel.com,Noemi,Stilly,2 Esch Plaza,Sweden,Hoody,XX-Large,4
01HPYDWNX5C6VZ6ART6S49EAV7,12/26/2023,bcourteneypv@reddit.com,Bart,Courteney,32543 Swallow Street,Nigeria,Hoody,Large,3
01HPYDWNX6TZHG1SD4PH317KBG,9/11/2023,akeelingepw@msu.edu,Arni,Keelinge,4778 Fordem Terrace,United States,Hoody,Large,3
01HPYDWNX9VGGWF6G7BGYC6AK2,5/6/2023,hjacquespx@state.gov,Hilarius,Jacques,85 Chinook Crossing,Peru,Hoody,XX-Large,1
01HPYDWNXBAQFYJ1PPCARPE4EE,8/9/2023,pfraylingpy@shareasale.com,Paulita,Frayling,256 Petterle Point,Canada,Gloves,Medium,3
01HPYDWNXETR8CMW09C6P3VYDQ,9/4/2023,etyrwhittpz@fema.gov,Emmalynne,Tyrwhitt,0 Banding Way,France,Hoody,Large,1
01HPYDWNXGT7WS8H1F3NHJWEBY,3/31/2023,gdiamantq0@telegraph.co.uk,Gianna,Diamant,528 Melvin Park,Germany,Hoody,Medium,4
01HPYDWNXKSXHHFE6G2G3AV898,9/27/2023,bhuckerq1@cisco.com,Brandice,Hucker,32 International Crossing,Australia,Hoody,Large,1
01HPYDWNXN21FHM39SVQT4JNAW,4/24/2023,deyeq2@goodreads.com,Dominique,Eye,01 Badeau Lane,Brazil,Tshirt,XX-Large,1
01HPYDWNXPDA2HV01HA49B9YMC,9/6/2023,tbreensq3@wired.com,Tedd,Breens,038 Parkside Circle,Nigeria,Tshirt,X-Large,4
01HPYDWNXQFETF655VYG6GERJZ,10/29/2023,aarndtq4@jalbum.net,Atalanta,Arndt,5011 Ridgeview Hill,Canada,Gloves,Medium,3
01HPYDWNXSWPRW2D4JPB37FKVJ,5/31/2023,wdsouzaq5@bloglines.com,Westbrook,D'Souza,6053 Coolidge Court,Brazil,Tshirt,X-Large,1
01HPYDWNXVYJ5GF8ZVES5DX8ZP,10/26/2023,koggerq6@mashable.com,Kinsley,Ogger,58 Kim Parkway,Canada,Shorts,Large,2
01HPYDWNXWEEGQXF55HRKDPRDM,9/2/2023,ebrydenq7@google.com.hk,Edlin,Bryden,27211 Utah Crossing,Brazil,Hoody,Small,1
01HPYDWNXYQ0E50HRP2MQDPK5S,12/14/2023,lmccheyneq8@bbb.org,Lucais,McCheyne,7 Stone Corner Crossing,Germany,Hoody,XX-Large,2
01HPYDWNY0FKQ35RJVGHWWADCN,4/12/2023,pempsq9@i2i.jp,Peggy,Emps,9 Springs Plaza,Sweden,Tshirt,Large,3
01HPYDWNY2PHTVK1ZGJ68R6TEM,7/3/2023,getchellqa@spotify.com,Gardner,Etchell,882 Roxbury Avenue,Sweden,Tshirt,Small,4
01HPYDWNY4PVW56915A3BH9C75,6/26/2023,kleggottqb@constantcontact.com,Katherine,Leggott,5986 Gerald Point,Brazil,Hoody,Medium,3
01HPYDWNYV5H3NKV5E5R5FE7HX,5/18/2023,aleiversqc@goodreads.com,Aurel,Leivers,9 Pepper Wood Alley,Argentina,Tshirt,Medium,1
01HPYDWNYWE9N25EZ3JY5R5KXG,7/7/2023,emattosoffqd@microsoft.com,Ebony,Mattosoff,0 Meadow Valley Crossing,Canada,Hoody,Small,4
01HPYDWNYXZW70X1QY44WN904Y,7/26/2023,tsiggersqe@economist.com,Trevor,Siggers,0 Orin Hill,Chile,Shorts,Large,2
01HPYDWNYY76EA2HFF2JCQTC72,9/19/2023,aaucourteqf@indiegogo.com,Allys,Aucourte,734 Upham Parkway,Bosnia and Herzegovina,Tshirt,Medium,4
01HPYDWNZ03HECBN3CW2E31ZD1,2/24/2023,ncaldaroqg@skype.com,Nigel,Caldaro,99 Rusk Crossing,Canada,Hoody,Medium,4
01HPYDWNZ16GQBH63GH4HSAHVR,10/31/2023,nbandeqh@businessweek.com,Nadeen,Bande,16346 Towne Center,Canada,Sweater,X-Large,3
01HPYDWNZ2PHEDMAVAM2APYRFK,10/28/2023,tlonsdaleqi@ihg.com,Tonye,Lonsdale,113 Cherokee Court,Canada,Hat,X-Large,2
01HPYDWNZ5S2PNKH7BAPTKX0HP,2/10/2023,bdutsonqj@netvibes.com,Bern,Dutson,3562 Menomonie Park,Argentina,Sweater,X-Large,1
01HPYDWNZ841A4XHBAVYWBWKGX,1/8/2023,dreynoldqk@deliciousdays.com,Desirae,Reynold,8 Little Fleur Avenue,Brazil,Hoody,Small,4
01HPYDWNZB9Z32ZF7YWAQKPPW2,10/4/2023,gridewoodql@last.fm,Gipsy,Ridewood,20326 Lindbergh Hill,Nigeria,Scarf,Medium,1
01HPYDWNZE326SVRXQ46EX0SZE,2/23/2023,volliganqm@noaa.gov,Valerye,Olligan,6 Bultman Point,Norway,Sweater,Medium,4
01HPYDWNZHGATPMV8X1C7T7PG8,5/18/2023,cdendleqn@yale.edu,Claudell,Dendle,11 Ronald Regan Street,Nigeria,Tshirt,Medium,3
01HPYDWNZK5V43779209RR2NCZ,6/28/2023,btidbaldqo@github.com,Bambi,Tidbald,44383 Kinsman Hill,Sweden,Hoody,XX-Large,2
01HPYDWNZMEEX5GYW0KCW7MAVV,12/2/2023,aaustingqp@cam.ac.uk,Allsun,Austing,6 Dapin Alley,Peru,Sweater,Medium,2
01HPYDWNZQCAPBJCV00ZAR38NZ,10/29/2023,wworsomqq@ask.com,Winnie,Worsom,01644 Pepper Wood Junction,Peru,Gloves,X-Large,4
01HPYDWNZTT95ZY4B5WXQJ3RM6,8/15/2023,jaudreyqr@businesswire.com,Jane,Audrey,42 Blackbird Avenue,United States,Hoody,Medium,2
01HPYDWNZXGN0Y9SBX7XD0WF92,7/20/2023,arichardqs@berkeley.edu,Amity,Richard,7246 Fulton Park,Peru,Hoody,X-Large,4
01HPYDWP009R6X1FZHHAPTZS9X,1/12/2023,aashfieldqt@state.tx.us,Adelice,Ashfield,8596 Declaration Plaza,Brazil,Sweater,X-Large,4
01HPYDWP03GNHEGJVEGJKT552R,10/30/2023,mpaulsqu@dagondesign.com,Melva,Pauls,585 Reindahl Place,Canada,Tshirt,X-Large,4
01HPYDWP051V62VN7QP4V5V9E6,5/13/2023,kcocheqv@yolasite.com,Kai,Coche,2842 Melody Crossing,France,Shorts,Medium,3
01HPYDWP08NQEDD2MWXWDAGPF5,4/20/2023,aduffyqw@taobao.com,Alla,Duffy,5526 Norway Maple Trail,Peru,Tshirt,Medium,1
01HPYDWP0BWSNQ7NCVY5W3175T,4/28/2023,tdrakersqx@desdev.cn,Trev,Drakers,7 Anthes Parkway,Canada,Hoody,XX-Large,1
01HPYDWP0E6WN02R5DMSRP7QQV,12/15/2023,tyarrellqy@redcross.org,Thorpe,Yarrell,637 Dennis Center,Brazil,Hoody,Medium,2
01HPYDWP0HCDAYJDD5MBMMAGSG,8/15/2023,rammerqz@virginia.edu,Renelle,Ammer,2229 Northwestern Junction,United States,Sweater,Large,1
01HPYDWP0M9BG49MBV358R8VXJ,2/7/2023,csimoensr0@cyberchimps.com,Chloette,Simoens,4808 Larry Hill,France,Tshirt,Medium,4
01HPYDWP0QV0WZ44KHAJMJX3J4,11/24/2023,jalforder1@jugem.jp,Jenny,Alforde,57 International Junction,United States,Hoody,Medium,1
01HPYDWP0SHXJ2BG4H7TXDQW37,12/13/2023,ameysr2@trellian.com,Abrahan,Meys,2732 Pierstorff Circle,Canada,Tshirt,X-Large,3
01HPYDWP0WXG32K18B7GCFSNXR,2/6/2023,slatehouser3@github.io,Simeon,Latehouse,17 4th Court,Argentina,Tshirt,X-Large,3
01HPYDWP0YHCC601K6YV1GJJ0S,5/11/2023,smeddr4@mediafire.com,Sheela,Medd,0 Butternut Point,Sweden,Hoody,Small,3
01HPYDWP11N586CB8VCT17JWJS,9/4/2023,ubooleyr5@dot.gov,Uriah,Booley,74 Lakewood Gardens Drive,Uganda,Tshirt,Small,3
01HPYDWP13ZYQ81K50HW65MJ91,10/28/2023,hstanggjertsenr6@quantcast.com,Hilary,Stang-Gjertsen,46895 Knutson Road,Nigeria,Hoody,Small,3
01HPYDWP168QM7JAF13FCA1DKG,7/27/2023,mkanzlerr7@dion.ne.jp,Max,Kanzler,6 Columbus Road,Brazil,Hat,XX-Large,2
01HPYDWP19WAB7W2BCFTPYD22M,6/24/2023,sbrasierr8@java.com,Sheffy,Brasier,13818 Graedel Crossing,Brazil,Tshirt,Small,2
01HPYDWP1C43GH5WY2EXVT07VK,3/27/2023,mwegenerr9@bloglines.com,Mackenzie,Wegener,46 Farmco Court,Nigeria,Tshirt,Large,1
01HPYDWP1F2FDGZTD9ECQRH2ZN,5/7/2023,tpenhallra@un.org,Tallia,Penhall,88148 Hauk Street,Nigeria,Tshirt,XX-Large,3
01HPYDWP1JVB1E6Y8PW80AX830,1/5/2023,rullettrb@cnet.com,Reidar,Ullett,090 Northwestern Parkway,Brazil,Hoody,Medium,3
01HPYDWP1M5A44P2Q9GDMW13DX,9/15/2023,ktynanrc@github.com,Kinsley,Tynan,6169 Ronald Regan Place,Norway,Scarf,Medium,1
01HPYDWP1QADD2YZM0CDFD3665,11/24/2023,wredmorerd@reuters.com,Wallache,Redmore,046 Judy Way,Brazil,Sweater,Small,2
01HPYDWP1S9E46MC69CWKHQNFZ,8/10/2023,twiggansre@nba.com,Teddie,Wiggans,15656 Miller Point,Peru,Shorts,Large,3
01HPYDWP1TTS2MJSSFSAFC8H4K,7/17/2023,squilliganrf@wiley.com,Sinclair,Quilligan,14 Valley Edge Drive,Sweden,Scarf,Medium,2
01HPYDWP1XMC640G2TKQW9H5H7,4/16/2023,voboylerg@zimbio.com,Vincenty,O'Boyle,50 Fordem Center,Italy,Sweater,Medium,4
01HPYDWP1YVP1ARK0M2886QP5P,4/13/2023,mfatscherrh@4shared.com,Maurise,Fatscher,18 Melrose Trail,Sweden,Tshirt,Large,4
01HPYDWP1ZYF8GX6AJZN282QWP,7/20/2023,tmcgiffieri@exblog.jp,Thaddeus,McGiffie,01591 Leroy Street,France,Tshirt,Medium,1
01HPYDWP21X4FMFYSXH3X32W7A,3/22/2023,lheimannrj@baidu.com,Lethia,Heimann,960 Algoma Crossing,United States,Sweater,X-Large,3
01HPYDWP23CA30KVRWDEJR47G4,7/8/2023,bkermoderk@reuters.com,Bone,Kermode,3112 Messerschmidt Pass,Sweden,Hoody,Large,2
01HPYDWP25R624PR6K3MFCWM2F,9/3/2023,gshowersrl@dropbox.com,Guntar,Showers,62 Schiller Court,Sweden,Hat,X-Large,1
01HPYDWP289TGQAWWEJ23876T3,8/18/2023,bleserrm@addthis.com,Bucky,Leser,73433 Gina Center,United States,Scarf,Small,1
01HPYDWP295R63EVN5K9VHEWJ1,5/18/2023,phuiern@topsy.com,Patrizia,Huie,0378 8th Terrace,Brazil,Gloves,Small,2
01HPYDWP2BNJ2T4S2VYYDZ3MQS,7/13/2023,tmaylardro@xing.com,Tann,Maylard,7 Forest Run Street,France,Scarf,Large,4
01HPYDWP2CMT7MA5T47GSSP0YZ,10/16/2023,ubrasherrp@youtube.com,Ulysses,Brasher,38 Dryden Place,Peru,Shorts,Medium,3
01HPYDWP2DTFSBNHHGPFE919R6,11/25/2023,spenasrq@domainmarket.com,Sibel,Penas,1 Kingsford Drive,Nigeria,Tshirt,XX-Large,3
01HPYDWP2F82VTRWKZHRRCB4GW,9/21/2023,zcrichmererr@sakura.ne.jp,Zita,Crichmere,86 Rowland Lane,Bosnia and Herzegovina,Hoody,Small,3
01HPYDX1Y571QKSHBZ2NRM9Z70,9/5/2023,aocooney0@flavors.me,Ainslee,O'Cooney,73 Sloan Terrace,Bosnia and Herzegovina,Tshirt,Large,1
01HPYDX206ZSWNGEAS4QKSCGH9,1/19/2023,jchese1@dropbox.com,Josey,Chese,29677 Harper Way,Nigeria,Hat,XX-Large,2
01HPYDX208H9X11TER3CZTW9FM,8/23/2023,akingstne2@flickr.com,Ag,Kingstne,65 Del Sol Plaza,United States,Sweater,XX-Large,3
01HPYDX20AD3S54A5044DP733W,12/5/2023,kupward3@eventbrite.com,Kaylee,Upward,46338 Spaight Drive,Peru,Tshirt,Large,2
01HPYDX20CVFQBFD68VF87W7KW,8/4/2023,mprewer4@paypal.com,Mortie,Prewer,81180 Hauk Point,Brazil,Scarf,XX-Large,3
01HPYDX20DDQ50H4WAS1GB9YYX,12/10/2023,qledbury5@miitbeian.gov.cn,Quintina,Ledbury,102 Dayton Drive,Brazil,Tshirt,Small,4
01HPYDX20E5W1MQ256WKP05KDA,7/21/2023,lgimlet6@squidoo.com,Lari,Gimlet,09 Michigan Pass,France,Tshirt,Large,2
01HPYDX20GFYE2QCA91ZZGN94V,11/16/2023,divantyev7@eventbrite.com,Dante,Ivantyev,7148 Mayfield Circle,Sweden,Hat,X-Large,3
01HPYDX20H2ZWT4PFAMR2MTDVG,9/24/2023,crakes8@google.de,Chevy,Rakes,70891 Monica Street,Brazil,Hoody,Medium,2
01HPYDX20J61VH6D842W0C72P7,1/23/2023,lpittham9@example.com,Leone,Pittham,5 American Ash Alley,Brazil,Hoody,Small,2
01HPYDX20MHFK3YDMC51PDHY87,10/31/2023,hgoodreada@moonfruit.com,Hendrick,Goodread,24771 Hallows Crossing,Brazil,Hoody,Medium,4
01HPYDX20QEK0F8NWT10BWXCKJ,9/15/2023,rfoulisb@tiny.cc,Regine,Foulis,3 Cody Street,Italy,Tshirt,X-Large,2
01HPYDX20RF6M2153MAFP3NA45,2/6/2023,ehilldropc@miitbeian.gov.cn,Eudora,Hilldrop,54 Pierstorff Alley,Sweden,Sweater,Large,3
01HPYDX20TR4389SB9Y90SYSD4,6/8/2023,jbortond@amazon.com,Joyann,Borton,389 Spenser Park,Norway,Scarf,Medium,2
01HPYDX20W8CBTCDKA2C7MMFDA,9/19/2023,dmagowane@sourceforge.net,Derick,Magowan,10330 Laurel Hill,United States,Hoody,XX-Large,3
01HPYDX20XVER052R7PAW0PWFG,7/18/2023,dbadseyf@liveinternet.ru,Desmund,Badsey,0567 Nancy Trail,Sweden,Sweater,XX-Large,1
01HPYDX20YK3DQK19Q9T5S1WJQ,5/6/2023,ndrugang@ucoz.com,Niccolo,Drugan,92577 Elka Pass,Peru,Tshirt,Large,4
01HPYDX20ZDZDPMQCXJ477E8VC,8/8/2023,mmcroryh@cnet.com,Mia,McRory,8 Blaine Road,France,Shorts,Medium,1
01HPYDX2108B68CK8XBBQ05QMX,3/19/2023,njaoueni@yellowbook.com,Nerte,Jaouen,51217 Killdeer Way,France,Sweater,Large,2
01HPYDX211RCHV9HP8JECYH934,4/26/2023,wdwyerj@scientificamerican.com,Walther,Dwyer,464 Judy Avenue,France,Sweater,Medium,3
01HPYDX212MHG5E5E3CM4ZNPM1,6/16/2023,blanegrank@bloglovin.com,Byrann,Lanegran,5 Kropf Point,Argentina,Sweater,Large,4
01HPYDX214EH94FNQTQTG13VJ7,5/28/2023,kgerardl@issuu.com,Kaylee,Gerard,895 Anderson Plaza,Brazil,Scarf,Large,2
01HPYDX215VAEB01128ZCXN9DC,10/2/2023,ebeerm@symantec.com,Edeline,Beer,284 Butternut Trail,Nigeria,Sweater,Large,3
01HPYDX216Y62V2N35BZKWSP47,9/17/2023,acarlozzin@nifty.com,Alicea,Carlozzi,9 Vera Street,Nigeria,Scarf,X-Large,2
01HPYDX217GMPKZMC7AG3QBS6A,8/27/2023,mstanmano@uiuc.edu,Morganne,Stanman,350 Jenna Park,France,Tshirt,Medium,2
01HPYDX219PE4429KE937WND9C,4/29/2023,thowlesp@ucsd.edu,Thaxter,Howles,37 Kenwood Terrace,Germany,Tshirt,X-Large,3
01HPYDX21AQH4528E6BE8QMD04,4/1/2023,mficeq@globo.com,Mireielle,Fice,0 Basil Park,United States,Tshirt,Large,2
01HPYDX21B7FAWB3MQEHQVK0RV,1/27/2023,dashfieldr@unblog.fr,Dory,Ashfield,2 Basil Trail,France,Tshirt,Large,3
01HPYDX21C2B09GV8DK5GM4JJX,9/6/2023,mbertomeus@npr.org,Marjorie,Bertomeu,71510 Schurz Junction,Norway,Tshirt,Large,1
01HPYDX21DDDBRFFEX6HYS1PJD,10/13/2023,mmeaddowcroftt@ning.com,Meghann,Meaddowcroft,5 Old Shore Street,France,Tshirt,Medium,3
01HPYDX21EPS7Z0GBRD47SR4CG,11/2/2023,jwiggamu@independent.co.uk,Jobey,Wiggam,05283 Hallows Way,Peru,Hoody,Medium,1
01HPYDX21G526PZJ6RFBKVAP0V,1/6/2023,atedstonev@taobao.com,Abeu,Tedstone,025 Morrow Road,Peru,Tshirt,Large,2
01HPYDX21HTXZ51VX6K6DQJ9MV,3/27/2023,jeydenw@alibaba.com,Jodee,Eyden,24 Corben Place,Bosnia and Herzegovina,Hoody,Medium,3
01HPYDX21KAB2EWTH4BTPYH413,4/5/2023,foggerx@flickr.com,Fields,Ogger,82 Harper Alley,France,Gloves,Large,2
01HPYDX21MRF3G3SKDR9DK1F4X,4/26/2023,cschollicky@geocities.jp,Caroljean,Schollick,3 Granby Plaza,Argentina,Tshirt,Medium,2
01HPYDX21P56CK9HYFE3401SWK,1/18/2023,hspinigez@ucla.edu,Halie,Spinige,434 Sauthoff Crossing,Argentina,Tshirt,Large,2
01HPYDX21QMVW7J400N3SY4EDV,9/23/2023,qmcgaraghan10@ca.gov,Quintilla,McGaraghan,0460 Briar Crest Plaza,Argentina,Tshirt,Medium,4
01HPYDX21R3F4F4RY5647VPGQP,2/26/2023,agarden11@yale.edu,Allina,Garden,809 Milwaukee Junction,Argentina,Hoody,X-Large,2
01HPYDX21SBQH3YK81ZER5FYNW,10/24/2023,lcampelli12@tinyurl.com,Lila,Campelli,36744 Pennsylvania Road,United States,Scarf,Medium,2
01HPYDX21TJQK984YV34MWS40N,7/16/2023,acoupe13@cbslocal.com,Aubine,Coupe,286 Oriole Junction,Sweden,Tshirt,Small,2
01HPYDX21WJNCR8MHB9MM0SMKZ,12/2/2023,jbielby14@symantec.com,Jayson,Bielby,41 Beilfuss Alley,Sweden,Tshirt,Medium,4
01HPYDX21XVB07TSZBFYSZ1SM5,10/6/2023,tesland15@hugedomains.com,Terri,Esland,22 Kim Drive,Sweden,Hoody,XX-Large,2
01HPYDX21YMMM69SN05WC510PH,1/11/2023,aruppele16@constantcontact.com,Antonetta,Ruppele,17 Grover Park,United States,Tshirt,Large,1
01HPYDX21ZMFAM9FQ18KZD74VS,1/13/2023,eiliffe17@jalbum.net,Eberto,Iliffe,253 Lakewood Hill,United States,Hoody,Medium,3
01HPYDX221ABR5G572S8KTZFKT,12/13/2023,dlonergan18@cafepress.com,Dusty,Lonergan,4 Eagan Lane,United States,Scarf,Small,4
01HPYDX223Q4BH2ESDF2DP2MA6,12/21/2023,sbruck19@wiley.com,Stepha,Bruck,815 Meadow Valley Circle,Nigeria,Scarf,Medium,4
01HPYDX22524F0XG9Q6XWY4DHG,2/20/2023,twillars1a@opensource.org,Tedie,Willars,7 Welch Plaza,Peru,Hoody,Medium,1
01HPYDX228PSPV0Q2J1Z8DKS55,9/2/2023,aottiwill1b@dot.gov,Ashlen,Ottiwill,84 Mcguire Point,Peru,Hoody,Large,3
01HPYDX22AKHE13KRFKA5DFD6A,5/8/2023,dgyde1c@usgs.gov,Daphne,Gyde,3575 Kedzie Road,Bosnia and Herzegovina,Tshirt,Medium,4
01HPYDX22CQVWETF0THX39GN5A,10/1/2023,mlavin1d@addtoany.com,Malina,Lavin,8649 Golf Course Crossing,Sweden,Hoody,Medium,1
01HPYDX22EATY09E5H00JG8WFK,5/30/2023,rsurcomb1e@bing.com,Randie,Surcomb,95316 Kenwood Pass,Sweden,Hoody,XX-Large,3
01HPYDX22FC5ZNK70P62XNH05A,2/19/2023,dpinkard1f@jalbum.net,Dorotea,Pinkard,55 Sachs Terrace,Peru,Scarf,XX-Large,4
01HPYDX22JWEN4W247PMBF6M26,5/26/2023,coxlee1g@vistaprint.com,Corbet,Oxlee,697 Farmco Avenue,Argentina,Shorts,Medium,3
01HPYDX22M6H8PSKJVGPD90AA7,12/10/2023,lcorbert1h@stumbleupon.com,Langston,Corbert,310 Springview Drive,Brazil,Tshirt,Medium,1
01HPYDX22QQAPYWB2C5RAWXEW9,9/7/2023,soley1i@samsung.com,Steffi,Oley,04137 Summerview Crossing,Canada,Tshirt,Medium,1
01HPYDX22TDX76DB4D6S0RSG3Y,11/26/2023,csmitherham1j@linkedin.com,Creight,Smitherham,2545 Goodland Street,France,Gloves,XX-Large,3
01HPYDX22X57TXM1H3GR8J75R3,4/6/2023,tloxdale1k@smugmug.com,Thom,Loxdale,45747 Arrowood Junction,France,Hoody,Medium,1
01HPYDX22Z8QA86MEE1EJKK724,8/9/2023,wrocco1l@nhs.uk,Wallis,Rocco,4128 Menomonie Parkway,United States,Sweater,XX-Large,2
01HPYDX232D1SK2AHEKNNTPRQB,1/20/2023,bsilliman1m@zdnet.com,Blake,Silliman,3911 Cordelia Avenue,Canada,Shorts,X-Large,1
01HPYDX233246AE627J2YSF9YX,7/30/2023,abartke1n@twitter.com,Andreas,Bartke,0 Bellgrove Pass,France,Tshirt,Medium,4
01HPYDX235TSG875Z8HASPCCC9,6/24/2023,afasler1o@scientificamerican.com,Ardra,Fasler,503 Buhler Avenue,France,Scarf,Large,1
01HPYDX236XAW7F2J241WVW159,6/11/2023,csemple1p@delicious.com,Cahra,Semple,719 Burrows Plaza,Uruguay,Scarf,XX-Large,3
01HPYDX2393E4XE0Y63ATNSWD2,4/8/2023,bfinlayson1q@wikipedia.org,Bronnie,Finlayson,6234 Heffernan Street,France,Jacket,Medium,4
01HPYDX23CET4M4BFF8MJWWJC3,3/19/2023,vpapps1r@trellian.com,Verile,Papps,43307 Roxbury Court,Argentina,Hoody,Large,4
01HPYDX23FTXGQHZCWGACHPJR3,9/2/2023,ddroghan1s@booking.com,Dasie,Droghan,05333 Bluestem Pass,United States,Shorts,X-Large,3
01HPYDX23J8QNT5FYPP60W9602,7/28/2023,smacaless1t@buzzfeed.com,Sissy,MacAless,3762 Goodland Circle,Germany,Scarf,Large,3
01HPYDX25F20VYDCQJ93DZH5NC,4/20/2023,achable1u@nyu.edu,Agace,Chable,70 Katie Point,United States,Jacket,Large,4
01HPYDX25GFEQ877XTMCRDQJ0P,7/7/2023,gapfler1v@phoca.cz,Giraud,Apfler,34 Hooker Junction,Brazil,Hoody,Medium,3
01HPYDX25JSKQ53PX34B140GSD,6/19/2023,gmcall1w@guardian.co.uk,Georgianne,Mcall,3683 American Place,United Kingdom,Tshirt,X-Large,3
01HPYDX25NJSFVT0W2C3CMR4ZN,9/21/2023,pbland1x@samsung.com,Paola,Bland,2272 Forest Pass,Norway,Hoody,Medium,2
01HPYDX25R7QC22QZN8DHAM1XR,3/15/2023,agillise1y@psu.edu,Amy,Gillise,229 Anderson Junction,Sweden,Jacket,Large,1
01HPYDX25T54FRA3E8B72ZMRG3,12/22/2023,cerbain1z@123-reg.co.uk,Calli,Erbain,972 School Park,Sweden,Scarf,Medium,4
01HPYDX25W58HFQVDVHZQENMSN,9/15/2023,dzellner20@cocolog-nifty.com,Domingo,Zellner,73 Harbort Court,France,Hoody,Large,2
01HPYDX25YAY69WEA6TJ89Q6DF,10/13/2023,ktrump21@marriott.com,Korella,Trump,365 Bartillon Alley,Nigeria,Gloves,Large,4
01HPYDX25ZWFHEWHZF9N7X1BZH,1/23/2023,wkerry22@wsj.com,Winnie,Kerry,796 Blackbird Avenue,Sweden,Hoody,X-Large,2
01HPYDX260DEGBY9JHVRBFHZGD,8/14/2023,mmcinteer23@liveinternet.ru,Martino,McInteer,8 Vidon Lane,Argentina,Sweater,Medium,3
01HPYDX262ANK1GTJJ9Z6PADD7,8/10/2023,jjandel24@indiatimes.com,Jourdan,Jandel,89320 Summer Ridge Road,Peru,Hoody,Medium,2
01HPYDX2643ME2YTYDAKXPBGF5,7/10/2023,bokeshott25@bandcamp.com,Brig,Okeshott,08321 Everett Hill,United Kingdom,Hat,Small,4
01HPYDX267MJYBFV3WW7403CFJ,2/1/2023,qrogez26@51.la,Queenie,Rogez,55 Little Fleur Terrace,Brazil,Tshirt,Small,4
01HPYDX2691JDCJFWQA1ZXDTSN,6/28/2023,ehamfleet27@marriott.com,Erena,Hamfleet,7 Oakridge Park,Argentina,Tshirt,Medium,1
01HPYDX26C2ZPXHV7MX5T82CWA,10/18/2023,pzettoi28@cafepress.com,Piper,Zettoi,14308 Brentwood Drive,Peru,Tshirt,Small,1
01HPYDX26FS2J0GRH5BNTW3R13,10/7/2023,mshatford29@fda.gov,Mano,Shatford,48216 Twin Pines Avenue,United States,Jacket,X-Large,2
01HPYDX26J04YQRZAF368KSPSQ,10/1/2023,kfalcus2a@digg.com,Korella,Falcus,34 6th Way,Sweden,Shorts,Large,1
01HPYDX26ME26VEAGATYMFDQRY,1/28/2023,rtallach2b@ted.com,Raddy,Tallach,6496 Dunning Road,Argentina,Sweater,Medium,3
01HPYDX26Q8AWCGP3YQ66MYQ05,12/6/2023,ccochet2c@google.ru,Chrysa,Cochet,09 Blaine Lane,Argentina,Hoody,Medium,2
01HPYDX26SMGNCKQ7SZTH6VCEK,7/17/2023,calanbrooke2d@oaic.gov.au,Cherilynn,Alanbrooke,7 Bunker Hill Plaza,France,Sweater,Medium,3
01HPYDX26V9N25N7845A1N56HP,10/2/2023,bgosney2e@disqus.com,Berne,Gosney,2200 Lerdahl Trail,Argentina,Tshirt,Medium,4
01HPYDX26XS693WAT3S35GCBMM,9/17/2023,rhulburd2f@1und1.de,Randie,Hulburd,52 Emmet Avenue,United States,Shorts,Medium,1
01HPYDX26ZYAG4YSKN79J619S3,9/15/2023,rdeviney2g@columbia.edu,Rickert,Deviney,7693 Muir Park,Argentina,Hoody,Small,2
01HPYDX270VBVVCKWQ06G6JWFZ,5/30/2023,adunthorne2h@lycos.com,Andie,Dunthorne,5 Butterfield Court,Canada,Hoody,X-Large,2
01HPYDX272CNPV7VXHQKDG5R5D,5/13/2023,fballendine2i@comsenz.com,Frederick,Ballendine,0421 Shelley Lane,Peru,Scarf,Medium,2
01HPYDX274GZP6ZSAXGHXZR2CM,5/1/2023,kdagleas2j@sakura.ne.jp,Kyla,Dagleas,11488 Oak Valley Court,Canada,Hoody,Medium,4
01HPYDX276DFWFBRP3N2GXWVJN,5/5/2023,prainon2k@blogspot.com,Piotr,Rainon,804 Melvin Court,Argentina,Hoody,Small,2
01HPYDX277MSBP7JX4JD1CGT4X,12/15/2023,umarmion2l@tinyurl.com,Udall,Marmion,7 Pennsylvania Center,United States,Shorts,Large,2
01HPYDX27E5W3RQNVZDDFKAHYP,9/25/2023,dmouth2m@csmonitor.com,Duffie,Mouth,6 Dayton Center,France,Tshirt,Medium,1
01HPYDX27HJDHV2ACNPY16D166,12/20/2023,dkuzma2n@com.com,Daniella,Kuzma,41 Killdeer Court,France,Tshirt,Large,3
01HPYDX27KX55FG06M4QAJEYJ6,7/11/2023,jbreedy2o@bbc.co.uk,Jorey,Breedy,21187 Forest Run Lane,Brazil,Tshirt,Medium,4
01HPYDX27P6HM1W7EH1FGHPSAZ,5/7/2023,eouldred2p@webs.com,Elladine,Ouldred,4353 Coolidge Road,Spain,Scarf,Medium,4
01HPYDX27ST6RSXMH1DTS9RVRZ,3/4/2023,bcanedo2q@yelp.com,Benedick,Canedo,6 Troy Junction,Argentina,Jacket,X-Large,1
01HPYDX27W6GNC88BZCDZSW20J,10/22/2023,ghayesman2r@salon.com,Gayel,Hayesman,61 American Ash Terrace,Brazil,Scarf,X-Large,3
01HPYDX27XW1VBPCZX91FZY87Z,10/4/2023,gbartlomiej2s@auda.org.au,Gabriello,Bartlomiej,08798 Nova Junction,Nigeria,Hoody,Small,4
01HPYDX27YFQN70FKA746TSSKN,4/30/2023,rbrosi2t@smugmug.com,Reid,Brosi,10703 Alpine Pass,Brazil,Tshirt,Small,3
01HPYDX2809ETZ4RX08N0JK0W9,6/19/2023,atappington2u@tiny.cc,Abbot,Tappington,51 Independence Hill,Canada,Jacket,Medium,1
01HPYDX281XVS26Y5GX6J7KVAQ,4/7/2023,jdabs2v@virginia.edu,Janel,Dabs,5132 Lighthouse Bay Center,Sweden,Tshirt,Medium,1
01HPYDX282FXWJG3F63YDPVNJX,8/10/2023,mharesign2w@dion.ne.jp,Meg,Haresign,96852 Novick Hill,United States,Hoody,X-Large,1
01HPYDX283N46BZD2FEQZNR6WM,3/1/2023,hagastina2x@flickr.com,Horacio,Agastina,676 Sundown Parkway,Sweden,Jacket,Large,3
01HPYDX285NK60XY71WTQB481S,2/11/2023,kinnman2y@scribd.com,Keelby,Innman,465 Dexter Plaza,Uganda,Gloves,Medium,2
01HPYDX287BBVPMHJHPT6D9PYZ,12/10/2023,opryke2z@washington.edu,Olia,Pryke,4414 Thackeray Alley,Chile,Hoody,Large,3
01HPYDX288EWCVNSXQ36YBPT1S,10/3/2023,mwallbrook30@indiatimes.com,Maris,Wallbrook,76776 Rieder Terrace,Brazil,Hoody,XX-Large,3
01HPYDX28A3SHB666AR3M1ATQB,6/24/2023,ovelez31@phpbb.com,Odie,Velez,586 Prentice Lane,United States,Shorts,XX-Large,3
01HPYDX28C8T0Y0HSW1XK81W8F,4/20/2023,rpurser32@furl.net,Roddy,Purser,8606 4th Avenue,Peru,Scarf,Medium,3
01HPYDX28EDC1Z6TWXC3K67192,3/9/2023,amufford33@cocolog-nifty.com,Angeli,Mufford,86026 New Castle Point,Brazil,Sweater,Large,1
01HPYDX28FTMR3YS96T7GAQJX6,9/29/2023,jslingsby34@illinois.edu,Jody,Slingsby,4122 Schlimgen Road,Brazil,Shorts,XX-Large,2
01HPYDX28H9C6DC3EZM469S5X6,4/27/2023,msheldrick35@wix.com,Milicent,Sheldrick,11 Kinsman Street,Brazil,Shorts,Large,1
01HPYDX28MCNDVRA3EABS94XV4,3/12/2023,arosenwasser36@jugem.jp,Ardelle,Rosenwasser,4 Kropf Court,Uruguay,Tshirt,Medium,3
01HPYDX28QQ7JSMTKJT7XJJKXS,10/28/2023,rveivers37@cmu.edu,Robinetta,Veivers,2 Monument Terrace,France,Scarf,Large,3
01HPYDX28RQF66MTXVZCMZ1MJP,2/19/2023,aalbutt38@blogs.com,Allan,Albutt,93895 Mcbride Parkway,France,Hoody,Large,4
01HPYDX28TF1H643VV09HHNFEG,11/4/2023,jcrowne39@biblegateway.com,Jacky,Crowne,7 Little Fleur Avenue,Norway,Tshirt,Medium,3
01HPYDX28V2S82KN6ETYC1FJQT,9/17/2023,bspanton3a@lycos.com,Bianca,Spanton,45 Lake View Junction,Peru,Hoody,Large,1
01HPYDX28XR0ZG4ZYNTYHQW0QM,10/10/2023,cyakobovicz3b@macromedia.com,Crin,Yakobovicz,76647 Nova Way,Brazil,Scarf,Small,2
01HPYDX28YFG3W9X25XZFP80YQ,11/22/2023,rphysick3c@gizmodo.com,Roch,Physick,1 Alpine Center,Brazil,Hoody,Small,3
01HPYDX29006BKX9783PRV07AA,1/13/2023,ekuhl3d@constantcontact.com,Evered,Kuhl,9023 Debra Avenue,Brazil,Tshirt,Small,2
01HPYDX291RA5STBJQEBGWKMHC,4/21/2023,ntreadger3e@nsw.gov.au,Neale,Treadger,22 Memorial Parkway,United States,Sweater,Medium,3
01HPYDX293B72EEW9P1SY6V0AW,3/23/2023,chammerstone3f@jugem.jp,Cheri,Hammerstone,16 Bunting Point,Brazil,Hoody,Small,3
01HPYDX29440JR2SPHPG3AHDNV,1/31/2023,ssiely3g@accuweather.com,Stafford,Siely,7 Shasta Center,Canada,Hoody,Large,1
01HPYDX295NA5CVKEDR560P5XJ,10/2/2023,mbartrum3h@addtoany.com,Marlyn,Bartrum,9477 Muir Pass,United States,Tshirt,Large,2
01HPYDX2961SAXRHT2P4C18C1S,11/25/2023,sbowne3i@facebook.com,Si,Bowne,3 Rieder Point,Norway,Tshirt,Large,1
01HPYDX298N93HC2X0Z6VACVK5,4/27/2023,klewing3j@prlog.org,Krystle,Lewing,513 Toban Crossing,Brazil,Jacket,Small,1
01HPYDX299N76VW8W4MG1K5R9M,5/14/2023,jromagnosi3k@usda.gov,Jade,Romagnosi,234 Cherokee Way,Brazil,Tshirt,Medium,1
01HPYDX29A8XXCKN462DY5XAF4,1/18/2023,gblackburn3l@addthis.com,Gannie,Blackburn,5113 Doe Crossing Hill,France,Jacket,Medium,2
01HPYDX29BZNSGVSGEVKVK6VET,4/16/2023,ibeavers3m@addtoany.com,Iver,Beavers,4 North Street,Sweden,Scarf,X-Large,4
01HPYDX29DG7R3MTJ6NZEXZY4B,12/22/2023,heilhertsen3n@photobucket.com,Hastie,Eilhertsen,40440 Forest Circle,Nigeria,Sweater,Large,2
01HPYDX29EHTC978SW5CRXTMWR,1/31/2023,ekennelly3o@house.gov,Esta,Kennelly,847 Thompson Street,France,Hat,Large,1
01HPYDX29FA47VJB6A9VCATTP0,11/1/2023,aguillerman3p@example.com,Angelle,Guillerman,12599 Commercial Way,Nigeria,Tshirt,Medium,3
01HPYDX29HQ4REFCYE6AFCY0KJ,3/9/2023,tennew3q@kickstarter.com,Tristan,Ennew,333 4th Crossing,Canada,Tshirt,XX-Large,2
01HPYDX29JBT8PHBWCM6WV9GXH,3/15/2023,dyancey3r@theatlantic.com,Demetris,Yancey,2714 Morning Park,Brazil,Sweater,X-Large,2
01HPYDX29K5GGF78M9S2AWY1TY,12/13/2023,amcalpin3s@apache.org,Arlina,McAlpin,3757 Bowman Pass,Argentina,Jacket,Medium,1
01HPYDX29NR4FAPWKNDVS8XKK8,9/22/2023,mlekeux3t@bloglovin.com,Micheal,le Keux,0 Bultman Drive,Canada,Shorts,Small,1
01HPYDX29Q4CRANG16XJ94MAD9,2/1/2023,hzavittieri3u@chronoengine.com,Hulda,Zavittieri,49 Hauk Circle,France,Scarf,Small,4
01HPYDX29RNFM6TDT4N8EBZPHN,1/3/2023,edyke3v@51.la,Ezmeralda,Dyke,69570 Laurel Drive,Sweden,Tshirt,Medium,2
01HPYDX29T2DJKG6VTZC4N0AYY,2/14/2023,elegate3w@etsy.com,Erwin,Legate,7936 Bay Crossing,Brazil,Hat,X-Large,3
01HPYDX29V2BCM3PPDXMBCY26C,5/20/2023,ltrenfield3x@sciencedirect.com,Layla,Trenfield,5143 Chive Point,United States,Shorts,Medium,1
01HPYDX29W72TH67CRKP9E62NQ,6/12/2023,msynnot3y@biglobe.ne.jp,Magdaia,Synnot,51 Green Place,Sweden,Tshirt,XX-Large,1
01HPYDX29XHVGHH7NYVTFGRTQ7,1/1/2023,kquelch3z@spiegel.de,Kalindi,Quelch,4350 Moland Place,France,Shorts,Medium,4
01HPYDX29YFY97ESQYVNRQ4YJQ,3/1/2023,prye40@barnesandnoble.com,Patsy,Rye,04008 Valley Edge Terrace,Argentina,Shorts,Large,4
01HPYDX2A00RKYGCBPFVGA1S7D,10/8/2023,hlarcher41@yahoo.com,Hagan,Larcher,7796 Emmet Lane,United Kingdom,Tshirt,Medium,1
01HPYDX2A1QBQAGP8B3RTHTX79,2/25/2023,adolphin42@chronoengine.com,Anne-corinne,Dolphin,49 Novick Trail,Argentina,Gloves,Medium,3
01HPYDX2A2ZESC45PP9BXWSGXS,3/2/2023,jarthars43@wikipedia.org,Jonathan,Arthars,39032 Becker Point,France,Tshirt,Medium,1
01HPYDX2A5NBA7G6ABGEH77ZQK,8/5/2023,ppettecrew44@chronoengine.com,Paolina,Pettecrew,42481 Hollow Ridge Street,Brazil,Hoody,Large,1
01HPYDX2A6CCPWMB6FYQZM9JXN,12/8/2023,linkpin45@exblog.jp,Leonhard,Inkpin,56137 Columbus Circle,United States,Tshirt,Large,2
01HPYDX2A7YPQ5FSNDC6BHSRN1,1/12/2023,lmalec46@prnewswire.com,Lissa,Malec,47894 Rieder Lane,France,Hoody,Medium,4
01HPYDX2A9ZY5BMESA5WCPSTPE,1/17/2023,glissimore47@indiatimes.com,Glori,Lissimore,301 Mayer Place,France,Hoody,Large,1
01HPYDX2AAKVF8HYPV7KZN3VNK,7/31/2023,krosindill48@taobao.com,Kellen,Rosindill,1365 Warrior Drive,Argentina,Tshirt,Large,1
01HPYDX2ABCMBE4D02CVHS36EN,5/22/2023,sfaunt49@1688.com,Stormie,Faunt,8 Columbus Crossing,Argentina,Tshirt,Medium,1
01HPYDX2ADTR3TBCHTWWR5VKKG,9/5/2023,gmccreery4a@ifeng.com,Gradey,McCreery,0232 Summer Ridge Crossing,Spain,Tshirt,XX-Large,4
01HPYDX2AETSE0G30V4MWC448D,4/1/2023,birwin4b@artisteer.com,Boony,Irwin,143 Stuart Street,Nigeria,Shorts,XX-Large,2
01HPYDX2AFKTR4QKH6WKB4WRRH,7/21/2023,bmacmeanma4c@nps.gov,Brendin,MacMeanma,899 Manufacturers Parkway,United States,Tshirt,XX-Large,4
01HPYDX2AJJ7Y9JRQB6AZ24ABX,4/17/2023,dwalch4d@sciencedirect.com,Dory,Walch,2722 Brickson Park Place,Brazil,Hoody,Medium,4
01HPYDX2AK2CV8NXHND0FHQS1M,12/29/2023,smulvany4e@nps.gov,Shermie,Mulvany,5148 Continental Center,United States,Hat,Medium,3
01HPYDX2ANEZK2HPWRHH28KSR7,5/21/2023,ihopkynson4f@theguardian.com,Isahella,Hopkynson,000 Kings Terrace,Peru,Tshirt,Small,4
01HPYDX2AP6TW2ZKGG6TEAJWGA,8/24/2023,kdrees4g@weebly.com,Karlotte,Drees,4851 Dorton Circle,Sweden,Hoody,X-Large,3
01HPYDX2AQ3GMCAB6ZSHJ90G24,11/16/2023,arignall4h@miitbeian.gov.cn,Ariela,Rignall,73644 Sugar Terrace,Argentina,Jacket,Large,3
01HPYDX2ASB5D1AG6TRG4JTYC3,2/18/2023,pgresham4i@yolasite.com,Penelope,Gresham,16516 Northland Terrace,France,Hoody,X-Large,2
01HPYDX2ATV4MDQ7SW16CMCJ4V,9/9/2023,gwippermann4j@unicef.org,Gardy,Wippermann,1 Rieder Parkway,Germany,Tshirt,XX-Large,4
01HPYDX2AVW45GA7STDE2A7T2D,9/16/2023,eglenfield4k@51.la,Ewart,Glenfield,5 Sycamore Parkway,Sweden,Gloves,X-Large,1
01HPYDX2AWEYY2MXN2RQTVZBF1,8/8/2023,gnussgen4l@ucoz.com,Garrik,Nussgen,032 Jackson Pass,France,Hoody,XX-Large,4
01HPYDX2AYMH1R1GTCMYHAC08H,12/4/2023,bdomeny4m@typepad.com,Bonita,Domeny,498 Thompson Plaza,Argentina,Shorts,X-Large,3
01HPYDX2AZ60RQZ8TA6Z33SFXJ,3/1/2023,rbestall4n@arstechnica.com,Rad,Bestall,06905 Cottonwood Drive,United Kingdom,Shorts,Medium,4
01HPYDX2B0KPAD2ERXQ9569QRF,5/10/2023,apayn4o@apple.com,Arny,Payn,1 6th Terrace,Germany,Hoody,Small,1
01HPYDX2B2RBG8BCQP9D92E1DR,4/27/2023,nkosiada4p@cbsnews.com,Nissa,Kosiada,1940 Coolidge Parkway,Brazil,Tshirt,Large,3
01HPYDX2B368NYPP7XJMBZFJTJ,6/5/2023,erobertazzi4q@sciencedaily.com,Elicia,Robertazzi,04673 Sachs Park,France,Tshirt,Large,3
01HPYDX2B46HV2MC2RA33DDB3X,12/27/2023,ksiebart4r@timesonline.co.uk,Karin,Siebart,0 Delladonna Trail,Brazil,Hoody,Large,4
01HPYDX2B5SEKM08HH2S8QFHPK,1/4/2023,igarces4s@yandex.ru,Ikey,Garces,29 Morning Park,Sweden,Tshirt,Large,4
01HPYDX2B6GWJAXG7W7MS9P4WK,8/10/2023,gaspray4t@hibu.com,Glenden,Aspray,5 Melrose Road,Sweden,Hoody,Large,4
01HPYDX2B8WW4FW57Q66TA7T5S,8/24/2023,wrodnight4u@artisteer.com,Welsh,Rodnight,1040 Crescent Oaks Place,Brazil,Tshirt,X-Large,3
01HPYDX2C1WQY5F52D49YYY21M,11/21/2023,meathorne4v@topsy.com,Mervin,Eathorne,379 Waxwing Avenue,Chile,Gloves,Large,4
01HPYDX2C45WE77KTKGHYZG0Q6,1/2/2023,dgingedale4w@jimdo.com,Drusilla,Gingedale,315 Mosinee Lane,Argentina,Tshirt,Medium,4
01HPYDX2C77BN96S2EQDAN4NTR,2/3/2023,rcoyett4x@desdev.cn,Retha,Coyett,53 Briar Crest Street,Brazil,Gloves,Small,2
01HPYDX2CAWN29P8DGDFAHDBAZ,12/13/2023,lnyssen4y@ft.com,Loydie,Nyssen,3180 Oak Valley Circle,Argentina,Hoody,Medium,1
01HPYDX2CCNG0ZW5S5DKDDCJ24,5/20/2023,dhannam4z@merriam-webster.com,Doll,Hannam,4 Hauk Center,France,Tshirt,Large,2
01HPYDX2CFPEQXKS3KXD45D2MC,1/28/2023,lklimkov50@elegantthemes.com,Lina,Klimkov,80 Blackbird Parkway,Brazil,Hat,Large,2
01HPYDX2CHSM8DEM0MMQBTKDZ8,3/23/2023,galessandretti51@un.org,Geoffry,Alessandretti,9 Butterfield Plaza,Canada,Hoody,Small,4
01HPYDX2CJNJ8T830MQS69JNCK,1/2/2023,jeckh52@theatlantic.com,Jo,Eckh,4322 Hansons Parkway,Peru,Hoody,Medium,2
01HPYDX2CMNGPJBRQZAQ4VTRGB,12/6/2023,mmaccari53@tmall.com,Minni,Maccari,74 Maple Crossing,France,Scarf,XX-Large,3
01HPYDX2CNBYM0SC0PETANZ38B,11/18/2023,cstorres54@jigsy.com,Cly,Storres,63 Mosinee Crossing,Ireland,Tshirt,Large,4
01HPYDX2CPV9VBASRC4ZGJ2ZFV,5/9/2023,cciani55@apache.org,Cordy,Ciani,658 Hoffman Lane,Peru,Tshirt,Medium,4
01HPYDX2CR6WXH8WXXBPEPTYZR,12/19/2023,dloraine56@xinhuanet.com,Duke,Loraine,428 Shasta Circle,Brazil,Hoody,Medium,4
01HPYDX2CT5MTRQ1ZSBT3VCQYS,12/14/2023,jpawelek57@un.org,Jacklyn,Pawelek,704 Gina Parkway,Norway,Shorts,Large,4
01HPYDX2CWCYSXHH7K5HGTTTKQ,5/7/2023,rvenour58@hhs.gov,Ruby,Venour,2678 Prentice Pass,United States,Scarf,Medium,3
01HPYDX2CY0VNF0NWN8KXHR936,12/24/2023,afrohock59@cam.ac.uk,Averil,Frohock,04978 Hovde Center,Norway,Jacket,Large,1
01HPYDX2CZ9N67BZCPRFRSZNC5,1/15/2023,lmigheli5a@nba.com,Laurianne,Migheli,0 Pepper Wood Crossing,Ireland,Hoody,Medium,2
01HPYDX2D06SSDA3XMC6NF4NBH,3/6/2023,fsafont5b@blogspot.com,Fred,Safont,67 Green Way,Argentina,Scarf,Medium,4
01HPYDX2D169CS7CWD79VWHW2K,4/7/2023,kjoliffe5c@fda.gov,Kirsteni,Joliffe,951 Burning Wood Crossing,Peru,Tshirt,Large,4
01HPYDX2D3FNYAYDEAC6QYSWQZ,11/29/2023,kcouronne5d@eventbrite.com,Kassi,Couronne,8053 New Castle Place,United States,Hat,X-Large,1
01HPYDX2D4E8VM7PC244W9JRE3,5/20/2023,rbennet5e@163.com,Rowe,Bennet,5 Kensington Place,Brazil,Hoody,Large,4
01HPYDX2D5BR52985BHCEDQBB2,2/23/2023,drawling5f@redcross.org,Debra,Rawling,5 Anniversary Alley,Nigeria,Shorts,Small,3
01HPYDX2D71FG7PDH4Z4WEA6GD,2/16/2023,nwarr5g@tmall.com,Nolan,Warr,2820 Golf Course Place,Bosnia and Herzegovina,Tshirt,Large,2
01HPYDX2D8DZXG2C565ZPG9NAG,5/26/2023,csimecek5h@gizmodo.com,Claudina,Simecek,8422 Helena Avenue,France,Hoody,Small,3
01HPYDX2DACF2GQAWXYFZA7R5T,4/13/2023,wglabach5i@pagesperso-orange.fr,Wilow,Glabach,2214 Del Sol Parkway,Canada,Shorts,Medium,1
01HPYDX2DD7ZB2J0H0VXETNJKX,9/4/2023,sertelt5j@eventbrite.com,Sharron,Ertelt,52133 Waxwing Lane,Sweden,Hat,Large,3
01HPYDX2DFB4AT3PMBG28C3PXF,3/21/2023,droizin5k@fema.gov,Devon,Roizin,9956 Talmadge Lane,Bosnia and Herzegovina,Hoody,Large,1
01HPYDX2DJAYPKEC45KG4VVAQ5,12/15/2023,jwinchester5l@pagesperso-orange.fr,Jeramie,Winchester,98492 Wayridge Junction,France,Hoody,Small,2
01HPYDX2DM244JDVQN14ZAMWX7,5/22/2023,lguesford5m@rambler.ru,Lee,Guesford,3 Vermont Junction,France,Jacket,Medium,2
01HPYDX2DPEYNQP9V4KTHQQSHY,11/22/2023,degleofgermany5n@behance.net,Dewitt,Egle of Germany,14 Goodland Junction,Brazil,Tshirt,XX-Large,2
01HPYDX2DRH49VBDWP92BP4WD2,5/6/2023,dkalinke5o@gravatar.com,Der,Kalinke,47 Shelley Street,Peru,Sweater,X-Large,2
01HPYDX2DTCRV9JEFREA46ZB56,9/26/2023,dwaddilove5p@bravesites.com,Dulciana,Waddilove,1 Stuart Park,Brazil,Tshirt,Large,4
01HPYDX2DWZN9YBPDN0R5HC7X3,4/25/2023,oduigan5q@clickbank.net,Oliviero,Duigan,0 Hoffman Center,Bosnia and Herzegovina,Shorts,Medium,4
01HPYDX2DY3C44R6SFVTSES8QV,5/29/2023,vwyld5r@amazon.com,Viola,Wyld,155 Del Mar Alley,United States,Tshirt,X-Large,3
01HPYDX2E1NEZA6PG85NHHFFZN,12/21/2023,dtrass5s@acquirethisname.com,Dal,Trass,0 Columbus Pass,Argentina,Hoody,Medium,1
01HPYDX2E45XHFY12KDASSQXAY,4/29/2023,bbellow5t@odnoklassniki.ru,Barry,Bellow,72632 Hanson Center,Sweden,Sweater,Large,2
01HPYDX2E7BX29VNM2XA6NXA65,11/16/2023,ebellhouse5u@apple.com,Elwira,Bellhouse,607 East Road,Peru,Hat,Medium,4
01HPYDX2EAGE760PYYFTP8CPJG,6/1/2023,cdaughtery5v@auda.org.au,Caren,Daughtery,962 Autumn Leaf Hill,Peru,Gloves,Medium,3
01HPYDX2ECYSEGTDS4ZR1MX40P,4/27/2023,mwylie5w@flavors.me,Malynda,Wylie,180 Golf Pass,France,Hoody,Small,2
01HPYDX2EFB9TA1PK6ZM14SXHA,9/29/2023,ccomben5x@geocities.com,Clarine,Comben,835 Lotheville Place,France,Sweater,XX-Large,2
01HPYDX2EJTRWZ89XX2PYJWFV5,4/14/2023,cdowley5y@amazon.com,Carey,Dowley,2545 Columbus Center,United Kingdom,Tshirt,Large,4
01HPYDX2ENJVWNVB7XYMC8JSFR,10/6/2023,crulton5z@hugedomains.com,Cass,Rulton,6 Butternut Parkway,Sweden,Tshirt,Small,4
01HPYDX2ERHTTY0YAZXN092QMB,12/2/2023,ashower60@furl.net,Abran,Shower,293 Columbus Parkway,Brazil,Hat,XX-Large,2
01HPYDX2ETS1BF93ZBQSBARA08,5/28/2023,csaveall61@skyrock.com,Clementine,Saveall,21929 Weeping Birch Lane,Canada,Tshirt,Small,2
01HPYDX2EX7DNVEVJG316N0DS2,12/30/2023,tovise62@theatlantic.com,Theresina,Ovise,70 Bartelt Junction,United States,Hoody,Medium,1
01HPYDX2F0HG5NVEFTP6Y69ER2,6/27/2023,jduddan63@free.fr,Jennie,Duddan,0788 Darwin Drive,Ireland,Shorts,XX-Large,4
01HPYDX2F312KXKXCNJB5176PG,9/26/2023,eneicho64@yale.edu,Eudora,Neicho,59 Colorado Terrace,France,Hat,XX-Large,4
01HPYDX2F6BJQREHR1YQRHNQMJ,4/29/2023,apoxon65@ftc.gov,Aaron,Poxon,82696 Redwing Alley,Brazil,Hoody,X-Large,3
01HPYDX2F8QVDA3TE8WZXS2T1K,3/29/2023,erookesby66@netscape.com,Eddie,Rookesby,7585 Russell Way,United States,Hoody,Medium,3
01HPYDX2FBKVT5XMGNJT73SHX1,1/25/2023,sotto67@mayoclinic.com,Shelba,Otto,09433 Manley Alley,Sweden,Sweater,Large,3
01HPYDX2FCDD9R6W65F654VCDK,6/3/2023,eolander68@slate.com,Evyn,Olander,55856 Bowman Alley,Spain,Tshirt,Large,3
01HPYDX2FEYZMX3FVMA1S399WV,1/6/2023,ropy69@go.com,Rabi,Opy,63497 Everett Court,Peru,Sweater,Medium,4
01HPYDX2FFHD7N8FEXYVBS7SPY,9/2/2023,epharrow6a@lycos.com,Emlen,Pharrow,0869 Thierer Avenue,Sweden,Tshirt,Large,1
01HPYDX2FGX625M39YW0A0FQQN,2/8/2023,estebbings6b@cnet.com,Emmeline,Stebbings,7256 Anderson Terrace,Germany,Jacket,Medium,3
01HPYDX2FHNS57R002ABM1SE7Z,2/5/2023,svaneeden6c@wiley.com,Si,Van Eeden,3 Kipling Court,Sweden,Jacket,Medium,3
01HPYDX2FJ23TVW4JYNKM0PH5B,12/25/2023,cpietrzak6d@ebay.com,Cristin,Pietrzak,8 Sycamore Drive,Sweden,Tshirt,Medium,1
01HPYDX2FN3W3477A433XXV1YJ,4/23/2023,acuesta6e@blogtalkradio.com,Ag,Cuesta,557 5th Parkway,Brazil,Sweater,XX-Large,2
01HPYDX2FQBW67XST90EX1PGEW,4/17/2023,jwakley6f@cloudflare.com,Jeniffer,Wakley,206 Paget Crossing,France,Tshirt,X-Large,4
01HPYDX2FRTVB7CFYRWPS7N5SD,1/19/2023,dscrease6g@flavors.me,Deborah,Screase,804 Brickson Park Avenue,Brazil,Scarf,Medium,2
01HPYDX2FSJXDDHQ6W7D2NX4QD,7/16/2023,chalversen6h@howstuffworks.com,Caldwell,Halversen,0448 Sauthoff Junction,Italy,Gloves,Large,4
01HPYDX2FVZPKVQCFM16922GAY,7/31/2023,ddreher6i@elpais.com,Devi,Dreher,8748 Nobel Lane,France,Hoody,XX-Large,3
01HPYDX2FXFVQ6H1463JD4P0KJ,4/16/2023,mjordan6j@icq.com,Mamie,Jordan,678 Anhalt Street,Sweden,Hoody,Medium,4
01HPYDX2FZXHQAS8DASN4MP6MQ,8/19/2023,echaffe6k@google.de,Erhart,Chaffe,0 Emmet Parkway,United States,Tshirt,Small,3
01HPYDX2G13CPD4J8KJDQDVWNX,4/14/2023,dswansbury6l@privacy.gov.au,Dani,Swansbury,91 West Court,Brazil,Shorts,XX-Large,4
01HPYDX2G29E3N30RRZNAFFHCW,1/22/2023,gemes6m@blogspot.com,Gilburt,Emes,970 Hoffman Plaza,United States,Hoody,XX-Large,4
01HPYDX2G3PN7QJ7522KHJVN82,1/24/2023,vsplevin6n@hostgator.com,Valaree,Splevin,12650 Elmside Road,Canada,Tshirt,Medium,3
01HPYDX2G5ZZ7YJPX6QGQRRP0P,1/20/2023,cbangs6o@amazon.com,Calypso,Bangs,247 Glacier Hill Point,Spain,Shorts,XX-Large,1
01HPYDX2G6S67J8WHQA5G6SV04,7/29/2023,wklauer6p@nih.gov,Wit,Klauer,959 Lyons Plaza,Argentina,Sweater,Medium,4
01HPYDX2G7BGQDHM0E4982A3RG,9/14/2023,bwreight6q@mail.ru,Bruis,Wreight,8334 Katie Way,Sweden,Tshirt,Large,4
01HPYDX2G9EBR090W5V3ZNH0W2,11/1/2023,ischelle6r@google.it,Imogene,Schelle,55 Lakeland Point,Sweden,Tshirt,XX-Large,1
01HPYDX2GB7FSDZEGGYNZH3VVC,3/13/2023,gspuffard6s@cbsnews.com,Gerrie,Spuffard,5 Dexter Drive,Germany,Sweater,Small,3
01HPYDX2GC34WPWNDM3XN24KRP,7/13/2023,cgarrelts6t@diigo.com,Christyna,Garrelts,2465 Bay Lane,Argentina,Tshirt,Medium,4
01HPYDX2GD9XZ212NXQFJ56R2J,9/26/2023,svescovini6u@twitpic.com,Shelba,Vescovini,32208 David Point,Argentina,Tshirt,Medium,2
01HPYDX2GFQNW2RR9GSZYY812Y,11/26/2023,fsearsby6v@prlog.org,Forester,Searsby,88680 Farmco Road,Uruguay,Hoody,Large,1
01HPYDX2GJSFRQ5ME2TRRZSSDF,10/3/2023,mshevlin6w@imdb.com,Mara,Shevlin,12508 Maywood Junction,France,Hoody,Medium,2
01HPYDX2GN72WT0XGK0C9ZQ57K,9/19/2023,sdesbrow6x@facebook.com,Spenser,Desbrow,4 Linden Place,Sweden,Tshirt,XX-Large,3
01HPYDX2GQAGF9HR7QERN2RE5S,7/2/2023,sfivey6y@lulu.com,Sashenka,Fivey,96 Stephen Street,France,Scarf,Large,4
01HPYDX2GRCXFMNY4XRHAEXTHG,6/5/2023,vjosselsohn6z@so-net.ne.jp,Vito,Josselsohn,1 Oakridge Junction,Brazil,Hat,Medium,2
01HPYDX2GTBA4VT5R8DB9GCM8H,5/11/2023,acurner70@w3.org,Anthiathia,Curner,46 Summer Ridge Alley,Brazil,Sweater,Large,2
01HPYDX2GVNZTYYY5JKADZ9K6T,4/12/2023,olaverock71@irs.gov,Osborn,Laverock,5 Butterfield Junction,France,Shorts,X-Large,3
01HPYDX2GYD13N3TVGZ39TEACX,6/30/2023,lnorker72@booking.com,Lethia,Norker,0618 Saint Paul Way,Nigeria,Hat,Medium,3
01HPYDX2H1RVK4A0K6YZAMRV8Q,6/1/2023,lmorshead73@newsvine.com,Lishe,Morshead,273 Lunder Point,Nigeria,Sweater,Large,1
01HPYDX2H4H012MVDDQW4VD0XE,10/7/2023,gwestby74@blogger.com,Giraldo,Westby,33136 Blackbird Pass,Chile,Jacket,Large,4
01HPYDX2H7CEY6FYT28YRWWH4Y,3/29/2023,hstandering75@oakley.com,Hube,Standering,9651 Manley Parkway,Peru,Hoody,XX-Large,1
01HPYDX2HAA31SAD4Z88AYJ2XR,7/1/2023,lcoskerry76@oakley.com,Leshia,Coskerry,0281 Helena Center,France,Hoody,XX-Large,4
01HPYDX2HC99MYEK8RG68SPFME,2/24/2023,rcorriea77@elpais.com,Rosamund,Corriea,3734 Trailsway Point,France,Shorts,Medium,4
01HPYDX2HE3KGJXPBK4RWCQ4NG,9/20/2023,ndelafield78@php.net,Nathaniel,DelaField,0836 Luster Pass,Brazil,Hoody,Medium,2
01HPYDX2HFQ419Q6ZMQ6PS441H,12/24/2023,amartinelli79@freewebs.com,Appolonia,Martinelli,23 Anniversary Parkway,Peru,Tshirt,Medium,1
01HPYDX2HGTV8GTCMVKGHXEVR2,10/17/2023,gsibary7a@earthlink.net,Georgiana,Sibary,6 Mallory Plaza,Canada,Shorts,Small,3
01HPYDX2HHVMVX8PRJX5JMY2PK,6/4/2023,kpougher7b@noaa.gov,Katherine,Pougher,6934 Atwood Pass,Brazil,Tshirt,Large,3
01HPYDX2HJGF251YS5MGMVFY7F,6/29/2023,mscotsbrook7c@jalbum.net,Midge,Scotsbrook,010 Carioca Crossing,Ireland,Tshirt,Medium,3
01HPYDX2HMSNE50JT8HSSEFMW5,1/17/2023,abowdidge7d@flavors.me,Aveline,Bowdidge,104 Eagan Way,Sweden,Hoody,Medium,3
01HPYDX2HNPFGX26RW0V4KGK83,10/2/2023,cblomefield7e@1688.com,Chelsae,Blomefield,68033 Canary Point,United States,Shorts,Medium,3
01HPYDX2HPKYH75GGV0RC9FSGZ,9/24/2023,jnewell7f@ycombinator.com,Julina,Newell,4 Sullivan Circle,Sweden,Tshirt,Medium,4
01HPYDX2HQ8BYPCMKNR9DCG1W4,10/24/2023,menzley7g@usnews.com,Martynne,enzley,3718 Dovetail Way,Brazil,Jacket,Medium,1
01HPYDX2HSPNT66HN1R09CHV3V,9/16/2023,uzamorrano7h@dedecms.com,Umeko,Zamorrano,41762 Clove Pass,Chile,Hoody,X-Large,3
01HPYDX2HV8Q71FJA7R9ZVSSZS,6/8/2023,kmatchett7i@hao123.com,Kristoforo,Matchett,84 Pearson Parkway,Spain,Hoody,Large,3
01HPYDX2HWQDJ0BTRH8WMFJEER,9/24/2023,bsaiens7j@acquirethisname.com,Branden,Saiens,58498 Annamark Hill,Sweden,Tshirt,Medium,3
01HPYDX2HXZ6JWVB01P5WSMP44,10/28/2023,ipettigrew7k@cafepress.com,Isiahi,Pettigrew,434 Rockefeller Street,Nigeria,Tshirt,Large,4
01HPYDX2HYQZ9MJ34G27E2HHBZ,12/27/2023,aorr7l@bloglines.com,Alphonse,Orr,78 Lunder Way,France,Tshirt,Large,4
01HPYDX2J0TXX4861VKAM5R74T,9/28/2023,ogyngell7m@dropbox.com,Ozzy,Gyngell,5 Arrowood Road,Canada,Tshirt,Large,2
01HPYDX2J2XBXQD0RVHY1NNZGG,9/30/2023,lcossell7n@ezinearticles.com,Luci,Cossell,9 Bay Circle,Canada,Hoody,Medium,2
01HPYDX2J36RV6S69B8MMVFDSY,12/21/2023,eyegorkin7o@cbc.ca,Eveline,Yegorkin,188 Duke Avenue,Canada,Hoody,Medium,4
01HPYDX2J570HBR7H87GRYSZZ3,10/31/2023,hlombardo7p@simplemachines.org,Haydon,Lombardo,9916 Morning Park,United States,Shorts,Large,3
01HPYDX2J7X73AFMGTPKAEC8N3,2/19/2023,chindrich7q@omniture.com,Cordelie,Hindrich,3 Everett Alley,Sweden,Hoody,X-Large,1
01HPYDX2J8M02DN77H2BB2D26B,11/20/2023,alawler7r@nih.gov,Adelina,Lawler,7213 Corben Lane,Sweden,Shorts,X-Large,4
01HPYDX2J9HK68A24VVDEQ2KEE,8/22/2023,wreddington7s@myspace.com,Wood,Reddington,11094 Lakewood Avenue,France,Hoody,XX-Large,2
01HPYDX2JAACKEG5H7JPMBNN7E,1/27/2023,mballendine7t@buzzfeed.com,Madeline,Ballendine,462 Anderson Parkway,France,Gloves,X-Large,1
01HPYDX2JD0WRJ3M0A26FMND63,12/12/2023,mmousdall7u@pbs.org,Mavis,Mousdall,556 Gina Lane,Argentina,Scarf,Medium,1
01HPYDX2JE5WVGDA1D64MAW08E,9/11/2023,pboeck7v@google.com.hk,Peder,Boeck,82515 Briar Crest Plaza,Peru,Scarf,Small,4
01HPYDX2JGTR7VY5PPEJKHQ6X9,7/12/2023,egiacomo7w@squarespace.com,Ezechiel,Giacomo,25622 Corry Road,Sweden,Tshirt,Medium,2
01HPYDX2JJPP977A46J4HQPV90,11/3/2023,mlemoir7x@irs.gov,Minnaminnie,Lemoir,4 Hintze Terrace,France,Sweater,Medium,1
01HPYDX2JKNQFAENCVQEJ9NNGE,2/4/2023,gbrunini7y@nasa.gov,Grant,Brunini,1 Jackson Road,Sweden,Hoody,Large,3
01HPYDX2JMGT2JDRFMW1BQNQ3T,8/9/2023,jdabourne7z@nature.com,Jaquelin,Dabourne,9702 Oakridge Drive,Argentina,Sweater,X-Large,4
01HPYDX2JNXM7B5T7AR87MGRHE,8/14/2023,sbessett80@techcrunch.com,Sophi,Bessett,09691 Transport Point,Sweden,Shorts,Medium,2
01HPYDX2JPAS8DXAY25DG29B29,11/5/2023,jdene81@cyberchimps.com,Jackson,Dene,8029 Lyons Lane,Sweden,Gloves,X-Large,3
01HPYDX2JRNC72698VV5BNQJH8,5/3/2023,agrzesiewicz82@nsw.gov.au,Athene,Grzesiewicz,0576 Trailsway Parkway,Ireland,Shorts,Medium,4
01HPYDX2JSATM2HDGD28RTMBXM,9/10/2023,lrichardsson83@redcross.org,Leontine,Richardsson,3685 East Drive,Brazil,Shorts,Medium,3
01HPYDX2JVBMF8QMW1A1EZ2NJT,7/17/2023,adigges84@eventbrite.com,Arturo,Digges,52101 Fuller Point,Brazil,Hoody,Small,4
01HPYDX2JWZWSP90J8HTG7WB33,6/8/2023,jhebard85@barnesandnoble.com,Janella,Hebard,334 Linden Center,France,Hat,Large,2
01HPYDX2JYRAKHG80ARAZYKWB4,1/6/2023,crigmand86@yellowbook.com,Crin,Rigmand,7455 Mallory Circle,Ireland,Sweater,Small,2
01HPYDX2JZKQV15FMN6YVNTEV6,10/19/2023,scoursor87@globo.com,Sanderson,Coursor,5709 Bluestem Point,Sweden,Scarf,Small,1
01HPYDX2K1TSTQ2H6T5SV4473D,5/16/2023,smattys88@house.gov,Skye,Mattys,101 John Wall Junction,Brazil,Hat,Medium,2
01HPYDX2K39Z7Y90TB4BCNZRHY,3/26/2023,pwhorall89@cloudflare.com,Parke,Whorall,87076 Colorado Alley,Peru,Sweater,Large,1
01HPYDX2K6NQ1PBVE7VKCKF7HA,10/9/2023,btunn8a@yellowbook.com,Benn,Tunn,334 Shasta Place,Germany,Hoody,Medium,3
01HPYDX2K8SANJXG9B03NNYYYP,7/30/2023,lmarikhin8b@angelfire.com,Lissa,Marikhin,0 Northfield Road,France,Shorts,Medium,3
01HPYDX2KBHCMDP3M318GACXRE,2/3/2023,wwise8c@census.gov,Wolf,Wise,73022 Maple Wood Court,Canada,Tshirt,Large,1
01HPYDX2KET6A74RRCNJKNQ4Q8,9/21/2023,sgaratty8d@gnu.org,Sukey,Garatty,2899 Jackson Point,United States,Shorts,Medium,3
01HPYDX2KGM68Y647W4KT8ASB3,2/7/2023,tpriestnall8e@wp.com,Tymothy,Priestnall,3 Anhalt Parkway,Uganda,Shorts,Medium,3
01HPYDX2KKKQVKM37WTWQFPWSY,10/6/2023,fsoloway8f@cafepress.com,Franklin,Soloway,441 2nd Way,Sweden,Hoody,Medium,1
01HPYDX2KNFQ23FGQTYA8V8HGE,3/6/2023,dhalvorsen8g@globo.com,Diana,Halvorsen,93657 Kenwood Hill,Brazil,Scarf,Small,1
01HPYDX2KRRCR1Q7R5EQTTPH32,11/26/2023,redleston8h@usa.gov,Rab,Edleston,1 Glendale Street,United States,Gloves,X-Large,2
01HPYDX2KTHRBYNA65EJHVGKAR,9/11/2023,vsponton8i@sitemeter.com,Vita,Sponton,69 Hayes Way,Argentina,Tshirt,X-Large,3
01HPYDX2KZCZ2A8B8PCVCNZWPR,3/22/2023,jwhyatt8j@nps.gov,Jana,Whyatt,0 Prairie Rose Alley,United States,Tshirt,Medium,1
01HPYDX2M2BDZ2QGSA3EDY0R2B,9/5/2023,nvasentsov8k@newyorker.com,Nero,Vasentsov,99297 Express Terrace,United States,Hat,Medium,2
01HPYDX2M40Z3E5QGY88TYXTDY,5/23/2023,spaxton8l@oracle.com,Sanders,Paxton,1 Nelson Lane,United States,Scarf,X-Large,1
01HPYDX2M6EDNTNY6MX835Q8HV,9/20/2023,bgarlette8m@auda.org.au,Beale,Garlette,5471 Debs Drive,Sweden,Hoody,Medium,4
01HPYDX2M9TMDF33FFW30KV1ZP,9/28/2023,jfidgin8n@paginegialle.it,Josie,Fidgin,228 Oakridge Point,Germany,Tshirt,Medium,3
01HPYDX2MCFJCW0XKJW9WE1WP4,12/28/2023,cstickel8o@is.gd,Claudia,Stickel,087 Memorial Alley,Peru,Shorts,Large,3
01HPYDX2ME58PW5CY0ECBT7T5X,6/26/2023,sklich8p@ustream.tv,Salvatore,Klich,69324 Surrey Road,United States,Tshirt,Small,1
01HPYDX2MGDP3C0SRP8MB0RWCW,10/14/2023,gelflain8q@fotki.com,Gayelord,Elflain,2854 Lien Drive,Peru,Tshirt,Medium,1
01HPYDX2MKTK13H6N8687D41PS,3/28/2023,sshiel8r@pbs.org,Sam,Shiel,08360 Corry Alley,Brazil,Scarf,X-Large,4
01HPYDX2MP7KS6PMP5QJ2M890A,3/6/2023,emeachen8s@oaic.gov.au,Estrella,Meachen,065 Anniversary Trail,Spain,Tshirt,Medium,2
01HPYDX2MS3B61QBHS8CPFMTFW,8/1/2023,eswaden8t@nih.gov,Eddie,Swaden,6956 American Ash Center,Canada,Jacket,Small,1
01HPYDX2MWD4ARSQVQ4TB98QN9,4/14/2023,prasp8u@deliciousdays.com,Peri,Rasp,62097 Toban Park,Argentina,Tshirt,Medium,4
01HPYDX2MYSN0ZPKX0K4BYBZ4C,8/7/2023,sskepper8v@flavors.me,Shane,Skepper,58 Ronald Regan Way,Chile,Scarf,Medium,2
01HPYDX2N11S7GQXMSVP032JJP,6/30/2023,aive8w@webmd.com,Annalee,Ive,1 Laurel Crossing,Sweden,Sweater,Large,2
01HPYDX2N430XEWKN3AA242ZEJ,9/3/2023,cdrackford8x@youtu.be,Celestyn,Drackford,425 Ramsey Terrace,Germany,Hoody,Medium,2
01HPYDX2N7QSJ08TK2CGVETTCS,10/26/2023,awebster8y@themeforest.net,Anatol,Webster,0575 Cherokee Alley,Brazil,Hoody,Large,4
01HPYDX2NA7EJ98X0Q6CGNQHN7,2/7/2023,wedelheid8z@pagesperso-orange.fr,Waiter,Edelheid,9 Beilfuss Parkway,Argentina,Tshirt,XX-Large,3
01HPYDX2NCKGCEB2752ANWNE26,9/3/2023,oeggleston90@tamu.edu,Orton,Eggleston,463 Armistice Trail,Sweden,Shorts,Medium,2
01HPYDX2NEA10QBEJQ3YFSBA9M,4/13/2023,jsample91@w3.org,Joell,Sample,7 La Follette Terrace,France,Shorts,Small,2
01HPYDX2NF8TB0FBMT2YY923A0,5/21/2023,kduckworth92@npr.org,Kathi,Duckworth,95 Graedel Road,United States,Gloves,Medium,4
01HPYDX2NG2T465ZZDJF2EA1XX,5/24/2023,lrosterne93@nytimes.com,Linnet,Rosterne,088 Basil Junction,Brazil,Sweater,Large,1
01HPYDX2NJCJH1CWSC7YP358DV,10/24/2023,rcaron94@wikipedia.org,Rae,Caron,6591 Grover Trail,Spain,Hoody,Large,4
01HPYDX2NNVNB18S5BP7EYGNYH,12/6/2023,cbarrs95@furl.net,Corabel,Barrs,207 Lukken Drive,Argentina,Hoody,X-Large,3
01HPYDX2NR4C3A4H5N3GTFZAWM,11/12/2023,emcgreal96@cnbc.com,Emmalyn,McGreal,7322 Lien Pass,United States,Jacket,X-Large,3
01HPYDX2NTPKMGMB2QAFNAWKJ3,3/24/2023,fstirzaker97@yellowpages.com,Florry,Stirzaker,9985 Green Ridge Road,Argentina,Hoody,Large,1
01HPYDX2NX6MCMWS9V4C01Q5DG,5/10/2023,wtrusty98@ameblo.jp,Waylan,Trusty,39 Dennis Terrace,Canada,Hoody,Large,4
01HPYDX2P00ZV0GA713GDHHJD2,5/15/2023,lmansell99@google.es,Linet,Mansell,33 East Park,United States,Hoody,Medium,3
01HPYDX2P2J2B36HXPRF4CRZ5M,8/2/2023,arothman9a@theatlantic.com,Andy,Rothman,161 Glendale Lane,Argentina,Sweater,X-Large,4
01HPYDX2P5V45CY5K3K9W11KNH,12/20/2023,nglaserman9b@washingtonpost.com,Noemi,Glaserman,21927 Tomscot Plaza,Sweden,Shorts,Large,3
01HPYDX2P8A3VXGCJEKZV0G2QE,2/5/2023,abousler9c@salon.com,Anica,Bousler,1 Anhalt Alley,Canada,Shorts,Small,1
01HPYDX2PB5B96JSJDJD14J6H4,5/21/2023,bmalmar9d@timesonline.co.uk,Berthe,Malmar,53822 Stephen Avenue,Brazil,Shorts,Large,4
01HPYDX2PD96MJH8EHCZARBHXK,11/10/2023,rshanklin9e@fema.gov,Ray,Shanklin,423 Hayes Way,France,Scarf,Medium,1
01HPYDX2PF2CCSYESC8J3VBES4,9/18/2023,dmasurel9f@blogtalkradio.com,Debee,Masurel,174 Packers Plaza,Switzerland,Sweater,Medium,4
01HPYDX2PHNR2JEETX360W0PS7,9/20/2023,hdunklee9g@sogou.com,Hercules,Dunklee,6322 Crownhardt Circle,Sweden,Tshirt,Small,1
01HPYDX2PKR4K52WMGA0SZGX4J,4/17/2023,cfairrie9h@wikipedia.org,Cori,Fairrie,70 Buhler Plaza,Nigeria,Sweater,XX-Large,2
01HPYDX2PN2QTDWZ3DR21M5V7C,3/11/2023,cvaughan9i@wikispaces.com,Colby,Vaughan,913 Moose Trail,Canada,Sweater,Large,1
01HPYDX2PQ4BWQQMYWDQFYK1PV,3/19/2023,fjurgenson9j@nydailynews.com,Freddie,Jurgenson,77891 Prairieview Plaza,France,Sweater,Large,1
01HPYDX2PSRSMFDAG608N5JD6V,11/4/2023,sdamrel9k@etsy.com,Son,Damrel,7037 Macpherson Pass,Brazil,Tshirt,Medium,3
01HPYDX2PTW5EHKNRFNN74MFQZ,5/13/2023,amillion9l@yahoo.co.jp,Annette,Million,09 Gale Place,United States,Sweater,Large,4
01HPYDX2PVHJNCD3JFFP7VFHHX,3/15/2023,tglassopp9m@cocolog-nifty.com,Torey,Glassopp,0 Melrose Lane,France,Scarf,Medium,1
01HPYDX2PWW0SCS5YF1JYN6A74,10/30/2023,lbaulcombe9n@bloomberg.com,Lynnett,Baulcombe,226 Hayes Road,Canada,Tshirt,Medium,2
01HPYDX2PY98F10H1TASBBPGNV,7/27/2023,kgeorgeau9o@usda.gov,Kurtis,Georgeau,1 Boyd Place,Chile,Sweater,Medium,4
01HPYDX2PZG38Z19AH7JCQQJFZ,10/9/2023,klongina9p@netlog.com,Katherine,Longina,549 Memorial Alley,Nigeria,Scarf,Medium,4
01HPYDX2Q0MWHPPV9JKSZHN4RS,9/3/2023,rleeman9q@dailymail.co.uk,Robin,Leeman,27632 Pankratz Road,Peru,Jacket,Medium,4
01HPYDX2Q1E0THQZ6R0GJB1FTG,1/30/2023,tdennehy9r@hibu.com,Tiffi,Dennehy,561 John Wall Circle,France,Hoody,Medium,1
01HPYDX2Q3KNWC5KMDK7082FNN,7/29/2023,cfossey9s@miibeian.gov.cn,Cobb,Fossey,248 Monterey Crossing,Sweden,Hoody,XX-Large,4
01HPYDX2Q4HPRJNJYNKQVMHV8W,8/18/2023,cianni9t@rakuten.co.jp,Cassie,Ianni,2 Calypso Terrace,France,Shorts,Small,1
01HPYDX2Q5QPC97GR0TQEM2BWK,1/8/2023,manfusso9u@squarespace.com,Marie-jeanne,Anfusso,6 Ridgeway Parkway,Brazil,Hoody,Medium,1
01HPYDX2Q6FRNYQYWAXNF6YTRW,10/5/2023,pleheude9v@paypal.com,Pam,Leheude,7 Badeau Court,Bosnia and Herzegovina,Tshirt,Small,4
01HPYDX2Q7SNFZYMBEVPCDPRD5,7/1/2023,bbernholt9w@aboutads.info,Bart,Bernholt,96 Fairfield Street,Sweden,Gloves,Medium,2
01HPYDX2Q9EMKW89D4BC0Z9TYN,6/19/2023,ajennaroy9x@answers.com,Ambrosio,Jennaroy,15746 1st Road,France,Sweater,Medium,2
01HPYDX2QBEV7WMSTDMNGY3TDW,1/18/2023,rlhommeau9y@infoseek.co.jp,Rosamond,L'Hommeau,9 Village Green Center,Brazil,Hoody,Medium,2
01HPYDX2QCGE51JQH8M62MQS8V,3/10/2023,lgoodwins9z@usda.gov,Lucita,Goodwins,35993 Stephen Court,Norway,Jacket,Medium,1
01HPYDX2QDHA47HHW3H84SQW8Q,4/7/2023,bvanderveldena0@bbc.co.uk,Babita,Van der Velden,19063 Duke Park,Sweden,Tshirt,Large,1
01HPYDX2QEP1J3792DG3BGCTQT,1/28/2023,sandersena1@deliciousdays.com,Sherm,Andersen,46363 Jay Point,Peru,Tshirt,Medium,4
01HPYDX2QG3K06VBZ5058KPFRD,7/16/2023,lhardwarea2@amazonaws.com,Leonerd,Hardware,6 Chive Park,Nigeria,Scarf,Small,2
01HPYDX2QHCJYZS82JXN3X4WTT,2/15/2023,ddiclaudioa3@oracle.com,Desiri,Di Claudio,9782 Golden Leaf Center,Switzerland,Shorts,Small,1
01HPYDX2QJ4Z6MT4MM7JQVVYSP,11/17/2023,gknightleya4@patch.com,Gaspar,Knightley,81 Harbort Circle,France,Tshirt,Large,2
01HPYDX2QKPFBJDZPA86ZRFJPK,6/15/2023,gdayera5@earthlink.net,Gnni,Dayer,5313 Prentice Point,Canada,Hoody,Medium,3
01HPYDX2QM9AH0M267CX277S2H,12/25/2023,gdangerfielda6@smugmug.com,Gibbie,Dangerfield,92 Dryden Center,France,Sweater,Large,4
01HPYDX2QPGZ389TER67E2YA6Q,3/25/2023,kbangleya7@sun.com,Karolina,Bangley,25 Shasta Point,France,Hoody,Large,3
01HPYDX2QQQ3JPC1D2QMC302X4,2/15/2023,kosicheva8@angelfire.com,Katherina,Osichev,80792 Bultman Avenue,Canada,Shorts,Small,4
01HPYDX2QRNAVHVHR8707Y1XNN,9/14/2023,rboornea9@tinypic.com,Rubie,Boorne,5107 Hallows Court,Brazil,Tshirt,X-Large,2
01HPYDX2QSKSAY56HBG7NE1EZ6,1/1/2023,aedinburghaa@nytimes.com,Allin,Edinburgh,4974 Vahlen Avenue,Argentina,Shorts,Medium,2
01HPYDX2QV627EFB6VK4ZT1X40,11/16/2023,shapperab@about.com,Seymour,Happer,882 Cascade Court,Sweden,Tshirt,Large,1
01HPYDX2QWFN7EG9FXPP7CBYDG,10/13/2023,etreagustac@omniture.com,Elbertina,Treagust,13 Dawn Hill,Uruguay,Hoody,Small,2
01HPYDX2QX2F6S3ZY8PZXYBMGX,8/26/2023,bvanhalenad@example.com,Bobby,Van Halen,4158 Mayer Trail,France,Gloves,Medium,2
01HPYDX2QYG731ETCEK4VD1CEJ,4/6/2023,cwomackae@ebay.com,Christoph,Womack,38097 Calypso Point,United States,Shorts,X-Large,2
01HPYDX2R0AKQYVAN09SAKWTZR,4/6/2023,rtomsuaf@google.cn,Reese,Tomsu,64 Nobel Court,Nigeria,Scarf,Medium,2
01HPYDX2R17DJ3S4G7SHP3W4SV,8/10/2023,wgawnag@edublogs.org,Willdon,Gawn,11 Moulton Circle,France,Hoody,X-Large,4
01HPYDX2R2FZA288W5VBDT57NX,11/13/2023,lsharrattah@ocn.ne.jp,Lizbeth,Sharratt,13 School Way,United States,Tshirt,Small,2
01HPYDX2R4495XWK4D4TB0JCT1,1/3/2023,mcundeyai@miitbeian.gov.cn,Misty,Cundey,63 Bartelt Lane,United States,Scarf,Large,4
01HPYDX2R562XPQYCYTK9FZ9MG,8/5/2023,ndorantaj@webmd.com,Neville,Dorant,3 Fremont Terrace,Brazil,Shorts,Medium,3
01HPYDX2R7DDPHJGSGF2B9DB0B,2/21/2023,llamploughak@fda.gov,Latisha,Lamplough,909 Artisan Court,Sweden,Tshirt,Large,4
01HPYDX2R92HXF0J03J74XKNXF,5/2/2023,rhammersleyal@chron.com,Rufe,Hammersley,4 Pepper Wood Pass,Brazil,Tshirt,Medium,2
01HPYDX2RA4VR5QGGDAJE447FA,3/26/2023,rcussonsam@yelp.com,Rochell,Cussons,183 Jenna Trail,Brazil,Scarf,Medium,4
01HPYDX2RBRGPE476TD6DP9GBN,6/6/2023,traffinan@wisc.edu,Talbot,Raffin,82935 Loeprich Terrace,United States,Scarf,Medium,3
01HPYDX2RC53KM77A5180VVN2A,12/15/2023,jaitkenao@twitter.com,Jorry,Aitken,45739 Hansons Road,Sweden,Gloves,Large,4
01HPYDX2RDBASN6CSHTMQNBPG6,3/22/2023,fgooderedap@uiuc.edu,Fancy,Goodered,40 Kingsford Place,United States,Scarf,XX-Large,4
01HPYDX2RE2JYJV908JPY0MB67,8/30/2023,mcanaaq@dailymail.co.uk,Marsiella,Cana,5376 Schmedeman Road,Peru,Shorts,Large,3
01HPYDX2RFN0KRAB35FRWT7D8N,1/8/2023,jburniear@facebook.com,Joey,Burnie,4712 Independence Plaza,France,Tshirt,Small,4
01HPYDX2RH91DK9KH1DASY3E8A,4/24/2023,sstroulgeras@cdbaby.com,Sheffie,Stroulger,10 Marcy Way,Canada,Jacket,Small,2
01HPYDX2RJ3B505W2A8BBKMK0P,6/21/2023,kdibernardoat@amazon.com,Karylin,Di Bernardo,64429 Briar Crest Circle,Germany,Hoody,Large,2
01HPYDX2RNSG96T3ZSQ9JEDX47,9/5/2023,ccusworthau@time.com,Cameron,Cusworth,15777 Lerdahl Center,Ireland,Sweater,Small,4
01HPYDX2RQ4BEAYBH2PWFDJA8A,7/25/2023,cvannucciav@smh.com.au,Cob,Vannucci,240 Pennsylvania Trail,Brazil,Tshirt,XX-Large,2
01HPYDX2RTZYEP1SXR5413JA3F,4/5/2023,cortasaw@bloglovin.com,Cissy,Ortas,79 Forster Parkway,Nigeria,Shorts,Medium,1
01HPYDX2RVMAVQQH4PTNHD7G1E,1/31/2023,acholwellax@fema.gov,Avril,Cholwell,245 Golf View Center,France,Hoody,X-Large,2
01HPYDX2RXDYE5DAR3EQ6MPNC6,9/24/2023,mmoffattay@soup.io,Maddy,Moffatt,56 Graedel Junction,Canada,Shorts,Medium,1
01HPYDX2RYE31SRN3FBJS9GR7D,6/25/2023,htrynoraz@indiegogo.com,Herman,Trynor,54 Linden Pass,Nigeria,Sweater,Medium,3
01HPYDX2RZGCY621531HF6Y7TP,2/28/2023,stownsleyb0@istockphoto.com,Selie,Townsley,0 Gulseth Park,Canada,Jacket,Medium,3
01HPYDX2S1AMCXMNRST52J7H57,5/13/2023,fblenkinsopb1@cargocollective.com,Falkner,Blenkinsop,8948 Buena Vista Circle,Sweden,Shorts,Large,2
01HPYDX2S2A3QBRRDQ7PN3X5FS,4/29/2023,dkezarb2@nbcnews.com,Dolorita,Kezar,30589 3rd Trail,Brazil,Shorts,Large,4
01HPYDX2S4F68ER3T2ZD50YXPR,1/21/2023,vivelb3@dagondesign.com,Val,Ivel,4 Anhalt Center,United States,Gloves,XX-Large,3
01HPYDX2S6M900PAM1RNJBHNZX,5/4/2023,ftenniswoodb4@google.de,Fernandina,Tenniswood,92 Stang Park,Brazil,Jacket,Large,4
01HPYDX2S7J36A4FH2APD02T06,2/28/2023,lpresslieb5@theatlantic.com,Lutero,Presslie,721 Delaware Alley,Canada,Hoody,Medium,1
01HPYDX2SAX06ZZFRT2X7Y3K4R,10/19/2023,apyecroftb6@loc.gov,Alexio,Pyecroft,741 Donald Terrace,Nigeria,Hoody,Small,3
01HPYDX2SDZZZGJ1KSDGR5J5HS,9/3/2023,ihaythornthwaiteb7@wp.com,Ive,Haythornthwaite,42510 East Alley,Bosnia and Herzegovina,Jacket,Small,1
01HPYDX2SGKMJNZ2W2Z9PDPMYY,1/21/2023,mtomblettb8@cmu.edu,Marchall,Tomblett,4722 Sugar Parkway,United States,Hat,Medium,2
01HPYDX2SJQT6DDEAWJABPPCDD,7/31/2023,sanlayb9@google.cn,Spense,Anlay,5828 Oriole Court,France,Tshirt,Large,2
01HPYDX2SNXQF75ESJVD93NVMC,8/27/2023,bjestba@timesonline.co.uk,Bethina,Jest,43348 Warbler Way,Argentina,Shorts,X-Large,4
01HPYDX2SRGZ0MV94SZ42GNYQC,2/23/2023,cronnaybb@nasa.gov,Charmaine,Ronnay,56795 Towne Point,Brazil,Hoody,Medium,4
01HPYDX2SV9KEP62GTDV287QVE,10/27/2023,azoephelbc@japanpost.jp,Aloisia,Zoephel,937 Arapahoe Crossing,Uganda,Sweater,Medium,4
01HPYDX2SXP207G6HJWFSGHZJ1,4/8/2023,krothambd@miibeian.gov.cn,Kendell,Rotham,844 Toban Alley,Brazil,Scarf,Medium,4
01HPYDX2SZN56C6QS99V6SS41C,4/14/2023,vrebbeckbe@constantcontact.com,Von,Rebbeck,549 Meadow Valley Way,Peru,Gloves,Medium,2
01HPYDX2T1PT9XYS8N3B8J68ES,11/13/2023,egomesbf@pbs.org,Ellis,Gomes,6503 Surrey Way,France,Shorts,Large,2
01HPYDX2T39JDKYXJWKWMDSN29,9/7/2023,nclausewitzbg@unesco.org,Nina,Clausewitz,9 Stephen Pass,Uganda,Tshirt,Small,1
01HPYDX2T6F30XH8Q8474XSCYF,5/9/2023,marmsbybh@theatlantic.com,Micheal,Armsby,280 Bunting Road,United States,Hoody,X-Large,3
01HPYDX2T8MB4MS6CJAQXYG7WC,8/22/2023,tfransinellibi@archive.org,Thomasin,Fransinelli,807 Forster Avenue,United States,Tshirt,Medium,4
01HPYDX2T92FD0FZYK8R0GCPRM,2/3/2023,cpurnellbj@apple.com,Cordie,Purnell,654 Sherman Plaza,France,Tshirt,Medium,1
01HPYDX2TA6VJHB5E85H2F7TWV,1/26/2023,abecarisbk@gizmodo.com,Alison,Becaris,89 Village Green Drive,Uganda,Tshirt,Large,1
01HPYDX2TCP1QWAYRBQ0K5CXB3,1/6/2023,ajedrzejczakbl@hubpages.com,Antone,Jedrzejczak,5 Hagan Way,Brazil,Hoody,XX-Large,1
01HPYDX2TEAD6PZN6R828KTQYC,9/25/2023,tschoutbm@rakuten.co.jp,Townsend,Schout,96588 Knutson Lane,Brazil,Shorts,Medium,4
01HPYDX2TGYB4Z10HFPRP3MJYH,9/9/2023,hsamudiobn@redcross.org,Harlin,Samudio,7916 Algoma Parkway,Norway,Gloves,Large,1
01HPYDX2THRMS5WM2WWQ9T3W23,8/21/2023,bshaughnessybo@issuu.com,Brendin,Shaughnessy,046 Westridge Street,France,Tshirt,Small,3
01HPYDX2TKRZCAXG8VGCQDSKXR,2/22/2023,akunischbp@nytimes.com,Alvinia,Kunisch,347 Veith Alley,Canada,Hoody,Small,1
01HPYDX2TMZBYYAY9HYTAN3EWK,12/24/2023,enarramorebq@economist.com,Ellsworth,Narramore,95 Eastlawn Point,Sweden,Scarf,XX-Large,1
01HPYDX2TNDVCXMHJG74J9Z8CK,12/9/2023,mallnuttbr@cocolog-nifty.com,Marcy,Allnutt,0 Northwestern Trail,Brazil,Gloves,Medium,2
01HPYDX2TP41AD4C9H7AD0Y6WH,11/17/2023,cpalleybs@senate.gov,Ches,Palley,76 Lunder Place,Brazil,Shorts,Small,4
01HPYDX2TQQBY1DNBM8C1KXXP3,1/25/2023,fnansonbt@cloudflare.com,Fiona,Nanson,1722 Canary Avenue,Brazil,Tshirt,Large,4
01HPYDX2TS6WGW0QJH1JR60QYP,4/15/2023,foldisbu@jalbum.net,Frannie,Oldis,619 Ronald Regan Pass,Peru,Hoody,Small,2
01HPYDX2TXHFW7XKYGVTFFHN01,3/22/2023,ljackettsbv@unblog.fr,Lanae,Jacketts,354 Mesta Court,United States,Gloves,XX-Large,1
01HPYDX2V2F0YC1VRFTVNTKQZC,12/30/2023,aperigoebw@washington.edu,Andros,Perigoe,2546 Lien Alley,United States,Hoody,Small,4
01HPYDX2V8RZRV8NC4TFB3HN29,1/24/2023,wwestmanbx@yahoo.co.jp,Winslow,Westman,40 Boyd Hill,Peru,Sweater,Small,1
01HPYDX2VDYF035H9VP74HQDFH,9/11/2023,lsummerellby@whitehouse.gov,Lilli,Summerell,936 South Plaza,Brazil,Shorts,Large,1
01HPYDX2VHHA2HBGVK9P6SM0T6,5/28/2023,dordidgebz@ebay.co.uk,Delila,Ordidge,4 Maryland Street,Brazil,Tshirt,XX-Large,1
01HPYDX2VN02NQ6NXMBQNS1M0E,2/4/2023,jturneyc0@ustream.tv,Jaymie,Turney,808 Village Alley,Brazil,Tshirt,Medium,4
01HPYDX2VQ6XB4FNYZMTZNM6E8,11/18/2023,ccockshuttc1@marriott.com,Caralie,Cockshutt,79 Talmadge Circle,Sweden,Tshirt,Medium,4
01HPYDX2VSNY13AJ7HG6SZ77Y4,8/13/2023,bhanfreyc2@smugmug.com,Bryant,Hanfrey,7173 Crowley Park,Brazil,Gloves,Medium,1
01HPYDX2VWXYQDWFGY7C5XE48H,1/23/2023,qpuckerc3@bbb.org,Quentin,Pucker,68 East Pass,Ireland,Gloves,Medium,2
01HPYDX2W069GGD0JG9B3KSFV2,3/11/2023,csnufflebottomc4@studiopress.com,Caresse,Snufflebottom,89 Barnett Parkway,United States,Tshirt,Medium,1
01HPYDX2W3778YEFTP3VZ81B98,1/31/2023,ospieckc5@e-recht24.de,Olympia,Spieck,01234 Stephen Hill,France,Scarf,Large,3
01HPYDX380YHHR70N1Z0YNVJJN,5/26/2023,dhaconc6@yellowbook.com,Darin,Hacon,2483 Longview Plaza,France,Sweater,Large,1
01HPYDX382KFGFKQMRYDKZA6Y6,12/22/2023,kdiglinc7@list-manage.com,Kiri,Diglin,1 Cardinal Alley,Canada,Scarf,XX-Large,4
01HPYDX3833E9K1PSDGXCSAMDZ,11/23/2023,kfifootc8@japanpost.jp,Kingsley,Fifoot,9 Northwestern Junction,Sweden,Sweater,XX-Large,3
01HPYDX38599EMEDSKDMX33NE5,12/12/2023,yhorsteadc9@bloglines.com,Yehudi,Horstead,7 Mcbride Crossing,Sweden,Sweater,Medium,2
01HPYDX387CR8BSVBR5Q8JW40D,12/6/2023,svaderca@unc.edu,Sybilla,Vader,3605 Rusk Point,United States,Scarf,XX-Large,1
01HPYDX389MN9RNE6NWA147S7H,3/23/2023,dfiddiancb@microsoft.com,Diannne,Fiddian,30228 Wayridge Hill,Sweden,Shorts,Small,3
01HPYDX38A24YHC3WQ8XSFQGQ5,11/9/2023,awurzcc@jimdo.com,Alanna,Wurz,086 Carpenter Plaza,France,Sweater,Large,2
01HPYDX38BGPFQPRWKAVDK2325,10/1/2023,adouldencd@arstechnica.com,Albertine,Doulden,4416 Kinsman Crossing,Brazil,Tshirt,Medium,2
01HPYDX38E4P8QJE6XY1JBXYGY,2/21/2023,mmanjotce@mail.ru,Munroe,Manjot,13024 Jay Trail,Sweden,Sweater,XX-Large,2
01HPYDX38HZ7Q847506XSEM3J0,3/14/2023,totleycf@springer.com,Theadora,Otley,038 Mockingbird Terrace,Brazil,Hoody,Medium,1
01HPYDX38MV1K83CXHW4SHTZ6Q,2/2/2023,ewaleworkcg@state.gov,Emmalee,Walework,50 Anzinger Trail,France,Tshirt,XX-Large,4
01HPYDX38QBDW0RTA7J6X6HPDF,5/23/2023,jtranfieldch@discovery.com,Johannah,Tranfield,4 Maryland Alley,Brazil,Gloves,Large,3
01HPYDX38T56V86YQ2VFAQH6HF,8/1/2023,bpollerci@answers.com,Brenda,Poller,725 Surrey Drive,Sweden,Tshirt,Large,1
01HPYDX38W9CDNA77G14ATZP5B,1/31/2023,ltillotcj@webs.com,Loree,Tillot,10402 Green Ridge Place,Norway,Shorts,X-Large,1
01HPYDX38Z0GFP5V0VZFX35TA2,9/26/2023,cdecourceyck@ustream.tv,Clea,de Courcey,44 Service Terrace,France,Scarf,Medium,1
01HPYDX39205D8R7QPEYP449MD,4/5/2023,rwykeycl@tiny.cc,Roanne,Wykey,5168 Homewood Lane,Brazil,Tshirt,Medium,4
01HPYDX3935AE949CM0MRD51DE,8/14/2023,bsanpercm@sina.com.cn,Beverly,Sanper,2828 Amoth Terrace,France,Tshirt,Small,2
01HPYDX396G1T08W9EQY1KNM6K,7/12/2023,nmargramcn@amazon.co.jp,Nickolai,Margram,9 Iowa Court,Canada,Tshirt,Medium,1
01HPYDX398MGJ55GD2EC96S7T3,10/12/2023,ccaslinco@blogtalkradio.com,Corine,Caslin,03 Eagle Crest Drive,Brazil,Sweater,Large,3
01HPYDX39BCG85BT9PZ1WN6V64,11/12/2023,fchatancp@illinois.edu,Farand,Chatan,9865 Sunbrook Terrace,Ireland,Hoody,Small,1
01HPYDX39D236EDX4T225X9KNX,3/22/2023,tcalveycq@wikimedia.org,Trip,Calvey,8 Truax Place,Peru,Tshirt,Small,1
01HPYDX39EK5QG7R7MAC6JYWGJ,12/24/2023,jmacpheecr@hubpages.com,Jacklin,MacPhee,4221 Carberry Alley,Australia,Hat,Large,2
01HPYDX39HQYCFTWGMHZW9VNBT,10/13/2023,dwitherupcs@sciencedirect.com,Dorita,Witherup,056 Mcbride Lane,France,Scarf,Medium,2
01HPYDX39M0HMTFQS7GDNZKPM7,12/29/2023,swedlockct@photobucket.com,Stella,Wedlock,194 Miller Plaza,United Kingdom,Hoody,Large,1
01HPYDX39P7AK14BW5B9CK6D7K,1/10/2023,lstansallcu@4shared.com,Lynn,Stansall,7 Homewood Street,Peru,Jacket,Small,2
01HPYDX39Q5YKYFETE2V7BGD4Y,1/31/2023,sraglescv@stumbleupon.com,Spencer,Ragles,29 Sundown Hill,Peru,Hoody,X-Large,2
01HPYDX39R86J6TZ1HBJW87AK5,2/11/2023,kobriancw@cbsnews.com,Katerine,O'Brian,9 Granby Park,Brazil,Hoody,Medium,4
01HPYDX39V2YSDBNFTJEYM60C5,2/12/2023,nvalenssmithcx@ted.com,Noellyn,Valens-Smith,36 Bunting Junction,Peru,Scarf,XX-Large,1
01HPYDX39XNAXKPRYZSVCQHRGR,3/2/2023,kproshcy@alibaba.com,Kary,Prosh,01076 Atwood Alley,Bosnia and Herzegovina,Tshirt,Medium,3
01HPYDX39ZWEF8AR1SX8RY58KV,4/10/2023,apallecz@godaddy.com,Atlanta,Palle,6103 Gateway Way,Nigeria,Sweater,Medium,4
01HPYDX3A2B1KV7CAAKASWFV1Y,7/30/2023,plovegroved0@flavors.me,Pepita,Lovegrove,543 Prairie Rose Plaza,France,Sweater,Medium,1
01HPYDX3A4YQ4SGNX72B2RSG7X,6/4/2023,emumbeyd1@discovery.com,Emmye,Mumbey,4625 Thompson Circle,Peru,Scarf,Medium,3
01HPYDX3A5E580WCAGA3YRZA86,3/29/2023,skislingburyd2@usnews.com,Sutherland,Kislingbury,88 Oxford Lane,Sweden,Sweater,Large,2
01HPYDX3A6NX5M6CE8VR3J7D7X,2/3/2023,keggletond3@friendfeed.com,Kelley,Eggleton,82006 Fremont Parkway,Peru,Tshirt,X-Large,1
01HPYDX3A7XEB5YB7RXTEH0VBA,9/29/2023,ctyremand4@nih.gov,Chaim,Tyreman,27 Upham Lane,United Kingdom,Tshirt,Medium,1
01HPYDX3A9QS7VZ221Q7F6NE35,8/12/2023,bgobyd5@goodreads.com,Broddie,Goby,4 Hagan Park,Brazil,Hat,Medium,2
01HPYDX3AACV7492WJXPSZSJMC,10/17/2023,ebourdiced6@bbb.org,Emelina,Bourdice,1507 Manitowish Place,United States,Jacket,Medium,4
01HPYDX3ABX9SW6AGN5CDBFYYK,11/24/2023,ebeccerad7@mit.edu,Emmalee,Beccera,7872 High Crossing Center,Canada,Hat,Small,3
01HPYDX3ADRPAAHHXY98NFXC9G,2/24/2023,rpelzerd8@storify.com,Ruby,Pelzer,43 Michigan Lane,Norway,Hoody,XX-Large,1
01HPYDX3AEWYKAQ0V5YF0NEVNX,3/5/2023,dspyerd9@paginegialle.it,Darrelle,Spyer,08330 Gulseth Park,United States,Shorts,X-Large,2
01HPYDX3AGFRZ0WE9PM82G1R3R,12/7/2023,mcarwithenda@topsy.com,Marianna,Carwithen,13 Iowa Center,Canada,Hoody,Medium,1
01HPYDX3AHK49SGSTBGPQ2PS1C,2/22/2023,rlismoredb@archive.org,Reagen,Lismore,6 Northland Place,Brazil,Tshirt,Medium,3
01HPYDX3AM5XWKCW27MEGN4AJP,1/15/2023,mmilliondc@seattletimes.com,Mac,Million,729 Green Ridge Way,Peru,Sweater,XX-Large,3
01HPYDX3AQR9HQ5JT95M2WDT2W,12/10/2023,sduggendd@yahoo.com,Shepperd,Duggen,702 Hanson Drive,Brazil,Hoody,Medium,1
01HPYDX3AT6ZHTRM9P172M0HMJ,2/28/2023,gdunlopde@so-net.ne.jp,Granny,Dunlop,23 John Wall Trail,Brazil,Jacket,Medium,2
01HPYDX3AXXAVNNQVN9ENP5X4M,10/13/2023,atolworthydf@geocities.com,Amelie,Tolworthy,3759 Scofield Road,Brazil,Tshirt,Small,4
01HPYDX3AZDEGY51ZRTT89YDA5,11/25/2023,mstotharddg@sbwire.com,Malinde,Stothard,01 Park Meadow Way,Peru,Sweater,Medium,4
01HPYDX3B2KA01DNPPEZZ60R26,6/4/2023,mabrahamsdh@zimbio.com,Maurice,Abrahams,394 Schmedeman Junction,Bosnia and Herzegovina,Jacket,Medium,2
01HPYDX3B5K5V59Z1JQEQN0772,4/9/2023,bragotdi@pen.io,Bartholemy,Ragot,63 Meadow Vale Center,Brazil,Tshirt,Medium,3
01HPYDX3B867TNAF0AG0N3N2SA,7/7/2023,dtobydj@berkeley.edu,Deena,Toby,75 Burrows Parkway,Brazil,Tshirt,X-Large,2
01HPYDX3BAWYC27DV5D8DBD3NB,7/24/2023,akinniedk@cloudflare.com,Allegra,Kinnie,0100 Moland Avenue,Switzerland,Hoody,Medium,3
01HPYDX3BCTEYBVFE4NXBBXRTT,10/10/2023,cpenlingtondl@com.com,Carie,Penlington,717 Chinook Avenue,France,Tshirt,Medium,3
01HPYDX3BF9VASS6FGP1YYZBQN,6/27/2023,mwinmandm@redcross.org,Modesty,Winman,07604 Esch Pass,France,Tshirt,Medium,1
01HPYDX3BHNGRG94JYZ8RTT0B7,8/1/2023,sbentsondn@newsvine.com,Syd,Bentson,3518 Maple Wood Street,United States,Tshirt,Medium,4
01HPYDX3BMPFB5S5QBXTBJQXVF,8/19/2023,fhorribinedo@mediafire.com,Flora,Horribine,0 Mallard Point,Spain,Hoody,Medium,3
01HPYDX3BQ57APCSC5BCJX8A01,11/14/2023,jmcdonnelldp@tamu.edu,Janna,McDonnell,40830 Manley Drive,Switzerland,Shorts,Large,3
01HPYDX3BTTB9WSGQG5G9SZ7SC,7/23/2023,planslydq@umich.edu,Patrizius,Lansly,7298 Fuller Center,Canada,Tshirt,Medium,3
01HPYDX3BXVG3XCWR4BBKN5GWF,10/18/2023,lgianuzzidr@cdbaby.com,Leese,Gianuzzi,8304 Pleasure Avenue,United States,Scarf,X-Large,4
01HPYDX3BZCSV5C6HC2TNY9GZT,3/3/2023,rrosomands@gizmodo.com,Rudy,Rosoman,864 Redwing Terrace,Nigeria,Tshirt,XX-Large,2
01HPYDX3C2QAJD658KNZW2RCNG,2/8/2023,cdanilchevdt@canalblog.com,Cesare,Danilchev,77 Grasskamp Parkway,Sweden,Hat,Large,4
01HPYDX3C5R2FJE1CC5335RMN1,8/20/2023,reilertdu@fema.gov,Reilly,Eilert,0261 Lyons Center,Peru,Tshirt,Large,1
01HPYDX3C775J4PZ9EGH6J61F7,8/19/2023,jsurgooddv@istockphoto.com,Justus,Surgood,1 Kings Lane,Argentina,Tshirt,Medium,3
01HPYDX3CAAJQH1SKGJFESYC9D,12/11/2023,pbenthamdw@sciencedaily.com,Paddie,Bentham3,86 School Alley,United States,Tshirt,X-Large,1
01HPYDX3CD554N8XHY3GW3P9CT,3/8/2023,vstubbingtondx@dropbox.com,Verina,Stubbington,478 Crownhardt Place,Peru,Scarf,Large,4
01HPYDX3CFFWXCQ3X6D2XD5KP8,3/30/2023,tfantindy@posterous.com,Toby,Fantin,58 Lake View Drive,Nigeria,Tshirt,Large,3
01HPYDX3CHR8VBCJDB1X69QFWX,5/23/2023,jsavidgedz@utexas.edu,Josselyn,Savidge,0 Coolidge Lane,Brazil,Tshirt,Medium,3
01HPYDX3CMMAR2ADFKBACB6MWC,2/19/2023,irosee0@gravatar.com,Isis,Rose,8 Lotheville Alley,Chile,Tshirt,Large,1
01HPYDX3CQTDTH6HT6QZWTF6FT,12/19/2023,srobbe1@independent.co.uk,Sonya,Robb,669 Lyons Park,Brazil,Tshirt,Large,4
01HPYDX3CS433X7GEFB65B17MT,9/30/2023,tclementuccie2@odnoklassniki.ru,Trixie,Clementucci,311 Randy Center,Sweden,Hoody,Medium,1
01HPYDX3CV1F8HKNBBYE2EENYZ,2/15/2023,dgarrede3@bbb.org,Dill,Garred,64 Bartillon Parkway,Ireland,Tshirt,X-Large,2
01HPYDX3CX6AR0Q1JKVAPWJ9VQ,8/11/2023,lgillinghamse4@cdc.gov,Lorelle,Gillinghams,90 Fair Oaks Avenue,Brazil,Sweater,Medium,3
01HPYDX3CZAPS2VJRJ1B7ACBJY,10/1/2023,swhitleye5@icio.us,Selena,Whitley,326 Sachtjen Terrace,Germany,Tshirt,X-Large,4
01HPYDX3D1TP5D8HWEX11PYQH0,7/20/2023,jmullere6@who.int,Janeczka,Muller,2058 Larry Alley,United States,Shorts,Medium,4
01HPYDX3D4480BYBHHX9N2SBRG,2/5/2023,efricke7@npr.org,Eddie,Frick,242 Susan Park,United States,Sweater,Small,3
01HPYDX3D7SS705P5NEYA3YH23,1/26/2023,ckolodzieje8@fda.gov,Cal,Kolodziej,396 Stoughton Road,Argentina,Tshirt,Large,3
01HPYDX3D9Q8QTMPF97BBXPQPR,6/13/2023,efidgee9@wikia.com,Emlyn,Fidge,8245 Maple Wood Alley,Sweden,Tshirt,X-Large,3
01HPYDX3DCQWG0P5CF5XGH2DS6,6/5/2023,rvenessea@storify.com,Rosina,Veness,25205 Westend Hill,United States,Hat,Large,4
01HPYDX3DF7M21CQ1RM89WN89D,5/20/2023,kvaulseb@acquirethisname.com,Karim,Vauls,21 South Trail,France,Jacket,Medium,2
01HPYDX3DHSFVTP7ZRTCNS2YYS,11/18/2023,lcaveillec@netvibes.com,Leonid,Caveill,79816 Arkansas Terrace,Brazil,Tshirt,Small,1
01HPYDX3DM6G1FPSNY5VZZ3Q2G,12/6/2023,jkubiczeked@godaddy.com,Joseph,Kubiczek,1127 Eastwood Crossing,Senegal,Tshirt,X-Large,2
01HPYDX3DQ0CS59F665SVPVV5C,5/11/2023,hsimkoee@usa.gov,Hillery,Simko,8895 Talisman Crossing,Argentina,Sweater,XX-Large,4
01HPYDX3DSK7J9WGF4REFH9BAX,10/1/2023,rcavenef@economist.com,Roth,Caven,5 Mariners Cove Center,Brazil,Tshirt,Large,3
01HPYDX3DV0QY3P624QAD6KAFM,5/23/2023,ggreganeg@de.vu,Greggory,Gregan,4244 Manitowish Park,France,Tshirt,Large,1
01HPYDX3DWM711XCY7XESMB118,1/15/2023,ljoddinseh@pen.io,Lon,Joddins,30784 Sutteridge Street,Sweden,Scarf,Medium,1
01HPYDX3DX82D3EF6PWGRZ26XW,10/28/2023,mmathivonei@geocities.jp,Massimo,Mathivon,05227 Waxwing Pass,United States,Gloves,Medium,1
01HPYDX3DZQXCZNR8NAC2WGXZZ,9/14/2023,cmaccrackenej@homestead.com,Christie,MacCracken,5150 Hermina Road,Brazil,Hoody,XX-Large,3
01HPYDX3E0T6PHB76JHNQCWVQW,8/13/2023,zkleinlererek@ning.com,Zora,Kleinlerer,2 Shelley Lane,Germany,Sweater,Large,3
01HPYDX3E1RWVX76D8VZ7GY7WR,12/28/2023,rdasparel@joomla.org,Reuven,Daspar,6291 Darwin Park,Sweden,Tshirt,Large,3
01HPYDX3E21H7N08EE4453RQ7Z,1/15/2023,hmauchlineem@reverbnation.com,Heddie,Mauchline,9789 Melby Junction,Argentina,Tshirt,Small,2
01HPYDX3E3WE1AY2W314Z6RAPB,12/6/2023,blisten@pbs.org,Byran,List,89 Sherman Center,Brazil,Shorts,Small,3
01HPYDX3E54MDMV2420TECJJQ4,5/31/2023,cwadelingeo@yelp.com,Cecily,Wadeling,6 Gale Center,France,Scarf,Large,3
01HPYDX3E60SHWT8HVYBFGG5BN,4/17/2023,abickleep@acquirethisname.com,Amii,Bickle,7548 Rockefeller Terrace,Peru,Shorts,Medium,2
01HPYDX3E7N7YB11EP8FGHVD1D,12/10/2023,asweatmaneq@geocities.jp,Amitie,Sweatman,003 Talmadge Drive,Brazil,Hoody,Small,1
01HPYDX3E97YSJGVSW7WRG187X,12/8/2023,jleidler@clickbank.net,Juliann,Leidl,895 Anderson Road,Argentina,Hoody,Medium,1
01HPYDX3EAXP5BWC01GHAB0AR2,2/13/2023,alotheanes@edublogs.org,Adore,Lothean,43 Declaration Crossing,Brazil,Jacket,Large,4
01HPYDX3EBJSX91CM5E5DVPDNT,10/16/2023,mtrowillet@google.it,Massimiliano,Trowill,2 Fulton Court,Ireland,Sweater,X-Large,4
01HPYDX3ECVZG4CRSD9267GQR8,5/15/2023,cknaggeseu@gravatar.com,Claudianus,Knagges,25 Lunder Plaza,Peru,Scarf,Medium,2
01HPYDX3EDPSBF5RA7HST2NMP1,9/17/2023,clidgleyev@patch.com,Caril,Lidgley,57443 Acker Pass,Nigeria,Tshirt,Medium,2
01HPYDX3EFHSXG5GAGN11HWT6T,8/7/2023,mivoshinew@t-online.de,Marthena,Ivoshin,92420 Hayes Trail,Sweden,Sweater,X-Large,2
01HPYDX3EGQGJ45T6W1KXVZ19E,12/24/2023,cugolettiex@cisco.com,Chancey,Ugoletti,53 Green Ridge Parkway,France,Hoody,Small,3
01HPYDX3EHA2189N4C3JABW1JT,3/31/2023,hwoodisoney@devhub.com,Hamilton,Woodison,20 Merrick Place,Argentina,Tshirt,X-Large,3
01HPYDX3EJR6608VWE8BQ3FFEZ,2/11/2023,sbowellez@seesaa.net,Sayre,Bowell,670 Sauthoff Trail,Brazil,Sweater,XX-Large,2
01HPYDX3EKXQCQ5RH3X04RXXJ8,6/17/2023,nsandomf0@usnews.com,Nannette,Sandom,48 Meadow Valley Terrace,France,Sweater,Medium,4
01HPYDX3ENTQ1ARDS42RP9KXT4,5/22/2023,pblackief1@oakley.com,Philippa,Blackie,928 Doe Crossing Hill,Switzerland,Hoody,Large,3
01HPYDX3EP2A76TQBWADPVVSTP,6/11/2023,dtredgerf2@seesaa.net,Donnie,Tredger,3262 Mandrake Lane,Nigeria,Scarf,Medium,4
01HPYDX3ERPXYVY6AQHAB6AX13,8/24/2023,jkiddeyf3@i2i.jp,Jamil,Kiddey,57 Nelson Junction,Brazil,Jacket,Large,1
01HPYDX3ET88CF9S0HAZR9971W,1/10/2023,dbessomf4@dmoz.org,Danice,Bessom,6095 Anniversary Parkway,Brazil,Scarf,X-Large,3
01HPYDX3EV3Q0WQ2EC13BBR8QT,3/9/2023,bplantf5@typepad.com,Bart,Plant,884 Hauk Lane,Canada,Sweater,Medium,4
01HPYDX3EW2Z74YSC24YC0EJJW,4/8/2023,llurcockf6@thetimes.co.uk,Lenore,Lurcock,52 Elmside Center,Canada,Shorts,Medium,1
01HPYDX3EYAYYRJ152H0FQDJM4,5/6/2023,dflaunierf7@dailymail.co.uk,De,Flaunier,63 Surrey Plaza,Peru,Tshirt,Large,2
01HPYDX3EZ9C32K8KXVRGWFWYT,12/12/2023,kwernherf8@examiner.com,Kingsley,Wernher,242 Lotheville Court,France,Hoody,XX-Large,2
01HPYDX3F09G01Q7AATYY8V3RC,4/8/2023,atitmarshf9@etsy.com,Adrian,Titmarsh,16 Stuart Plaza,Brazil,Hoody,Large,3
01HPYDX3F1PVYQSWQP2J909EDF,6/4/2023,hcleevelyfa@histats.com,Hoyt,Cleevely,65 Fordem Pass,France,Gloves,Medium,4
01HPYDX3F30SQR99QQJ4PMC1W3,1/5/2023,aspurdensfb@wsj.com,Adela,Spurdens,1 Waywood Court,France,Tshirt,X-Large,3
01HPYDX3F5DJ4ASMG50377D878,10/10/2023,rmctavyfc@tinypic.com,Reeva,McTavy,47379 Monument Trail,Sweden,Sweater,Small,4
01HPYDX3F634PXQZT6KVNXRHKN,4/9/2023,emccrystalfd@tmall.com,Elden,McCrystal,305 Spohn Junction,Brazil,Hat,Medium,3
01HPYDX3F7ZC7KB2KC55JRFXFZ,8/11/2023,adashfe@gizmodo.com,Adina,Dash,53469 Amoth Junction,Brazil,Tshirt,Large,2
01HPYDX3F9KX0VBA9BZWXRA5VR,5/14/2023,eadamiecff@liveinternet.ru,Emmery,Adamiec,921 Schurz Circle,Sweden,Shorts,Medium,4
01HPYDX3FA18KBRF4ZQ6EPZZ1T,6/3/2023,rfinnemorefg@unc.edu,Roberto,Finnemore,540 Judy Point,Brazil,Sweater,Medium,4
01HPYDX3FB4JRC03MJWNHKPTNG,5/24/2023,sfrakefh@sina.com.cn,Sascha,Frake,04010 Grover Crossing,Chile,Scarf,Medium,2
01HPYDX3FDNN3SY5NVB3K5NR34,6/14/2023,jjaneckifi@nature.com,Jacinda,Janecki,062 Maple Park,United States,Hoody,Large,2
01HPYDX3FEEY518WTGVZK0NWEY,2/5/2023,bcathrallfj@baidu.com,Barnie,Cathrall,397 Redwing Way,Brazil,Tshirt,Large,1
01HPYDX3FF6WDZCQ9T6K24YTHN,10/19/2023,gbaumfk@fema.gov,Geri,Baum,57 Merchant Hill,Bosnia and Herzegovina,Shorts,Large,2
01HPYDX3FGQB8PYC8CKJJE5B1G,6/27/2023,bshankfl@usnews.com,Birk,Shank,36 Ramsey Center,Switzerland,Hat,Small,4
01HPYDX3FJ1S3CN1ZB1913Y3WZ,2/21/2023,aneesamfm@pen.io,Amandy,Neesam,228 Nova Alley,United States,Tshirt,Medium,2
01HPYDX3FMYPFJ9RWX27ME4VAV,10/16/2023,cgodfroyfn@princeton.edu,Conny,Godfroy,2 Nova Junction,France,Shorts,X-Large,4
01HPYDX3FQ4FCMWAXMSEWR1J66,6/15/2023,itertrefo@bloglovin.com,Iago,Tertre,865 Waubesa Street,Brazil,Shorts,Medium,4
01HPYDX3FSNYQF7FHYRKNS0KRP,11/3/2023,cpactatfp@g.co,Carl,Pactat,1 Birchwood Alley,Norway,Hoody,Medium,1
01HPYDX3FTGMMHYN3ESBB5K4SS,3/29/2023,mhearnamanfq@1und1.de,Morley,Hearnaman,47150 Carey Road,Chile,Scarf,Medium,3
01HPYDX3GE0G90J2BWK0SG5ED8,6/23/2023,vstuckfordfr@umich.edu,Vasilis,Stuckford,74 Dakota Point,Germany,Shorts,Small,2
01HPYDX3GGMVGRRJ1Z42WW2QAH,11/28/2023,ccornbillfs@yellowbook.com,Clemmie,Cornbill,2516 Meadow Vale Center,Peru,Hat,Large,1
01HPYDX3GJQF7MRK0RQH6MHVJT,3/23/2023,mstofferft@hp.com,Mona,Stoffer,01 Larry Point,Brazil,Scarf,Large,1
01HPYDX3GNZSCDMKEP8W304T1F,11/23/2023,tansteadfu@soundcloud.com,Tiffy,Anstead,7 Pine View Plaza,Brazil,Hat,Medium,4
01HPYDX3GRN8DR7MTN132TFSVT,6/7/2023,wlampardfv@themeforest.net,Waly,Lampard,91208 Dorton Alley,Chile,Gloves,Large,2
01HPYDX3GTTCBZJHY5A3A1JB11,6/8/2023,lbrollyfw@ezinearticles.com,Lauralee,Brolly,67341 Fallview Parkway,Canada,Hoody,X-Large,3
01HPYDX3GW4EF6JAE203232BQ1,6/16/2023,dskivingtonfx@indiegogo.com,Dorene,Skivington,654 Green Ridge Crossing,Brazil,Tshirt,Medium,4
01HPYDX3GYD9TBV6M6HTHFJREW,5/24/2023,rwellerfy@gmpg.org,Rufe,Weller,0510 Main Lane,Argentina,Sweater,Large,2
01HPYDX3H09VME743PMN3A7G14,9/26/2023,dcanlandfz@sfgate.com,Dorrie,Canland,447 Carey Street,France,Scarf,XX-Large,1
01HPYDX3H24FKTVCH21PN2T4SD,5/24/2023,aattrydeg0@cnn.com,Ashlee,Attryde,4572 Prairie Rose Crossing,Argentina,Shorts,X-Large,1
01HPYDX3H4N6ESMNS2Y3N493M8,6/14/2023,vpersickeg1@homestead.com,Vance,Persicke,002 Wayridge Circle,Canada,Sweater,X-Large,3
01HPYDX3H6CTERBBF0KTS3XBK5,5/11/2023,aespadaterg2@walmart.com,Allix,Espadater,84512 Waxwing Circle,Chile,Shorts,XX-Large,3
01HPYDX3H8T4YM7E0EKZTFGBKE,2/3/2023,aochterlonyg3@clickbank.net,Ashley,Ochterlony,419 Saint Paul Parkway,Bosnia and Herzegovina,Hoody,Medium,3
01HPYDX3HA4ESSPBXFQ9FE0VAP,6/2/2023,wpittsg4@livejournal.com,Webb,Pitts,39704 Carioca Crossing,Canada,Tshirt,Small,1
01HPYDX3HCR4TVKC6T55WS0343,10/8/2023,atookerg5@tiny.cc,Alfie,Tooker,2 Fieldstone Point,Canada,Hoody,XX-Large,1
01HPYDX3HES4NJD9WYBPVDX5JX,10/12/2023,cpinnellg6@ted.com,Craig,Pinnell,09948 Warbler Plaza,Brazil,Hoody,Medium,1
01HPYDX3HGWJ3RDJB6PPADNA1H,7/28/2023,dtortg7@goo.gl,Dalt,Tort,12733 Sherman Junction,Norway,Hoody,X-Large,3
01HPYDX3HJ02D3Y73MB7PQXFRQ,8/2/2023,owoffendeng8@jimdo.com,Orton,Woffenden,36409 Grayhawk Terrace,Canada,Scarf,XX-Large,1
01HPYDX3HM3K7AZBH8V9F17EM3,1/3/2023,abartaluccig9@addtoany.com,Andreana,Bartalucci,3832 Pleasure Park,Canada,Scarf,X-Large,1
01HPYDX3HP8J3XSZQS20N4TCB5,2/5/2023,estaceyga@cornell.edu,Erminia,Stacey,6 Bunker Hill Park,Peru,Tshirt,Small,3
01HPYDX3HRWPZJV1D9VSDWQZDS,11/9/2023,ljellmangb@dmoz.org,Lianna,Jellman,70 Meadow Vale Avenue,Peru,Sweater,Medium,3
01HPYDX3HTAR33FFP1MC8BMDFR,5/29/2023,citzcakgc@upenn.edu,Courtnay,Itzcak,433 Sycamore Trail,Canada,Jacket,Large,2
01HPYDX3HWTN3EZZ0GZX8HCFQ3,3/21/2023,carmsteadgd@dagondesign.com,Chip,Armstead,6 Village Green Parkway,France,Scarf,Large,4
01HPYDX3HYS7FD43W0ZHDHQ6BD,12/8/2023,achasmerge@issuu.com,Alfy,Chasmer,6 Golf View Place,Sweden,Hoody,Large,1
01HPYDX3J0D0V5Q661Q5Z85CDX,11/22/2023,gbicknellgf@msu.edu,Gael,Bicknell,1214 Jay Street,Canada,Tshirt,X-Large,4
01HPYDX3J2H5C45HYKBDQ9R946,5/4/2023,cebbettgg@amazon.co.uk,Caritta,Ebbett,00005 Brickson Park Trail,Brazil,Shorts,XX-Large,3
01HPYDX3J49DCEGM8XC0ZMXA34,2/12/2023,akermottgh@nationalgeographic.com,Adoree,Kermott,788 Arapahoe Alley,Brazil,Scarf,Small,1
01HPYDX3J6ZGDX8M1ZD2FCFE46,4/9/2023,aroycroftgi@uol.com.br,Adaline,Roycroft,977 Jay Trail,Brazil,Shorts,X-Large,1
01HPYDX3J8PQ5WWDH04JMD0SZ9,10/22/2023,scrocegj@moonfruit.com,Sibylla,Croce,8 Village Green Way,Brazil,Hoody,Medium,4
01HPYDX3JAWASNBR6FCBY9Q9T3,5/26/2023,tkingstnegk@4shared.com,Trisha,Kingstne,485 Fulton Terrace,Sweden,Sweater,Medium,4
01HPYDX3JCV616KH0ZSAY59G6X,8/14/2023,dcovelygl@privacy.gov.au,Derby,Covely,69602 Stuart Terrace,France,Tshirt,Medium,1
01HPYDX3JET10CK9S01VRM0E33,10/10/2023,bsilbersakgm@weebly.com,Bing,Silbersak,23 Cody Circle,Brazil,Tshirt,Medium,2
01HPYDX3JG5RQXBF5PT2DYK4TN,2/2/2023,mchapplegn@squidoo.com,Margarette,Chapple,073 Memorial Plaza,Norway,Tshirt,X-Large,4
01HPYDX3JJB5V0JCBWD6MWWMFY,1/12/2023,kgablego@dailymail.co.uk,Kennedy,Gable,8930 David Hill,United States,Tshirt,Small,3
01HPYDX3JMQSFB6TSXHEVWPS1W,1/28/2023,dlewrygp@icq.com,Desmund,Lewry,25219 Maple Alley,Germany,Gloves,Medium,1
01HPYDX3JPCJV2SPK7P2F785PX,10/30/2023,gwasmuthgq@sogou.com,Guglielmo,Wasmuth,43 Carberry Road,United Kingdom,Sweater,XX-Large,4
01HPYDX3JS095YM56ZQTBKPMY1,7/11/2023,dlafflinagr@guardian.co.uk,Dalston,Lafflina,97645 Jenifer Way,United States,Shorts,Large,3
01HPYDX3JTXPZSPDV8R7MF07NB,7/28/2023,bpoughergs@patch.com,Bartie,Pougher,18 Blue Bill Park Drive,Canada,Hoody,Medium,2
01HPYDX3JXQCR45Y10QK99P5B3,10/11/2023,rbowlesgt@europa.eu,Romonda,Bowles,49 Mariners Cove Pass,Brazil,Sweater,Small,1
01HPYDX3JY25C8QDDMGB0P4FXK,10/26/2023,jbloodgu@joomla.org,Jarad,Blood,696 Hanson Avenue,Argentina,Sweater,Large,1
01HPYDX3K11DJRXK0VEQCE71BZ,12/28/2023,styriegv@amazon.com,Samson,Tyrie,60383 Meadow Vale Hill,France,Scarf,Medium,1
01HPYDX3K38T8G0W5WDP458PPG,9/29/2023,hpendlentongw@who.int,Hewet,Pendlenton,0 Fairview Crossing,Argentina,Tshirt,Medium,3
01HPYDX3K5BTWXF9RW68MT7Q6E,5/8/2023,pconnahgx@homestead.com,Phoebe,Connah,616 Kingsford Alley,Sweden,Sweater,Large,2
01HPYDX3K7004DMYCP5F5GQF06,1/25/2023,tarnleygy@oaic.gov.au,Tani,Arnley,47834 Dahle Drive,France,Scarf,Medium,4
01HPYDX3K90M7PJV3DECJD7AV1,8/5/2023,doraegz@instagram.com,Dalli,Orae,873 Beilfuss Crossing,France,Tshirt,Medium,2
01HPYDX3KBZZ15388VG3HVARYH,8/24/2023,gcaistorh0@ocn.ne.jp,Gus,Caistor,18 Michigan Way,Argentina,Shorts,Large,4
01HPYDX3KDX3ZH9QS9B68Y3P89,3/16/2023,fpiddletownh1@baidu.com,Friedrick,Piddletown,61 Mesta Place,Brazil,Scarf,X-Large,2
01HPYDX3KF4RQ3FNQFJYQRHZSM,11/18/2023,ebailesh2@qq.com,Elia,Bailes,47 Reinke Circle,France,Sweater,Large,2
01HPYDX3KHMJ5PA3Z9E9K814PZ,10/29/2023,kdignanh3@mozilla.com,Kin,Dignan,2 Mosinee Street,Spain,Hat,Medium,4
01HPYDX3KKJ40M4RZN6N0J45BX,12/11/2023,lstpierreh4@state.gov,Linet,St. Pierre,36139 International Lane,Sweden,Tshirt,Small,1
01HPYDX3KNPQD0FEYDBY4QKMHJ,1/26/2023,hwaldrumh5@tripadvisor.com,Harlie,Waldrum,79635 Loeprich Alley,Sweden,Sweater,Large,1
01HPYDX3KQTDHBP8N87RWM32VF,8/14/2023,cmacarthurh6@mysql.com,Coleman,MacArthur,80 Starling Circle,United States,Sweater,XX-Large,1
01HPYDX3KSGSEFERSWBQPEDHDK,7/16/2023,cdolphinh7@hatena.ne.jp,Cullie,Dolphin,27 Kipling Avenue,Nigeria,Hoody,X-Large,4
01HPYDX3KVNGSM7RHRMXJDGTQD,7/22/2023,aelecumh8@4shared.com,Aurore,Elecum,253 Susan Pass,Brazil,Jacket,Large,1
01HPYDX3KXGZ4G60V1H4WA3DNN,10/26/2023,ituhyh9@parallels.com,Isabelita,Tuhy,3 Bashford Parkway,France,Tshirt,Large,4
01HPYDX3KZHNR2F97BQK3D8PX7,9/10/2023,jmackettrickha@virginia.edu,Javier,MacKettrick,86 Eliot Lane,United States,Tshirt,Medium,4
01HPYDX3M1W7V0RTEMSF3ZJ4PB,12/28/2023,apitsallhb@bravesites.com,Aleksandr,Pitsall,6 Brickson Park Circle,Sweden,Tshirt,Small,4
01HPYDX3M367P9WAMC0827P9NP,2/16/2023,mmccrostiehc@upenn.edu,Marcela,McCrostie,76916 Bashford Court,Brazil,Sweater,X-Large,2
01HPYDX3M5KZW3V8RSV10TRNB8,7/3/2023,lridoutthd@sitemeter.com,Lorrie,Ridoutt,8371 Meadow Valley Hill,Brazil,Hat,Medium,1
01HPYDX3M7JVTHNXYJ1JA8M3Z7,9/24/2023,gbrodyhe@redcross.org,Giacomo,Brody,2 Mendota Alley,Brazil,Tshirt,Medium,2
01HPYDX3M9QNTR1V8GY0WRC3HK,3/11/2023,jklimahf@zdnet.com,Julia,Klima,53758 Banding Place,Brazil,Gloves,XX-Large,1
01HPYDX3MBK16GK9780QVF794V,7/19/2023,kfisbyhg@answers.com,Kriste,Fisby,8234 Oak Valley Trail,Brazil,Sweater,Medium,4
01HPYDX3MDH3MT8KEXB2QFRPVC,1/19/2023,otaylersonhh@wordpress.com,Oralla,Taylerson,22137 Washington Park,Nigeria,Tshirt,Medium,2
01HPYDX3MF9PJ4Z1MDZ6KPNQHN,12/20/2023,atracehi@patch.com,Ange,Trace,0431 Cottonwood Road,France,Tshirt,Large,4
01HPYDX3MHG8P2ERQ60F6X0CKG,8/30/2023,dkamallhj@prlog.org,Dot,Kamall,589 Kensington Alley,Chile,Sweater,XX-Large,1
01HPYDX3MK52A3APEZSW7J3888,8/18/2023,ceyershk@hugedomains.com,Corenda,Eyers,0 Clemons Avenue,Sweden,Sweater,Medium,3
01HPYDX3MN851K0TZGVH2ZQY0Y,7/8/2023,hsainsburyhl@lycos.com,Herby,Sainsbury,43 Clemons Court,Brazil,Scarf,XX-Large,1
01HPYDX3MQRT08EWPE5FAXGDY3,9/26/2023,bsussamshm@quantcast.com,Brod,Sussams,6252 John Wall Park,Brazil,Tshirt,Small,1
01HPYDX3MSDW8PMZ5KZRBRM9MD,11/30/2023,gislephn@wufoo.com,Gale,Islep,236 Corben Court,Bosnia and Herzegovina,Shorts,Large,1
01HPYDX3MV1EVPBSQQBD0ENGHS,8/13/2023,jvaggesho@tumblr.com,Jackqueline,Vagges,3 Iowa Plaza,France,Tshirt,Large,1
01HPYDX3MXD6J5EW2E1JR1B2SQ,3/27/2023,wgainforthp@google.nl,Waylin,Gainfort,98629 Oak Valley Place,Sweden,Sweater,Medium,3
01HPYDX3MZHT16T51E58A6RTED,10/8/2023,mshakspearehq@youtube.com,Maurene,Shakspeare,84481 Dakota Hill,United States,Tshirt,Large,2
01HPYDX3N1ESTFRPS712R9MG92,11/3/2023,khaggatahr@acquirethisname.com,Kissie,Haggata,788 Mifflin Terrace,Bosnia and Herzegovina,Hoody,Medium,4
01HPYDX3N395Q4V3Q4BY1Y6V9K,10/5/2023,cduriehs@e-recht24.de,Chariot,Durie,93385 Amoth Hill,Argentina,Scarf,Medium,3
01HPYDX3N5BXJ7GARATFT4NFQR,1/21/2023,nmcalessht@usgs.gov,Nevsa,McAless,5302 Bowman Place,United States,Tshirt,X-Large,3
01HPYDX3N7A66BPR8T0HDM0DAE,12/24/2023,gketchenhu@1und1.de,Gaspard,Ketchen,095 Forster Court,Argentina,Hoody,X-Large,3
01HPYDX3N97E2FK6BA45ZTWSTR,8/18/2023,bdineharthv@hp.com,Bernetta,Dine-Hart,84862 Forest Place,Sweden,Hoody,Medium,2
01HPYDX3NBX265AFQ48ANFY62W,6/8/2023,egregsonhw@goo.gl,Elihu,Gregson,8 Claremont Pass,Argentina,Scarf,Large,4
01HPYDX3NDBFXWN1CXW1V1NPKC,8/24/2023,gmaccambridgehx@salon.com,Guntar,MacCambridge,962 Forster Avenue,Argentina,Hoody,X-Large,2
01HPYDX3NFHD4ZM6PHVJE8YG8R,3/24/2023,cmurfetthy@jiathis.com,Coretta,Murfett,324 Chinook Plaza,Brazil,Hat,XX-Large,3
01HPYDX3NJ6BYMFCAWFGMPPQ8E,4/1/2023,krobilliardhz@soundcloud.com,Katlin,Robilliard,494 Montana Circle,United States,Hoody,XX-Large,2
01HPYDX3NMQMYWYNGMHF6SYPRA,8/5/2023,afrawleyi0@walmart.com,Alexandre,Frawley,4415 Roth Pass,France,Hat,Small,1
01HPYDX3NP8NKDCBVGQC1PBNMH,11/22/2023,gaketti1@google.fr,Gusty,Akett,4 Sommers Avenue,France,Tshirt,Medium,1
01HPYDX3NR1S161YEZ8PPV57MW,3/19/2023,gpondjonesi2@dailymail.co.uk,Gloria,Pond-Jones,33606 Sundown Terrace,France,Tshirt,Small,2
01HPYDX3NTEZ053FAP6GS6RDCQ,8/11/2023,dalpesi3@cloudflare.com,Demetris,Alpes,95 1st Circle,United States,Sweater,Large,1
01HPYDX3NWCDN0JNQ10R6904CV,9/14/2023,mgregorioi4@bizjournals.com,Madlen,Gregorio,08427 Lindbergh Plaza,Brazil,Gloves,X-Large,1
01HPYDX3NYD43CA805G4SRQ8Y0,3/17/2023,gsorenseni5@hud.gov,Gerard,Sorensen,63 Hovde Road,Sweden,Tshirt,Large,1
01HPYDX3P0WD7R7XTTSRD7CF1A,5/22/2023,bpaskerfuli6@bizjournals.com,Blaine,Paskerful,158 Dottie Avenue,France,Scarf,Large,3
01HPYDX3P2165PHMBRS36BR7NK,4/24/2023,svlasenkoi7@soup.io,Storm,Vlasenko,0 Dawn Road,Sweden,Tshirt,Medium,3
01HPYDX3P4B0A8T5D8514EHQWZ,10/31/2023,jgrishukhini8@fema.gov,Joanne,Grishukhin,9122 Sundown Way,Nigeria,Hoody,Large,1
01HPYDX3P5AX81GW38JFND3KD7,8/13/2023,ntrimmingi9@tamu.edu,Nalani,Trimming,15 Southridge Avenue,France,Jacket,Large,3
01HPYDX3P7N6S0T34EC4T7NHGW,5/29/2023,cpurchallia@rakuten.co.jp,Cliff,Purchall,8676 Hallows Road,Sweden,Tshirt,Medium,3
01HPYDX3P9NFQBSSCY9A0Z4GFK,2/20/2023,phinerib@buzzfeed.com,Pavia,Hiner,84142 3rd Lane,Norway,Tshirt,Small,1
01HPYDX3PB48942PE7CCYQV3C6,5/7/2023,bwisdenic@dot.gov,Boone,Wisden,7329 Park Meadow Center,Brazil,Gloves,Medium,1
01HPYDX3PDVS5FKSJ56NQVFB7P,8/3/2023,asawyersid@parallels.com,Aubrette,Sawyers,19 Hayes Way,Brazil,Tshirt,X-Large,4
01HPYDX3PFAF2NN7M5MR3FN9QH,7/4/2023,ggaskallie@sfgate.com,Gualterio,Gaskall,22645 Lunder Trail,Nigeria,Hoody,X-Large,3
01HPYDX3PHGT4BQ0G2C887GA3S,3/4/2023,fniemetzif@unc.edu,Freddie,Niemetz,88 Fordem Street,Brazil,Tshirt,X-Large,3
01HPYDX3PKGJJFPB2J2NGP6EAS,3/30/2023,hmanchesterig@themeforest.net,Huntlee,Manchester,257 Eliot Circle,Sweden,Sweater,Large,1
01HPYDX3PNMA9W6THZ3HF3BWYA,1/10/2023,vslattenih@amazon.co.jp,Vallie,Slatten,4563 Maywood Circle,Peru,Scarf,X-Large,2
01HPYDX3PPH993B4DBDD9AD079,7/2/2023,rglossopii@reuters.com,Roxanna,Glossop,9 Northfield Junction,Sweden,Hat,Medium,1
01HPYDX3PR065P8EQ7358H0XRB,4/2/2023,amasserij@networksolutions.com,Annecorinne,Masser,249 Nova Avenue,Brazil,Scarf,Large,4
01HPYDX3PT6HVTX57FGDG48EY4,6/4/2023,cstablesik@acquirethisname.com,Cassandre,Stables,70 Nobel Pass,France,Hoody,Large,3
01HPYDX3PW1A9NY9995VBSSSQN,3/27/2023,rredholeil@theguardian.com,Robin,Redhole,5099 Anniversary Plaza,Sweden,Sweater,Large,2
01HPYDX3PY1CNCJ2FS68PXPFTW,7/17/2023,jizonim@archive.org,Jakob,Izon,12 Bluestem Point,Brazil,Hoody,Medium,1
01HPYDX3Q0ZP5ZCRWSA3P59649,2/3/2023,nmadgwickin@ovh.net,Nicko,Madgwick,063 Mayfield Trail,United States,Hoody,Medium,4
01HPYDX3Q2S2JGF69H4V7YVSV9,4/7/2023,jzealanderio@amazon.de,Janie,Zealander,6912 Eggendart Parkway,Argentina,Hoody,Large,4
01HPYDX3Q3PGWC6FT78K36023R,10/13/2023,swidocksip@list-manage.com,Skelly,Widocks,77389 Mariners Cove Lane,France,Shorts,Medium,2
01HPYDX3Q59N0MHMM4Y6B38SDX,10/4/2023,mbootheriq@mashable.com,Marcelo,Boother,238 Towne Parkway,Uruguay,Tshirt,Small,1
01HPYDX3Q77VVWXWXGQC7G0SF9,6/7/2023,gkillshawir@gmpg.org,Geoffrey,Killshaw,5986 Express Hill,Argentina,Hoody,Medium,4
01HPYDX3Q9KZW890KKY07TR82J,2/23/2023,kkimmerlingis@altervista.org,Kaile,Kimmerling,07 Bobwhite Way,Brazil,Hoody,Large,1
01HPYDX3QBS94TX61MAEEG0DJ6,2/2/2023,hcumingit@cocolog-nifty.com,Hilliary,Cuming,81224 Sauthoff Point,United States,Hoody,Medium,3
01HPYDX3QDENZ2H0RRZXH9DH2K,10/13/2023,skearfordiu@jimdo.com,Solly,Kearford,94787 Rigney Way,Uganda,Hoody,Large,2
01HPYDX3QFD9FV2BCNGMFDWV4P,10/25/2023,aholdeiv@nih.gov,Ailsun,Holde,31671 Sherman Way,Bosnia and Herzegovina,Hat,Medium,1
01HPYDX3QH686FBW65XSE06DKA,8/27/2023,mstenningiw@eepurl.com,Merwin,Stenning,9 Mcguire Point,Argentina,Tshirt,Medium,4
01HPYDX3QKZFFS1KJ2EN1C9ZZT,9/7/2023,tnoiceix@amazon.com,Tani,Noice,5 Stoughton Point,United States,Tshirt,Small,1
01HPYDX3QM0ZGM3QQ87PDF138M,8/13/2023,hwarburtoniy@omniture.com,Harris,Warburton,7 Di Loreto Pass,Sweden,Jacket,Medium,2
01HPYDX3QPF7CCZ3FVE7RRG7NB,8/1/2023,vdanielssoniz@dedecms.com,Val,Danielsson,60897 Thackeray Drive,Sweden,Tshirt,Large,3
01HPYDX3QR3EMW278528CK9F1A,9/14/2023,cgaskinj0@blogtalkradio.com,Cornie,Gaskin,9 Nelson Drive,Spain,Hat,Large,3
01HPYDX3QTVCB6YS2SACEWVM86,4/17/2023,mhanwrightj1@usatoday.com,Malanie,Hanwright,4297 West Terrace,France,Tshirt,XX-Large,2
01HPYDX3QWVZ570AVBF8VRNV9S,3/29/2023,wjenninsj2@ycombinator.com,Wendye,Jennins,976 Kingsford Hill,Sweden,Hat,Small,1
01HPYDX3QYR6GTJD0799JRQXS1,3/19/2023,tkovalskij3@canalblog.com,Tracy,Kovalski,28 Talisman Circle,United States,Hoody,Large,2
01HPYDX3R0B1ZQN5VJ282EAK06,2/20/2023,fhuttonj4@imageshack.us,Felice,Hutton,61415 Corben Terrace,Brazil,Hoody,Medium,3
01HPYDX3R26SW8DM3HS49PX4AB,4/1/2023,cedinboroughj5@hexun.com,Colan,Edinborough,59031 7th Crossing,Sweden,Gloves,Small,3
01HPYDX3R423QPZ5FQW3XWKGH1,3/26/2023,cblasej6@europa.eu,Carlie,Blase,559 Basil Place,Sweden,Scarf,Medium,3
01HPYDX3R6SWJ32AE0TY3MRW7X,1/27/2023,ewedmorej7@discovery.com,Eran,Wedmore,924 Little Fleur Avenue,France,Hoody,Large,3
01HPYDX3R8BRK9Q8JBZVN6G9NR,12/25/2023,rabramoviczj8@youtube.com,Riley,Abramovicz,27643 Sundown Parkway,United States,Scarf,Large,1
01HPYDX3RA608HKTE8SMWJTENM,2/28/2023,fvanettij9@t-online.de,Ferne,Vanetti,7 Reindahl Parkway,Sweden,Sweater,X-Large,2
01HPYDX3RCJ1ZD1RV55E5Q58K2,1/13/2023,rworsnopja@rediff.com,Richmond,Worsnop,6798 Carpenter Hill,Brazil,Hoody,Medium,1
01HPYDX3RFTSSZ058Y5NAQNWMX,3/23/2023,wmcgarvajb@salon.com,Wilfrid,McGarva,11 American Place,United States,Shorts,Medium,3
01HPYDX3RJ66MX2KVMVC8GPFGQ,7/10/2023,classeyjc@yahoo.com,Cassi,Lassey,62092 Marquette Road,France,Scarf,Small,2
01HPYDX3RM96W59KVKWJ90N9VH,6/26/2023,cstapyltonjd@cbslocal.com,Cassi,Stapylton,38400 Nova Place,United States,Hoody,Large,4
01HPYDX3RQDCYB2W03C7A17BJB,11/22/2023,ajelfje@sitemeter.com,Arney,Jelf,67406 Eastlawn Avenue,United States,Hoody,Medium,3
01HPYDX3RR7KHQ5DT1W5XM0PJG,9/7/2023,cfeachamjf@eepurl.com,Chev,Feacham,1 Blue Bill Park Avenue,France,Scarf,Large,2
01HPYDX3RTGV6YQE4CMCXSGWQX,7/23/2023,fmuehlejg@marketwatch.com,Felike,Muehle,77 Hazelcrest Junction,United States,Hat,Small,2
01HPYDX3RV9RA9MXHJPDCTJQ8B,3/5/2023,chousdenjh@wikimedia.org,Constancy,Housden,688 Michigan Terrace,Sweden,Hoody,Large,2
01HPYDX3RXZN00M2GNZVQZCC0N,11/11/2023,ccamfieldji@wix.com,Chucho,Camfield,3 Scofield Place,Peru,Shorts,Medium,3
01HPYDX3RZTFGNTF687S91356A,3/20/2023,jbarlingjj@apache.org,Jarrid,Barling,3 Starling Point,Brazil,Sweater,Medium,1
01HPYDX3S1MK2BMZ3M4PA1AQTD,7/6/2023,tlanbertonijk@baidu.com,Theodore,Lanbertoni,1 Twin Pines Way,France,Tshirt,Medium,1
01HPYDX3S3EJ522E2XEFWT5HV9,9/16/2023,bclinkardjl@ameblo.jp,Byrle,Clinkard,352 Lakewood Gardens Place,United States,Hoody,Large,3
01HPYDX3S5J9SF2Z0YFC7G2V29,6/3/2023,odunstanjm@yolasite.com,Olympia,Dunstan,16 Brickson Park Place,Canada,Hat,Medium,1
01HPYDX3S7GKHR2DH1Q0E7XVRC,11/29/2023,lmccaffreyjn@ifeng.com,Lorelle,McCaffrey,3 Morning Trail,Germany,Tshirt,Medium,3
01HPYDX3S9TXHNSDJSDJ5CGYGW,7/18/2023,cnormanvilljo@lulu.com,Carlina,Normanvill,44 Gale Hill,Canada,Hoody,Small,1
01HPYDX3SCG846JSZSB9AB01V2,2/24/2023,ecoleshilljp@fda.gov,Enrichetta,Coleshill,94 Schiller Park,Brazil,Sweater,X-Large,4
01HPYDX3SFN4ETAJZ8KY923G60,6/12/2023,obusherjq@mashable.com,Olympia,Busher,74 Warrior Park,Sweden,Gloves,Small,3
01HPYDX3SJHYAXWS63A69M7EBM,4/14/2023,cdunphyjr@businesswire.com,Corbett,Dunphy,38791 Bonner Terrace,France,Gloves,Small,3
01HPYDX3SMWATSG9F88V88FGGR,6/23/2023,krivettjs@so-net.ne.jp,Kirsti,Rivett,0 Shelley Street,Australia,Tshirt,Medium,1
01HPYDX3SQQA7KRSAVWRR5PJ2K,12/18/2023,cmarcqjt@usatoday.com,Cissy,Marcq,2044 Daystar Avenue,Sweden,Jacket,X-Large,1
01HPYDX3ST14CX0JCCPH38FSN3,6/7/2023,hskingleju@bing.com,Hercules,Skingle,76998 Harper Way,Peru,Tshirt,Small,3
01HPYDX3SXV6A3S8SNZHWG6A7N,1/10/2023,sgombyjv@godaddy.com,Shannan,Gomby,778 Welch Plaza,Brazil,Sweater,XX-Large,2
01HPYDX3SZ5GCKS0AGPX65BGXA,10/13/2023,gtwoohyjw@com.com,Giorgio,Twoohy,502 Daystar Avenue,Peru,Tshirt,XX-Large,3
01HPYDX3T0J62DY4J607Z2QJSD,9/25/2023,wredwalljx@newyorker.com,Whitney,Redwall,1341 Killdeer Avenue,France,Shorts,Small,3
01HPYDX3T129FKKJJE2MGC8BQF,11/6/2023,rdabsjy@howstuffworks.com,Rog,Dabs,2444 Farmco Lane,Sweden,Tshirt,XX-Large,2
01HPYDX3T2YCJEFEGG3MRBW34W,1/27/2023,taugerjz@mit.edu,Toni,Auger,30 Randy Lane,France,Hoody,Medium,3
01HPYDX3T4B4BTPRP3EFEQEEH4,4/24/2023,cjoriozk0@washington.edu,Cori,Jorioz,26856 Farmco Crossing,Sweden,Tshirt,Medium,4
01HPYDX3T59MS2RNTM5J94P89F,4/19/2023,nfaussettk1@ca.gov,Nessa,Faussett,42438 Cottonwood Hill,Peru,Tshirt,XX-Large,2
01HPYDX3T6WH48263VGW858PSQ,8/29/2023,vglassardk2@newsvine.com,Vivian,Glassard,530 Jackson Terrace,Sweden,Tshirt,Small,2
01HPYDX3T74B04WWBZQWH305A0,1/30/2023,vblackhamk3@aol.com,Vanny,Blackham,5 Texas Road,Brazil,Tshirt,Small,4
01HPYDX3T963NVPXBKAN51YZME,3/28/2023,dskrinesk4@pcworld.com,Daisie,Skrines,408 Becker Court,Chile,Hat,Small,2
01HPYDX3TAPNHV2PSNS6JX5R5N,7/9/2023,mpaulok5@army.mil,Mikael,Paulo,9397 Kropf Parkway,Sweden,Tshirt,Large,2
01HPYDX3TB1NWNADMRP02QK65R,8/21/2023,vlankesterk6@apple.com,Viviyan,Lankester,8 Dapin Street,Brazil,Jacket,Large,4
01HPYDX3TC275YJSB7HEW443W6,7/14/2023,cmcgillecolek7@washington.edu,Calley,McGillecole,33 Artisan Road,Canada,Hoody,Small,1
01HPYDX3TDMAB79A1YCAQ0JYRF,9/25/2023,handreasenk8@washington.edu,Hollie,Andreasen,7889 Artisan Alley,France,Hoody,Large,2
01HPYDX3TFRM4FMXFS3T5K9ZW6,11/15/2023,ccounihank9@jigsy.com,Caterina,Counihan,86 Merrick Point,Argentina,Tshirt,Large,2
01HPYDX3TGMCMNAS6CQ47MVS02,4/22/2023,hbrunka@shinystat.com,Hortense,Brun,47 Hagan Crossing,Brazil,Scarf,Medium,2
01HPYDX3THPE5VN7813TB25RP1,4/27/2023,lellamskb@psu.edu,Lynnell,Ellams,8 Fairfield Crossing,United States,Scarf,XX-Large,1
01HPYDX3TJ6NNZEQ087Q59A5JK,8/31/2023,sghestkc@reference.com,Sharla,Ghest,7419 Cambridge Pass,Sweden,Tshirt,XX-Large,2
01HPYDX3TMXCAR5BJWKN0E3C5S,1/4/2023,akenderdinekd@goo.gl,Adrienne,Kenderdine,4 New Castle Road,Ireland,Scarf,Large,4
01HPYDX3TNDGKV56E8E81VENJ0,1/19/2023,nportinarike@jigsy.com,Norby,Portinari,9574 Scoville Lane,Argentina,Tshirt,X-Large,4
01HPYDX3TPEV3YNVYT7M7ED3AJ,7/27/2023,lboasekf@va.gov,Lindsy,Boase,123 Bartelt Point,Ireland,Hoody,Medium,2
01HPYDX3TRMQDKGCBJSE9546WB,10/30/2023,fwycliffkg@de.vu,Farica,Wycliff,510 Towne Lane,Brazil,Tshirt,Large,1
01HPYDX3TS45K8WT8JMQGB36CN,11/9/2023,mpaquetkh@joomla.org,Marnie,Paquet,7 Dunning Circle,Brazil,Tshirt,Small,4
01HPYDX3TT8WE39TXTEA5Y3FVW,9/22/2023,mhaleyki@hubpages.com,Malynda,Haley,7 Judy Place,France,Tshirt,XX-Large,2
01HPYDX3TWT261QD7CRMQXDQAS,9/26/2023,hmcclellandkj@mit.edu,Hamid,McClelland,2600 Dorton Drive,Sweden,Hoody,X-Large,2
01HPYDX3TX12XB6J7E15RJ7F0Z,3/19/2023,ecalladinekk@dmoz.org,Ethelred,Calladine,15629 Little Fleur Street,Spain,Sweater,Medium,2
01HPYDX3TYX81JANS9HQYVGX3Z,7/3/2023,jgallanderskl@arizona.edu,Juditha,Gallanders,1557 Menomonie Street,Brazil,Tshirt,Large,2
01HPYDX3TZYTGQ350JXDRXRT7Y,7/15/2023,awhittuckkm@wunderground.com,Abdul,Whittuck,0 Express Crossing,Argentina,Gloves,Small,3
01HPYDX3V10AYHSSR2XGBCRVS3,3/26/2023,mimlawkn@oracle.com,Mellisa,Imlaw,4 Crest Line Terrace,Argentina,Hoody,XX-Large,3
01HPYDX3V2RTNRPD89V8FPT6E2,4/29/2023,bburminghamko@nydailynews.com,Benn,Burmingham,47 Waubesa Way,Sweden,Hoody,Medium,4
01HPYDX3V31AQ7YWAES4MJXPCB,9/17/2023,tbockmankp@utexas.edu,Tulley,Bockman,2 Sundown Center,Peru,Tshirt,Medium,3
01HPYDX3V5BS5H71PJ2894JSD0,5/20/2023,tmiddlemistkq@google.cn,Tam,Middlemist,396 John Wall Drive,Ireland,Hoody,Medium,2
01HPYDX3V66R422AZ25RPARAJT,5/24/2023,ndrinnankr@google.it,Nannie,Drinnan,7775 Browning Plaza,Chile,Hoody,X-Large,3
01HPYDX3V7C8RS67AKPEGW33H5,11/2/2023,gboyfordks@gnu.org,Gisela,Boyford,28 Annamark Street,Sweden,Hoody,XX-Large,1
01HPYDX3V868ERRVN4CZBBJGB3,8/3/2023,dballsdonkt@spotify.com,Dianemarie,Ballsdon,86 Tennessee Place,Brazil,Tshirt,Medium,3
01HPYDX3VAF9P64NJ43X5FVAB8,10/27/2023,imcdaidku@sbwire.com,Ingeborg,McDaid,80 Mesta Road,Sweden,Sweater,Small,3
01HPYDX3VB1V3Y11AWFNJJ0VM5,5/17/2023,klivelykv@macromedia.com,Krista,Lively,79746 Del Sol Plaza,France,Scarf,Large,4
01HPYDX3VCXBW5F1XFM5V3SYK6,11/24/2023,rkunischkw@yahoo.com,Romonda,Kunisch,1341 Upham Terrace,Canada,Gloves,Large,1
01HPYDX3VE27NM5TT38BH78DCB,11/22/2023,csienekx@bigcartel.com,Cathi,Siene,70069 Bobwhite Point,Ireland,Scarf,Medium,3
01HPYDX3VF483M1C00Q25DFC7F,11/19/2023,pburnageky@geocities.jp,Port,Burnage,1121 Morrow Terrace,France,Shorts,Medium,4
01HPYDX3VGA93J4E5JNZNP99NQ,8/4/2023,obirchallkz@github.com,Orsola,Birchall,31475 Moland Terrace,Peru,Gloves,XX-Large,2
01HPYDX3VJRN4YB0NSY8PGPE1B,1/27/2023,gsylvainel0@foxnews.com,Gerti,Sylvaine,43 Twin Pines Road,Nigeria,Sweater,Small,3
01HPYDX3VKH7DCX3JWDXJE2RA2,6/11/2023,mdupoyl1@last.fm,Mauricio,Dupoy,8695 Lindbergh Place,United States,Shorts,Large,3
01HPYDX3VMKNQ36ZDFR243FM37,1/9/2023,kcrothersl2@cbc.ca,Kerrill,Crothers,87645 Fulton Center,Spain,Sweater,X-Large,1
01HPYDX3VN6P54VES2JA06ZJYM,6/17/2023,dlanneyl3@bravesites.com,Dana,Lanney,3153 Bluestem Lane,United States,Scarf,Medium,4
01HPYDX3VQN8861S1KR017T6WC,10/26/2023,bcatenotl4@google.es,Bentley,Catenot,47323 Daystar Plaza,Peru,Scarf,Large,2
01HPYDX3VR80G49B6F384HA3DX,10/30/2023,bpellmanl5@spiegel.de,Benedicto,Pellman,94274 Annamark Circle,Sweden,Scarf,Medium,2
01HPYDX3VS13X419X5SJ14SY4W,1/4/2023,gdaoutl6@webmd.com,Gav,Daout,679 Harbort Junction,United States,Scarf,Large,2
01HPYDX3VV1R2ZW1RDRJWMH564,4/7/2023,tbabonaul7@army.mil,Theodosia,Babonau,6150 Rieder Park,Peru,Gloves,Medium,1
01HPYDX3VW9RHC00F2XXMD1NK9,2/17/2023,mbothbiel8@ca.gov,Michal,Bothbie,5 Eagan Point,France,Tshirt,Small,4
01HPYDX3VXMVYWYEWD330A7A3P,7/4/2023,dwaisonl9@twitter.com,Dionis,Waison,8110 Mayer Parkway,Peru,Sweater,X-Large,4
01HPYDX3VYAEBP1PBYK0APK1GY,5/24/2023,ccosgryla@delicious.com,Chaunce,Cosgry,597 Lukken Road,Brazil,Gloves,Large,4
01HPYDX3VZJ49BAMSXH0MMRGFK,8/10/2023,cflippenlb@indiegogo.com,Catherina,Flippen,99 Elmside Court,Brazil,Scarf,Large,2
01HPYDX3W1EEGR36FMGN34HKHC,12/9/2023,dmontfortlc@time.com,Devlin,Montfort,3 Caliangt Lane,Spain,Scarf,Large,2
01HPYDX3W2FFYVMMFYJ5JD460N,8/14/2023,cjeynesld@yolasite.com,Casar,Jeynes,05883 Kenwood Road,Peru,Hoody,Medium,2
01HPYDX3W39J5DS37QP1SW6M7B,4/29/2023,nostridgele@ftc.gov,Nonah,Ostridge,9023 Londonderry Pass,Argentina,Jacket,Large,1
01HPYDX3W4GF2XBRNBT7KH7D86,6/12/2023,gfranceylf@timesonline.co.uk,Grace,Francey,3 Susan Road,Brazil,Sweater,X-Large,2
01HPYDX3W6F61YH8XPNMJ53KQZ,3/22/2023,benochlg@google.co.uk,Bellanca,Enoch,4 Del Sol Crossing,Brazil,Scarf,Small,4
01HPYDX3W7MXJKWWCQRDZ2JBA0,3/20/2023,adobbynlh@1und1.de,Addie,Dobbyn,9123 La Follette Trail,Canada,Scarf,Medium,4
01HPYDX3W9EQ9TED0KA0NWSETT,3/28/2023,mquimbyli@themeforest.net,Milissent,Quimby,87805 Hansons Alley,Peru,Hoody,Small,3
01HPYDX3WABZZV97DZD43R66TV,11/24/2023,hkidsleylj@wsj.com,Hobard,Kidsley,5 Novick Alley,Peru,Hat,Small,3
01HPYDX3WB1R6K7SHPYS2S3WBT,5/10/2023,dgynnlk@google.com,Daisie,Gynn,0837 North Drive,Argentina,Shorts,X-Large,4
01HPYDX3WDHEEJPBTVFN3G41B6,4/8/2023,taubreyll@cloudflare.com,Tobe,Aubrey,6919 Esker Point,Brazil,Hat,X-Large,3
01HPYDX3WF2XP06ZGFFEZT1J89,9/15/2023,kwestnagelm@harvard.edu,Kipp,Westnage,4484 Brown Circle,France,Hoody,Small,1
01HPYDX3WGE84VPVFQYPFPZ8DB,5/29/2023,chuishln@dmoz.org,Charis,Huish,9 Barby Hill,Brazil,Hat,Medium,4
01HPYDX3WHXCPPJT1MHX8VNVEE,7/18/2023,facklandlo@networksolutions.com,Farlie,Ackland,35223 Lyons Junction,France,Sweater,Small,4
01HPYDX3WJGKF8XWNEF5GCKQY8,6/29/2023,efeareslp@trellian.com,Eleonore,Feares,7 Monica Junction,United States,Tshirt,Medium,2
01HPYDX3WKMWXRXJW75HBT93PQ,11/6/2023,hmcgormanlq@state.tx.us,Hildegarde,McGorman,664 Kim Circle,Peru,Shorts,Large,1
01HPYDX3WM66FFMKRAZJ6D6KRC,3/24/2023,cweaverlr@feedburner.com,Camey,Weaver,675 Barby Trail,United States,Hat,Large,2
01HPYDX3WPSB07AGCW08536TVC,3/15/2023,cmochanls@msu.edu,Catherin,Mochan,70 Golf Pass,Australia,Sweater,X-Large,4
01HPYDX3WQDM47CM1WF3H1Z15K,9/11/2023,tcoltanlt@linkedin.com,Tillie,Coltan,338 Prentice Crossing,Nigeria,Jacket,Large,4
01HPYDX3WRFM506JP6PG881G5K,7/24/2023,gmapstonlu@freewebs.com,Gill,Mapston,79 Butternut Point,France,Hoody,X-Large,4
01HPYDX3WSFVPNE3YTJJTDY152,2/21/2023,nohanessianlv@deviantart.com,Nikki,Ohanessian,550 Harbort Drive,Sweden,Hoody,Large,2
01HPYDX3WV38V8PW9DWBWH4CN1,11/15/2023,rmarrowlw@patch.com,Rae,Marrow,405 Hoard Drive,United Kingdom,Hoody,X-Large,2
01HPYDX3WW556ZW69HT4RX3RVC,2/14/2023,hbrokelx@reddit.com,Hetti,Broke,51 Oak Valley Junction,Canada,Tshirt,X-Large,3
01HPYDX3WY38AMW632CATA62FJ,5/28/2023,spetriely@alexa.com,Stacy,Petrie,026 Valley Edge Street,Nigeria,Tshirt,Small,4
01HPYDX3X05DMWS0YABXAQ75C3,8/17/2023,abuttenlz@webmd.com,Addie,Butten,7 Mallory Way,United States,Scarf,Medium,2
01HPYDX3X2G93S0J86P5HQRX0A,7/1/2023,slansdownem0@tamu.edu,Salvidor,Lansdowne,1 Park Meadow Plaza,Brazil,Tshirt,X-Large,2
01HPYDX3X500PPF4324C0W2WG3,7/9/2023,dgerritzenm1@yelp.com,Dorry,Gerritzen,3 Loftsgordon Junction,Canada,Hoody,Medium,3
01HPYDX3X6ZCMH2RD7TRK1EW98,1/4/2023,ahaetm2@ed.gov,Alison,Haet,9 Fairfield Circle,Canada,Scarf,Medium,1
01HPYDX3X9MYBNC0JD516TPQVE,3/1/2023,bbradmanm3@webnode.com,Brianna,Bradman,645 Judy Junction,Brazil,Sweater,Large,4
01HPYDX3XCH21ZSHB1FG056SEV,8/19/2023,kgorewaym4@nasa.gov,Kamilah,Goreway,9 Quincy Park,Brazil,Scarf,X-Large,3
01HPYDX3XFDZTNAXCJKGFXF8PD,3/27/2023,aleakem5@cam.ac.uk,Ana,Leake,853 Hovde Trail,Brazil,Shorts,Large,4
01HPYDX3XHN87Y6QTQBZZ6S659,10/20/2023,lcootsm6@typepad.com,Leigh,Coots,79268 Oxford Point,Canada,Hoody,Large,1
01HPYDX3XM6R5VDKSJ6J6X3MAM,3/6/2023,cstrippelm7@msu.edu,Celle,Strippel,9 Packers Court,Brazil,Hoody,Medium,1
01HPYDX3XQPBRBBEF4RTCF80BG,3/2/2023,abernardottim8@opensource.org,Amanda,Bernardotti,6820 Butterfield Parkway,France,Hoody,Medium,1
01HPYDX3XT9R2NNPF996XXM8JH,7/11/2023,gbarberam9@wix.com,Gavrielle,Barbera,04095 Hintze Plaza,Ireland,Sweater,Medium,1
01HPYDX3XXAW3WECATSJA8E67H,5/16/2023,dadlamma@weather.com,Doug,Adlam,660 Artisan Junction,Peru,Sweater,Medium,1
01HPYDX3XZ2ECCQTF4TEBE842H,2/24/2023,abaldackmb@ning.com,Aurea,Baldack,19 Burrows Terrace,Germany,Hoody,Medium,1
01HPYDX3Y2XM7MX8BVBDTEX8Q2,10/3/2023,kluxonmc@google.com.br,Katya,Luxon,5972 La Follette Court,Ireland,Gloves,Medium,3
01HPYDX3Y4Z107WWPVRHFRT7ST,8/4/2023,carpurmd@yahoo.co.jp,Cassey,Arpur,4329 Ramsey Pass,Nigeria,Tshirt,X-Large,1
01HPYDX3YH14QMD10G4TMWAMX9,3/28/2023,jegdalme@ihg.com,Janette,Egdal,40 Raven Pass,France,Hoody,Large,4
01HPYDX3YKRJKC910BFPEZ9K44,8/15/2023,bboutflourmf@bizjournals.com,Bonnie,Boutflour,3009 Autumn Leaf Court,Argentina,Tshirt,Small,1
01HPYDX3YPDMYZ65R1909WD4YJ,9/25/2023,syaninmg@tripod.com,Staford,Yanin,6 5th Terrace,Brazil,Tshirt,Large,1
01HPYDX3YRCZ4BYGHFZ7621PPN,6/20/2023,okevanemh@hao123.com,Olympia,Kevane,58 Carpenter Trail,Italy,Hat,Large,2
01HPYDX3YSMC5WN63671GSGZ4A,3/27/2023,vharrymi@rambler.ru,Vasilis,Harry,5648 Dexter Pass,France,Shorts,Medium,4
01HPYDX3YVPA7ED940KZZ68CSJ,1/5/2023,agrovermj@smugmug.com,Ansell,Grover,4 Vera Alley,Ireland,Tshirt,Medium,2
01HPYDX3YWXFG5NXNF5FMHYS0T,5/12/2023,cgilhooliemk@prlog.org,Claribel,Gilhoolie,119 Manitowish Center,Canada,Tshirt,Large,1
01HPYDX3YYFPRXGGMEVTX73RP2,4/11/2023,dranklinml@flavors.me,Dorena,Ranklin,43 Continental Terrace,Sweden,Tshirt,Medium,4
01HPYDX3YZ6938MGC0541NS9HH,10/11/2023,timpettmm@google.co.uk,Townie,Impett,624 Moulton Drive,Norway,Gloves,XX-Large,4
01HPYDX3Z1WT7K69P897PCH9B4,1/22/2023,mpowleymn@blogspot.com,Mischa,Powley,7 Superior Trail,United States,Tshirt,XX-Large,2
01HPYDX3Z2PHJ5JKV2QADRWFYM,3/9/2023,eyukhnevmo@reuters.com,Elysee,Yukhnev,3 Kings Street,France,Tshirt,Small,3
01HPYDX3Z319VZPA9ES4QGBR75,10/16/2023,pgillimp@freewebs.com,Patrice,Gilli,27169 Sheridan Circle,Sweden,Hoody,Small,4
01HPYDX3Z5ARJAJCKS3BXAPNXC,4/10/2023,bkynetonmq@flavors.me,Brnaby,Kyneton,1510 3rd Street,Sweden,Tshirt,Medium,2
01HPYDX3Z6ZGH6T8RFRQVKYKBS,2/11/2023,acrannamr@flickr.com,Angelina,Cranna,712 Gateway Street,Nigeria,Jacket,XX-Large,3
01HPYDX3Z7M365065M865SD28A,3/26/2023,sspreadms@simplemachines.org,Sutherlan,Spread,7423 Hoffman Street,Peru,Tshirt,Small,2
01HPYDX3Z88ZW4GRZQGYHG4A1A,5/9/2023,hbevensmt@ft.com,Helenka,Bevens,4 Erie Crossing,Sweden,Hoody,X-Large,1
01HPYDX3Z9Y2KW4Q4R2ETZKKTV,2/28/2023,trobensmu@g.co,Trueman,Robens,14084 Crest Line Pass,Brazil,Scarf,Medium,1
01HPYDX3ZBBNMTF8421JAY8X2F,6/22/2023,chatherleymv@indiatimes.com,Codie,Hatherley,42274 Golf Course Drive,United States,Sweater,XX-Large,1
01HPYDX3ZCGCR0NEKPSB1VEJFC,8/27/2023,fdenermw@zimbio.com,Filia,Dener,9048 Magdeline Pass,Argentina,Scarf,XX-Large,3
01HPYDX3ZD8MQE3B7Q26X30H9V,9/22/2023,tbearcockmx@latimes.com,Tiffi,Bearcock,50 Delladonna Lane,Argentina,Hoody,Medium,1
01HPYDX3ZP5F40VNXBVXSMVXAK,6/10/2023,gmcairtmy@examiner.com,Grady,McAirt,7 Ronald Regan Trail,Brazil,Tshirt,XX-Large,1
01HPYDX3ZR2GH1JM1BY8DWF79D,4/13/2023,iturgoosemz@skype.com,Ingar,Turgoose,66730 Farmco Crossing,Argentina,Scarf,X-Large,2
01HPYDX3ZSAYAPBDAVC2FMFJC0,10/6/2023,sbilovusn0@artisteer.com,Shaina,Bilovus,7 Mallard Park,Spain,Hoody,XX-Large,4
01HPYDX3ZTRM0M257ZS54C7VWZ,3/29/2023,wvaudren1@mozilla.org,Wilek,Vaudre,74757 Maryland Road,France,Tshirt,Medium,4
01HPYDX3ZVVRSHZYERS84B24BD,10/2/2023,rnewlandn2@pagesperso-orange.fr,Rasia,Newland,805 Golf Course Point,Bosnia and Herzegovina,Scarf,Large,2
01HPYDX3ZXJT58RQA091M1N0NA,5/2/2023,hchimientin3@foxnews.com,Hurley,Chimienti,20429 Shopko Street,Brazil,Hoody,XX-Large,1
01HPYDX3ZYM0B8MG32YCAA3JFJ,4/19/2023,mkropachn4@deliciousdays.com,Marlie,Kropach,9130 Hovde Pass,France,Hoody,Medium,3
01HPYDX3ZZ9DW4ZWFKK6MKBNXN,4/8/2023,pculligann5@irs.gov,Paolo,Culligan,50 Daystar Park,Brazil,Tshirt,Large,4
01HPYDX4000BXSH89NC0YHWKEP,5/26/2023,mdymockn6@hao123.com,My,Dymock,43 Carpenter Road,Sweden,Gloves,Small,1
01HPYDX402M4KRHA2YSXCXHW7G,12/30/2023,cgratrexn7@liveinternet.ru,Cindee,Gratrex,16479 High Crossing Drive,United States,Tshirt,Small,3
01HPYDX403S2CSMEGHGEZ535NG,11/26/2023,hheggmann8@comsenz.com,Hardy,Heggman,26 Gateway Avenue,France,Shorts,XX-Large,4
01HPYDX406JM7E055J3H56MM1B,1/8/2023,bdumphriesn9@go.com,Britta,Dumphries,681 Melvin Parkway,Peru,Sweater,Medium,2
01HPYDX409DM1MFY78FH0PTAP4,7/25/2023,kskeyna@indiegogo.com,Konstantine,Skey,5140 Jenna Point,Germany,Sweater,Medium,4
01HPYDX40CS8QZ3HR9C4SDM5FM,8/5/2023,tberryannnb@cpanel.net,Tabina,Berryann,5951 Dawn Terrace,United States,Hoody,Small,1
01HPYDX40FECKQHJFZCT7E87RE,2/6/2023,sfaltinnc@gmpg.org,Sunny,Faltin,201 Schmedeman Way,Canada,Sweater,Medium,1
01HPYDX40H8NYX4SH6B22K5A5Z,1/4/2023,jswinfonnd@goodreads.com,Jacky,Swinfon,06885 Russell Street,United States,Hoody,Medium,1
01HPYDX40MDK1RNMT7PCPSVQSQ,7/19/2023,amerguene@house.gov,Arly,Mergue,94080 Mendota Junction,Peru,Tshirt,Small,4
01HPYDX40QK15RRWR5SNCP1F1K,3/20/2023,jpryornf@livejournal.com,Jeni,Pryor,73333 Clove Place,Brazil,Tshirt,XX-Large,4
01HPYDX40SD16TWRQ7HR697M9S,4/26/2023,eswensonng@walmart.com,Engelbert,Swenson,2607 Granby Court,Brazil,Jacket,Medium,4
01HPYDX40VX8CJHW6RVVJYQPX8,7/19/2023,aheditchnh@un.org,Anitra,Heditch,8563 Cambridge Junction,Ireland,Hoody,XX-Large,2
01HPYDX40XS15EN19XZ9Y0NEP6,1/4/2023,jcarryerni@dell.com,Jamil,Carryer,212 Spaight Lane,France,Tshirt,Small,1
01HPYDX40ZPYVWR9NWGSM4J90V,2/23/2023,gizatsonnj@google.nl,Gianna,Izatson,11 Cordelia Trail,United States,Tshirt,XX-Large,2
01HPYDX4100M7AE92TZNFPAK1M,7/21/2023,cmaylernk@google.es,Cindie,Mayler,04 Green Ridge Lane,Sweden,Tshirt,XX-Large,2
01HPYDX412EYKPHS1CHH9EWRDJ,11/8/2023,cisworthnl@fc2.com,Clemmie,Isworth,87 Alpine Junction,Sweden,Gloves,XX-Large,1
01HPYDX413XKFZHF4ABDZMH81V,3/28/2023,mkassidynm@dell.com,Melisse,Kassidy,16015 Ridge Oak Terrace,France,Tshirt,XX-Large,4
01HPYDX415FCH13JAGJ6615BR9,8/30/2023,cgristnn@tuttocitta.it,Chaim,Grist,057 Charing Cross Plaza,Peru,Shorts,Medium,4
01HPYDX418PV2SHTJ5HGP0T0HP,4/25/2023,qlindholmno@stanford.edu,Quincy,Lindholm,28162 Eastlawn Point,France,Sweater,Medium,3
01HPYDX41BKFQFWYGA9HMZPTEF,11/5/2023,halanbrookenp@nsw.gov.au,Humbert,Alanbrooke,2 Jenifer Terrace,Brazil,Hat,Medium,1
01HPYDX41D3RSH9PQT9DH6WEK8,5/15/2023,saldrednq@examiner.com,Sheila,Aldred,898 Ludington Terrace,United States,Hat,Medium,3
01HPYDX41GYDZE038B2G7DGYVM,6/4/2023,lrigdennr@issuu.com,Lennard,Rigden,2740 Meadow Vale Drive,Italy,Jacket,Medium,3
01HPYDX41KRGZ3CCMY8225ETH3,4/4/2023,klomondns@last.fm,Kalil,Lomond,6874 Columbus Court,Sweden,Gloves,Medium,3
01HPYDX41NVEC6YG78DM2WBJQ3,4/24/2023,lhaddacksnt@list-manage.com,Lorin,Haddacks,81349 Northfield Court,France,Tshirt,Large,4
01HPYDX41QAWPBTM0RF8EXZJXQ,2/18/2023,aginonu@livejournal.com,Amelina,Gino,799 Fairview Plaza,United States,Tshirt,XX-Large,1
01HPYDX41T8SQ5YNJSNSQ3P693,5/15/2023,ilewcocknv@issuu.com,Ignazio,Lewcock,5 Emmet Road,United States,Tshirt,Small,2
01HPYDX41X9QZT7K4K10NGGE80,11/19/2023,cwickeynw@earthlink.net,Camel,Wickey,1535 Village Green Lane,Argentina,Scarf,Medium,1
01HPYDX420VTTC59HZQEBVM4A0,9/20/2023,ggegaynx@biblegateway.com,Grace,Gegay,65 Anzinger Hill,Brazil,Sweater,XX-Large,4
01HPYDX42159T7NAGYTTA2B6KG,3/19/2023,gnorthageny@loc.gov,Godfree,Northage,1 Mitchell Hill,France,Shorts,Medium,1
01HPYDX422QM6VNM5PXTHXHYBV,12/18/2023,ncelliernz@mozilla.org,Nickolaus,Cellier,635 Myrtle Pass,Brazil,Sweater,Medium,1
01HPYDX423Q8WEC9M146R4X80D,5/19/2023,rkelemeno0@youtube.com,Roderigo,Kelemen,5936 Emmet Street,Brazil,Hoody,Medium,2
01HPYDX4257WZ7PX65TCG09WBY,9/23/2023,fhurdisso1@businesswire.com,Farand,Hurdiss,65596 Michigan Way,Brazil,Scarf,Medium,2
01HPYDX426SQPXQZ93NYAN841A,1/3/2023,sadano2@auda.org.au,Sullivan,Adan,49313 Northridge Terrace,United States,Gloves,Medium,3
01HPYDX427XXER4RAPJYK4KF37,10/20/2023,fleightono3@twitpic.com,Feodora,Leighton,509 Brentwood Place,Sweden,Hoody,Small,1
01HPYDX428BHYHVZASWB3H4K89,9/28/2023,mdunno4@qq.com,Moritz,Dunn,67245 Becker Street,Argentina,Scarf,Large,4
01HPYDX4298S8ACCSX4PPX4TNE,1/7/2023,rsofeo5@yellowpages.com,Rosanna,Sofe,20 Village Green Trail,Argentina,Scarf,Medium,4
01HPYDX42A899BP46F8BA7ZVZD,10/25/2023,lalstono6@dailymotion.com,Lynnea,Alston,003 Northland Way,Brazil,Hoody,Large,3
01HPYDX42BNAAPB64MV4YYQ0Z1,6/19/2023,cspruceo7@wikipedia.org,Catherina,Spruce,342 Transport Crossing,United States,Tshirt,X-Large,4
01HPYDX42DRTFED0GF4GV4R3CE,5/19/2023,ispendero8@gnu.org,Iver,Spender,10 Basil Court,United States,Tshirt,XX-Large,4
01HPYDX42EJEAN5X91NHG9C2GS,6/10/2023,ssheffieldo9@tiny.cc,Sandra,Sheffield,8219 Parkside Trail,Brazil,Jacket,Medium,3
01HPYDX42FJ0AZ05A0R9P8CPXX,2/4/2023,dhixsonoa@jalbum.net,Dagmar,Hixson,9 Jay Avenue,Nigeria,Sweater,Small,2
01HPYDX42G077SS1AB53SWW6NK,2/12/2023,jspaldinob@gizmodo.com,Jessee,Spaldin,4 Loomis Drive,France,Sweater,XX-Large,1
01HPYDX42H8GSY0E1FSNJGR543,4/9/2023,ypirolinioc@squarespace.com,Yard,Pirolini,5 Thackeray Drive,Brazil,Tshirt,XX-Large,1
01HPYDX42JP47899287BXGEF2R,6/7/2023,vgillicuddyod@blinklist.com,Vanda,Gillicuddy,00123 Cottonwood Center,United Kingdom,Shorts,Medium,4
01HPYDX42KZAKWKQNY97BQCJ4F,5/18/2023,jlovelaceoe@ihg.com,Jo-ann,Lovelace,939 Dovetail Court,France,Shorts,Small,4
01HPYDX42NFFAEJ9K2TP94FWER,10/12/2023,xshermarof@freewebs.com,Ximenez,Shermar,09 Atwood Court,Sweden,Jacket,Medium,3
01HPYDX42PXQ89V2D239DM0C8N,6/15/2023,jsouthgateog@marriott.com,Janeen,Southgate,43 Stang Point,France,Hoody,XX-Large,2
01HPYDX42QNEE324E90CV172M1,1/17/2023,dtamblingoh@ebay.com,Dickie,Tambling,101 Gina Alley,Sweden,Gloves,Large,4
01HPYDX42R58MP0CRBFN0J41N3,12/7/2023,mmcavincheyoi@princeton.edu,Merlina,McAvinchey,639 Dakota Place,Argentina,Hoody,Medium,2
01HPYDX42S603PFS8S5NF8K27N,11/23/2023,dcarragheroj@adobe.com,Dixie,Carragher,25532 Fieldstone Circle,Sweden,Tshirt,XX-Large,1
01HPYDX42TPTD5SYGR99EX73XW,12/13/2023,gjohnsonok@geocities.jp,Giovanni,Johnson,98515 Oxford Park,Nigeria,Gloves,Medium,3
01HPYDX42V8QMC4NCYNPT6MVBF,8/21/2023,ewallsol@netscape.com,Emmaline,Walls,15 Hallows Avenue,Ireland,Tshirt,Large,3
01HPYDX42XKM529K51G0TNH4NK,6/22/2023,wzukermanom@geocities.com,Waring,Zukerman,7 Golden Leaf Terrace,Argentina,Hoody,Medium,2
01HPYDX42YTVNSWYQQWBW022Y1,9/20/2023,munderhillon@fotki.com,Morgan,Underhill,04248 Sutherland Avenue,Peru,Tshirt,Medium,2
01HPYDX42ZS993YJMPZW5P1SS6,11/16/2023,sstirleyoo@telegraph.co.uk,Saxon,Stirley,16839 Browning Avenue,United States,Tshirt,Medium,1
01HPYDX430Z28QE5D9FRK9S3BA,10/5/2023,acandwellop@wordpress.org,Alvina,Candwell,465 Thackeray Hill,Brazil,Tshirt,Small,3
01HPYDX431PCFJM2Q640XM7CA3,10/13/2023,rhellmeroq@wunderground.com,Rudy,Hellmer,0 Park Meadow Crossing,Germany,Sweater,X-Large,1
01HPYDX432414BE7YRXWBMFQB6,3/3/2023,fkabischor@discuz.net,Floris,Kabisch,6011 Surrey Parkway,Argentina,Shorts,Medium,2
01HPYDX433KRG594BGGN1013PN,6/13/2023,jclellos@cafepress.com,Julita,Clell,842 Hudson Circle,Brazil,Jacket,XX-Large,1
01HPYDX4357XTWBEKNNF9VE6YM,5/21/2023,edaunterot@bbb.org,Editha,Daunter,12189 Susan Hill,France,Shorts,Large,2
01HPYDX436CBKT19XCEE4K4076,9/16/2023,nmeddou@sbwire.com,Nertie,Medd,23206 Pierstorff Court,Brazil,Gloves,X-Large,2
01HPYDX4379N595SGXNGF1BPRR,10/3/2023,lgrushinov@usgs.gov,Lynea,Grushin,6409 Dryden Lane,Brazil,Scarf,Medium,2
01HPYDX4381VDDXKX95CBXPEG4,10/18/2023,alambdonow@linkedin.com,Ardisj,Lambdon,50977 Pennsylvania Trail,France,Scarf,XX-Large,3
01HPYDX439Q5S8GYRBHN9B2K02,8/26/2023,thaythornthwaiteox@aboutads.info,Trumaine,Haythornthwaite,3371 Barby Avenue,Peru,Tshirt,X-Large,3
01HPYDX43A6660ND477ECS8Q01,3/15/2023,atraiceoy@amazon.com,Allison,Traice,0272 Victoria Junction,France,Tshirt,Medium,4
01HPYDX43BT8MMRCPQJ94AA31H,9/12/2023,zerrettoz@pinterest.com,Zita,Errett,6706 Scoville Lane,Australia,Hoody,Large,2
01HPYDX43D733SZ646TQAC1YJD,7/5/2023,dmordanp0@google.ru,Delmore,Mordan,003 North Drive,Sweden,Hoody,XX-Large,2
01HPYDX43E8YPNK3WKAQTF5660,4/4/2023,mvansalzbergerp1@mapy.cz,Moss,Van Salzberger,680 8th Terrace,Brazil,Tshirt,Medium,2
01HPYDX43GF36N777TJJHXXPCN,7/26/2023,amcgoniglep2@un.org,Aubine,McGonigle,9 American Ash Pass,Switzerland,Hoody,X-Large,1
01HPYDX43KFFM98W66Y05P3CXE,8/13/2023,bfitzpaynp3@redcross.org,Brina,Fitzpayn,271 6th Street,Brazil,Tshirt,Medium,2
01HPYDX43N4X4DEY7ETT0M3JZJ,5/17/2023,eramptonp4@webmd.com,Eben,Rampton,61 Luster Plaza,Brazil,Hoody,Medium,4
01HPYDX43R8KWWKBD79Y5JWTX8,5/6/2023,nfettersp5@geocities.jp,Nariko,Fetters,37 Clarendon Terrace,Sweden,Scarf,Small,3
01HPYDX43TD64FAT4560YK72YB,10/11/2023,treitenbachp6@spiegel.de,Theo,Reitenbach,3 2nd Avenue,Sweden,Hoody,XX-Large,1
01HPYDX43XTCV6DBV9JG17NVAE,10/4/2023,dliddardp7@vinaora.com,Dallas,Liddard,579 Pepper Wood Park,United States,Hat,Medium,4
01HPYDX440NW7HSRQRR7GMRCX3,1/6/2023,srevancep8@homestead.com,Sylvester,Revance,92 Havey Plaza,Argentina,Hoody,Medium,3
01HPYDX441G6ZTTZVDACM7FGGP,3/5/2023,dtrussmanp9@biglobe.ne.jp,Dewie,Trussman,8396 Londonderry Park,Sweden,Tshirt,Medium,4
01HPYDX4447836XBQTDQTN41CC,4/17/2023,aferrynpa@japanpost.jp,Abner,Ferryn,016 Crescent Oaks Way,United States,Sweater,Medium,1
01HPYDX447JZHT8EGPTJPKAWZE,6/26/2023,hdurrandpb@delicious.com,Hoebart,Durrand,4 Eastwood Place,France,Tshirt,Medium,4
01HPYDX4490VSR1RP35VM43M5W,8/10/2023,dfrantzenpc@reddit.com,Delmore,Frantzen,98 Northwestern Alley,Norway,Tshirt,Large,3
01HPYDX44C6C7K4NM8ERG48F30,4/6/2023,okachelerpd@slideshare.net,Ogden,Kacheler,3946 Raven Junction,Brazil,Tshirt,Medium,2
01HPYDX44F08P3PW579HKEX9M9,1/28/2023,smenhenittpe@noaa.gov,Sharline,Menhenitt,61269 Eliot Parkway,Brazil,Tshirt,Medium,1
01HPYDX44HSCSYRXBE7BVQJ6W7,10/24/2023,rbridgenpf@hatena.ne.jp,Romy,Bridgen,98 Roth Point,France,Sweater,Medium,2
01HPYDX44JA7BT7GXM8BSPYRCK,4/23/2023,alevingepg@bing.com,Arthur,Levinge,86 Trailsway Point,Chile,Hoody,Medium,1
01HPYDX44M3ZT683G4K6YEXNET,8/28/2023,tgellertph@nih.gov,Tabitha,Gellert,611 Ronald Regan Parkway,United States,Shorts,Medium,4
01HPYDX44PJAWXKYA137PSBMWQ,3/14/2023,egarnsworthypi@patch.com,Ericha,Garnsworthy,139 Loomis Park,Italy,Tshirt,XX-Large,3
01HPYDX44RH4AVE8BNJTD7Z094,6/4/2023,tpoplepj@meetup.com,Teresita,Pople,79 Rockefeller Crossing,Ireland,Hoody,X-Large,3
01HPYDX44SV9NQB1H4GT9GC2RD,8/7/2023,calexsandrowiczpk@prweb.com,Celeste,Alexsandrowicz,0 Bayside Hill,Brazil,Sweater,Medium,2
01HPYDX44VZ2E70G5YCXSV3PTB,3/20/2023,rboolepl@paginegialle.it,Rozelle,Boole,3326 Kenwood Pass,Sweden,Sweater,Medium,4
01HPYDX44WMG9A9XQMS51KD5F5,1/26/2023,blindeboompm@usda.gov,Biddie,Lindeboom,91915 Merry Parkway,Argentina,Hoody,Medium,1
01HPYDX44YX9KTY58JXQ9GY3WC,12/30/2023,yungarettipn@histats.com,Yardley,Ungaretti,3 Larry Lane,Spain,Tshirt,Small,1
01HPYDX451DD3P0PGXE7Z9DNXJ,4/11/2023,hgarhampo@pbs.org,Hilarius,Garham,9476 Kenwood Center,Brazil,Jacket,X-Large,4
01HPYDX4541ZBM143D5NT8ZT92,12/18/2023,jbrabinpp@cdc.gov,Jeremy,Brabin,6116 Iowa Avenue,Argentina,Hoody,Small,2
01HPYDX457T8KK6DBPG70YT3G8,11/15/2023,esodopq@google.fr,Elke,Sodo,8 Stephen Plaza,Sweden,Jacket,Small,1
01HPYDX45ADYQZ79A9DA86TZSW,8/12/2023,wbeavonpr@icio.us,Wanda,Beavon,9244 Sommers Hill,Argentina,Tshirt,Small,4
01HPYDX45CKE9JBGAKMKA3MQGV,4/7/2023,hbeninips@dot.gov,Hortense,Benini,565 Sage Crossing,Norway,Scarf,X-Large,1
01HPYDX45FG8D9XZ8WBKNS7RYF,7/27/2023,ieichmannpt@indiatimes.com,Ida,Eichmann,38572 Hoepker Court,Sweden,Sweater,Small,1
01HPYDX45GPXGH3CD6G276S2AZ,12/14/2023,fcreanepu@phoca.cz,Frans,Creane,8005 Fremont Place,United States,Shorts,Medium,2
01HPYDX45JZF7W4M7M16B4KZD1,8/10/2023,abithanypv@aboutads.info,Alistair,Bithany,121 Westerfield Trail,Sweden,Scarf,Large,3
01HPYDX45K032ZVXVPYXBG865S,6/27/2023,bmilsonpw@oracle.com,Bronny,Milson,54670 Fuller Park,Sweden,Sweater,Medium,4
01HPYDX45M2XNDGS5FT2HBM7X8,6/16/2023,krennlespx@wikimedia.org,Kelley,Rennles,6549 Schmedeman Way,Sweden,Tshirt,XX-Large,4
01HPYDX45PZSEEVKRYXABS2856,1/28/2023,mdocketpy@usnews.com,Merna,Docket,76 Oxford Point,France,Hoody,Large,2
01HPYDX45R43CZ828291KH6J4R,12/22/2023,fmeakinpz@bravesites.com,Fanni,Meakin,1 Amoth Plaza,Nigeria,Shorts,Large,2
01HPYDX45TBSV8HCB34Y7KGK69,10/9/2023,mallonq0@mac.com,Marne,Allon,621 Grasskamp Hill,United States,Hoody,X-Large,4
01HPYDX45XM29BHQMPNGRK67G4,11/19/2023,gdunnetq1@over-blog.com,Garrot,Dunnet,1 Bellgrove Lane,Bosnia and Herzegovina,Sweater,Medium,1
01HPYDX4600D97K36KFSKBBZT4,1/12/2023,agaddesbyq2@tripod.com,Ardelis,Gaddesby,416 Prentice Way,France,Tshirt,X-Large,2
01HPYDX4626PA22RNF4VK5MPG5,8/1/2023,jcareq3@symantec.com,Juliana,Care,03 Burrows Road,Argentina,Tshirt,Large,1
01HPYDX465728DM391KDNG54EA,2/26/2023,chadentonq4@dell.com,Cristabel,Hadenton,77 Roxbury Junction,France,Gloves,Large,4
01HPYDX46729S2G9XY2GX2T32R,8/28/2023,apegdenq5@home.pl,Archy,Pegden,24270 Forest Run Point,Sweden,Scarf,XX-Large,2
01HPYDX46A0YHJWZ54YQ2JS2C9,10/19/2023,jcarbineq6@opensource.org,Jacky,Carbine,00 Schlimgen Way,United States,Tshirt,Medium,1
01HPYDX46CXDH87EG7AQ0478QC,4/26/2023,lhatchardq7@simplemachines.org,Leslie,Hatchard,73 Ilene Lane,Germany,Hoody,Small,1
01HPYDX46DA2CYJWKQ46H1GP52,1/22/2023,bcettellq8@instagram.com,Bernardine,Cettell,86 Florence Road,France,Sweater,Medium,1
01HPYDX46EWZJ1QZ6B0VG9TBB1,10/6/2023,llabbeyq9@wiley.com,Lotti,Labbey,1352 Lakewood Gardens Alley,United States,Hoody,XX-Large,4
01HPYDX46G970Q1C5H39XX7FW4,3/28/2023,ahubyqa@java.com,Agnella,Huby,430 Dapin Avenue,Brazil,Tshirt,Medium,4
01HPYDX46HWV06FDFGD98P659G,11/12/2023,rmackroqb@ucoz.com,Ramon,Mackro,0700 Dunning Trail,France,Hat,Medium,4
01HPYDX46MEVRYV39BXFFAE4N8,1/19/2023,kcoppardqc@topsy.com,Klemens,Coppard,6 Dapin Hill,Peru,Tshirt,XX-Large,3
01HPYDX46NA7CVHPPA9K7ZG1F4,10/13/2023,rjeavonsqd@over-blog.com,Robin,Jeavons,9 Birchwood Street,Sweden,Hoody,Medium,2
01HPYDX46P1286C0REYV0C1FWJ,9/3/2023,ddeavilleqe@mac.com,Donall,Deaville,8 Coolidge Crossing,France,Gloves,Medium,4
01HPYDX46R5DPA5ZZZAH91TP7X,12/3/2023,otweddellqf@php.net,Orland,Tweddell,6746 Summerview Circle,Argentina,Tshirt,Small,1
01HPYDX46S7SR34QYEDG9WP0EQ,7/21/2023,mwhitewayqg@studiopress.com,Myrwyn,Whiteway,28175 Merry Center,Bosnia and Herzegovina,Tshirt,Small,4
01HPYDX46TN1EZ2AJYKAP823R9,5/20/2023,coduilleainqh@gizmodo.com,Coletta,O'Duilleain,915 Johnson Avenue,Sweden,Shorts,Large,3
01HPYDX46WSVFYRTV222PV67Z9,3/7/2023,ahuntonqi@nsw.gov.au,Arturo,Hunton,71 Fuller Junction,France,Scarf,Medium,4
01HPYDX46YWNM7YVJNFAC8SASM,11/13/2023,blamasqj@quantcast.com,Babara,Lamas,2436 Almo Trail,France,Tshirt,Medium,1
01HPYDX470NFGYJZYVMZB82FB8,3/4/2023,mscynerqk@slashdot.org,Mikael,Scyner,2621 Kedzie Avenue,France,Shorts,Small,4
01HPYDX472CG3NVT2SWV3EA02T,10/31/2023,gchettoeql@nature.com,Gert,Chettoe,8 Crownhardt Junction,Brazil,Tshirt,Large,3
01HPYDX473J2DSJP25MVCE2Y5N,5/15/2023,lgardnerqm@aboutads.info,Lelia,Gardner,1 Pierstorff Way,France,Tshirt,Large,3
01HPYDX4751X9CGX1PNS5WYBE5,5/27/2023,jabelesqn@huffingtonpost.com,Jone,Abeles,3255 Riverside Park,Argentina,Hoody,XX-Large,4
01HPYDX476Q83Z1B7XQAH1H6XA,9/13/2023,ijohanssenqo@nhs.uk,Isa,Johanssen,9281 Memorial Center,United States,Sweater,Large,1
01HPYDX4786NYMZTS3422QFQXE,1/8/2023,traffinqp@com.com,Teodoro,Raffin,151 Eliot Road,United States,Tshirt,Medium,1
01HPYDX47ADT0QA0ZQ3N7FBX1Z,2/18/2023,traikerqq@springer.com,Tressa,Raiker,08 Wayridge Crossing,Sweden,Hoody,XX-Large,2
01HPYDX47BZFR8CVAW50WCVB0K,4/11/2023,tjakubiakqr@gravatar.com,Tan,Jakubiak,4873 Garrison Trail,Sweden,Hoody,X-Large,1
01HPYDX47CA1B4WRBZ57SZR440,3/28/2023,rwalesbyqs@ocn.ne.jp,Rudy,Walesby,50966 Eggendart Street,Brazil,Hoody,Medium,4
01HPYDX47DQMJEJXMPHWVK2JCE,4/25/2023,ijahnkeqt@symantec.com,Ilsa,Jahnke,10 Ryan Lane,Sweden,Tshirt,XX-Large,2
01HPYDX47F376CB5H02S24HB4Y,2/24/2023,fmarhamqu@yandex.ru,Finlay,Marham,6892 Forest Way,Sweden,Sweater,Medium,4
01HPYDX47MDTTVSK6ZP6V7J0YN,7/27/2023,etauntonqv@bloomberg.com,Erasmus,Taunton.,732 Chinook Park,Uganda,Tshirt,Medium,4
01HPYDX47PKAW4ZZKRJ6Z6GNHQ,2/13/2023,dbockingqw@slideshare.net,Darcy,Bocking,7307 Straubel Pass,France,Gloves,Medium,2
01HPYDX47QDY0BE76CVB5JT9XM,12/6/2023,hliccardoqx@opera.com,Hope,Liccardo,3 Killdeer Road,Peru,Hat,XX-Large,1
01HPYDX47RCYCY605W2R7J778D,3/26/2023,cmasserqy@oakley.com,Catlin,Masser,553 Heffernan Road,France,Jacket,XX-Large,4
01HPYDX47TYK5GQTEVA28CVP4Z,4/27/2023,adinwoodieqz@wired.com,Anatole,Dinwoodie,0 Linden Court,Germany,Hoody,Medium,1
01HPYDX47V94RKCMEC48C171P7,1/15/2023,nschreinerr0@wufoo.com,Nertie,Schreiner,56767 Judy Street,Argentina,Jacket,Large,4
01HPYDX47X88QHTXEB79MGRN25,8/27/2023,tauchterlonier1@wisc.edu,Theda,Auchterlonie,8 Onsgard Road,United States,Jacket,Medium,4
01HPYDX4801T42WXW37ZV0Z5B3,11/16/2023,phectorr2@yolasite.com,Pier,Hector,0178 Homewood Avenue,Peru,Tshirt,Large,1
01HPYDX4816BSCMFZD5W2SZRJH,11/4/2023,dantonowiczr3@php.net,Demetrius,Antonowicz,407 Walton Park,Brazil,Tshirt,Medium,2
01HPYDX4823HCMJRN7EABZ456W,2/10/2023,tphythonr4@meetup.com,Thomasine,Phython,76436 Dwight Drive,United States,Shorts,Medium,3
01HPYDX484YJYD2YJXT2P7EFFM,3/4/2023,mmaseyr5@usgs.gov,Myrna,Masey,3281 Pawling Court,France,Hoody,X-Large,3
01HPYDX4861ACT1QWKZ7PZNDPK,7/17/2023,gmargettsr6@latimes.com,Gui,Margetts,0759 Dexter Center,Brazil,Tshirt,Medium,2
01HPYDX488P2YW5PRKPXMVRNCT,7/7/2023,dmarquetr7@google.ru,Donnell,Marquet,11840 Lakeland Point,Germany,Tshirt,Medium,3
01HPYDX489RQFF3F4G73SAV9D0,4/30/2023,bgleaver8@marriott.com,Basilius,Gleave,5468 Brickson Park Center,Brazil,Hoody,Medium,1
01HPYDX48AF5YSVXXQFAVWA5MM,8/21/2023,whebbardr9@usa.gov,Westleigh,Hebbard,8 Meadow Vale Crossing,Peru,Shorts,Medium,4
01HPYDX48C4W2G4ZS40W8VJMD5,12/15/2023,ahurdmanra@arstechnica.com,Abey,Hurdman,5631 Division Plaza,France,Scarf,Small,3
01HPYDX48DMG8YDA5Z4WB5JQ0C,8/30/2023,lcalderbankrb@icq.com,Luce,Calderbank,877 Northwestern Circle,United States,Hoody,Medium,3
01HPYDX48E7ESWQMAAM0ATFME6,6/17/2023,ashiersrc@deviantart.com,Annaliese,Shiers,2750 Pearson Point,Brazil,Hoody,X-Large,3
01HPYDX48FS3C557Q4NEVJZ9WQ,7/26/2023,scuddehayrd@wisc.edu,Schuyler,Cuddehay,6765 Melody Parkway,Sweden,Hoody,Medium,1
01HPYDX48GXSSYB69K3E0Q7K41,1/7/2023,mshortre@shareasale.com,Marjorie,Short,955 Heath Way,Brazil,Hoody,Medium,4
01HPYDX48HC7T97HJM0SH4HY3T,3/9/2023,btattertonrf@last.fm,Boigie,Tatterton,359 Cardinal Pass,Brazil,Scarf,Large,4
01HPYDX48KJYRWBF0EKY480R62,6/5/2023,ashergoldrg@wufoo.com,Alisa,Shergold,39690 Roth Parkway,United States,Scarf,Medium,3
01HPYDX48MD1TMYNZPTAW7TGA5,1/4/2023,mgraylingrh@webs.com,Maribelle,Grayling,2 Sycamore Terrace,Argentina,Hoody,Medium,2
01HPYDX48NMKEFY40VJB61EBVS,4/28/2023,bgowersri@exblog.jp,Bren,Gowers,2 5th Plaza,Sweden,Hoody,Medium,4
01HPYDX48PYH4WRY647XNMF958,4/13/2023,abrammerrj@cnbc.com,Annmaria,Brammer,03342 Moland Alley,Brazil,Scarf,Medium,1
01HPYDX48QS7ZKHTQ1RS96TM8Z,11/10/2023,scorbettrk@oakley.com,Suki,Corbett,5 Doe Crossing Circle,Brazil,Hoody,Medium,1
01HPYDX48SW5FSPZBZ3F96EMSB,7/7/2023,kdenkinrl@smugmug.com,Karyl,Denkin,21 Sugar Park,Brazil,Hoody,Large,2
01HPYDX48TRPY47FGMRKFBZJSY,7/11/2023,ihatchellrm@cornell.edu,Issy,Hatchell,6 Knutson Junction,France,Hoody,Large,4
01HPYDX48VVMC6TMP4G5TGRQZ7,12/9/2023,gemmertrn@icio.us,Gabriella,Emmert,747 Jenifer Street,Brazil,Shorts,XX-Large,1
01HPYDX48YV2ZQ65HKCCPPS8WB,1/20/2023,sgillanro@utexas.edu,Shayne,Gillan,1117 Shoshone Center,Sweden,Hoody,Large,4
01HPYDX48Z51A9S830P1YN2AWY,1/3/2023,agregorettirp@msn.com,Ashlin,Gregoretti,35 Pleasure Terrace,Canada,Hoody,Large,1
01HPYDX491GTCW4SBBRZ70WFME,4/14/2023,lsherrq@narod.ru,Liza,Sher,63999 Sauthoff Place,Brazil,Hoody,Medium,3
01HPYDX492RZEB7RB3ZK2DYYEH,7/10/2023,medwickerrr@indiatimes.com,Marvin,Edwicker,0208 Straubel Street,Argentina,Tshirt,Medium,1
01HPYDXAH5M55RGWVTX25891JW,7/31/2023,bcleere0@ameblo.jp,Brana,Cleere,100 Twin Pines Crossing,United States,Hoody,XX-Large,3
01HPYDXAJW2MPKGGZXR11PAY0D,2/28/2023,sgeratt1@dyndns.org,Scottie,Geratt,15 Judy Park,Sweden,Scarf,XX-Large,3
01HPYDXAJYWVC8Z4S50ADAP9TR,5/13/2023,mphettiplace2@t.co,Miquela,Phettiplace,146 Bowman Terrace,Peru,Tshirt,Medium,2
01HPYDXAJZ82JZGWWEFX04CDGH,8/9/2023,gkissell3@webmd.com,Gwendolin,Kissell,31 Leroy Pass,Canada,Scarf,Large,3
01HPYDXAK1ARSYTNQGQ02KXC9M,9/26/2023,ckeogh4@studiopress.com,Clerissa,Keogh,9684 Sachs Drive,United States,Gloves,Large,1
01HPYDXAK2FJJ7S1M8762V5WB5,5/13/2023,oallon5@ted.com,Onida,Allon,6401 Reindahl Court,Brazil,Scarf,Medium,4
01HPYDXAK4BWKY8VPGT6X6SGV9,4/28/2023,apietrzak6@youtu.be,Abrahan,Pietrzak,0460 Lake View Center,France,Hoody,Small,2
01HPYDXAK7G54J2E512HJN49E9,12/22/2023,dthomassen7@ibm.com,Damiano,Thomassen,2 Artisan Hill,Argentina,Jacket,Medium,3
01HPYDXAK8Q1J1X6XAPE2R5KPF,6/26/2023,btrythall8@mozilla.org,Benita,Trythall,0 Corry Avenue,Canada,Hoody,Medium,3
01HPYDXAK9X46YHG89AAH2QWNB,12/19/2023,hblazynski9@last.fm,Hubie,Blazynski,27573 Rowland Court,France,Scarf,Large,4
01HPYDXAKAVGGX1A844KPAVBF9,8/19/2023,eglaistera@domainmarket.com,Ethelda,Glaister,56818 Waubesa Court,France,Sweater,XX-Large,2
01HPYDXAKCAA74XE4F9HC3BBKZ,11/27/2023,istothertb@hp.com,Ingaborg,Stothert,6931 Meadow Vale Park,Spain,Hat,Medium,3
01HPYDXAKD0CP120PN4MJXY805,10/15/2023,ealbertsonc@networksolutions.com,Evelin,Albertson,7 Melvin Junction,Brazil,Scarf,Large,3
01HPYDXAKE1SAEZQGXB85BJHS2,10/26/2023,kcamousd@patch.com,Kimbra,Camous,32966 Melody Parkway,Australia,Hoody,Small,2
01HPYDXAKFBA5SS5HKGG8W72CS,8/24/2023,mbouldene@ning.com,Marlo,Boulden,5 Graedel Crossing,Canada,Hat,XX-Large,1
01HPYDXAKHH6ZJZBCFP16DNXHQ,4/30/2023,gyesichevf@theglobeandmail.com,Goldie,Yesichev,22 Comanche Lane,United States,Tshirt,XX-Large,1
01HPYDXAKKV1VNMP7HAKWZJT9M,12/12/2023,cmonkg@examiner.com,Chris,Monk,240 Heffernan Drive,Sweden,Hoody,Medium,1
01HPYDXAKN9SX819CWB0EG7GBB,1/1/2023,alovelessh@usda.gov,Amil,Loveless,22069 Pierstorff Plaza,Nigeria,Hoody,Medium,1
01HPYDXAKQ039HQGY7GBECN7TK,5/18/2023,alosebyi@mozilla.com,Ax,Loseby,9623 Trailsway Lane,Sweden,Shorts,Large,3
01HPYDXAKSGF7659G5X6B920TR,10/8/2023,cturfesj@hostgator.com,Charmian,Turfes,1652 Dennis Place,Nigeria,Hat,Medium,3
01HPYDXAKWN94Z32NAM7DEXN3A,3/14/2023,tmcgaffeyk@narod.ru,Talia,McGaffey,60 Ridgeway Trail,Brazil,Hoody,XX-Large,2
01HPYDXAKY5MHGPXA05BW7EXNQ,12/25/2023,cwicherl@tinyurl.com,Carlotta,Wicher,2927 8th Junction,United Kingdom,Tshirt,Medium,1
01HPYDXAM0K240QCFAKJK2QPF0,7/31/2023,aangravem@yellowbook.com,Amalia,Angrave,50968 Saint Paul Avenue,Sweden,Sweater,XX-Large,3
01HPYDXAM312S5P6YRNDQW8T9N,6/14/2023,mbourdicen@usgs.gov,Mitch,Bourdice,820 Mitchell Avenue,Nigeria,Tshirt,Medium,3
01HPYDXAM51TSZA8X0XHC86W68,7/3/2023,pallbono@gnu.org,Phyllys,Allbon,4881 Eastwood Lane,Nigeria,Jacket,Medium,2
01HPYDXAM6SYYQAN49QJXQ09AQ,1/12/2023,tsiburnp@nyu.edu,Tommy,Siburn,50931 Oxford Place,Sweden,Hoody,Medium,4
01HPYDXAM72JZYG29CQTCPD6PX,9/18/2023,gswatridgeq@state.tx.us,Gleda,Swatridge,84 Briar Crest Plaza,Peru,Tshirt,Large,1
01HPYDXAM9E3EVW8NGPK58CJGT,3/27/2023,jrollittr@ucsd.edu,Jennine,Rollitt,11825 Veith Pass,United States,Tshirt,Large,2
01HPYDXAMBPW0ZWRYZC7SQ7Y00,5/21/2023,mberis@1und1.de,Milli,Beri,6 Clove Point,United States,Hoody,Large,3
01HPYDXAMDERK8RMNMKMNN4B24,2/8/2023,dleghornt@huffingtonpost.com,Domenico,Leghorn,089 Buell Pass,Brazil,Tshirt,Medium,2
01HPYDXAMEPAVSTKGRC7AS9K8Z,1/12/2023,wyushankinu@printfriendly.com,Wendy,Yushankin,8 Redwing Drive,Bosnia and Herzegovina,Scarf,Large,4
01HPYDXAMFGT2C4F1CPFHPKKQ9,7/1/2023,vcoppv@reference.com,Vern,Copp,53316 Cordelia Place,France,Sweater,Medium,1
01HPYDXAMHSPHK9JN4FHBH7QNZ,7/16/2023,rcrookesw@pbs.org,Reggi,Crookes,063 Sauthoff Plaza,Argentina,Tshirt,Large,3
01HPYDXAMK7HBJWD42G2288XGB,11/6/2023,cwitseyx@dion.ne.jp,Clare,Witsey,63269 Farragut Drive,Canada,Scarf,Small,3
01HPYDXAMP1ABRQDVPFE3VPH0P,9/24/2023,bricardey@cbc.ca,Benjamen,Ricarde,3 Loftsgordon Circle,Bosnia and Herzegovina,Hoody,X-Large,1
01HPYDXAMR5EGE7G5C840EV0F2,5/18/2023,tsurphlissz@yale.edu,Tabatha,Surphliss,9364 Little Fleur Point,Peru,Gloves,XX-Large,2
01HPYDXAMTC3B41MNYZ1F1KGYS,4/16/2023,sdobie10@wired.com,Stanford,Dobie,5 Clarendon Way,Italy,Hat,Medium,3
01HPYDXAMWE641G1M7BYVMD8HD,1/30/2023,pdecker11@cargocollective.com,Pegeen,Decker,84747 Johnson Junction,Spain,Tshirt,Small,3
01HPYDXAMXCKYKAYZQYP3HB0MZ,12/13/2023,kcallicott12@epa.gov,Keefe,Callicott,928 6th Terrace,France,Tshirt,Medium,4
01HPYDXAN0NX4JT5YQF1WGC4X5,8/20/2023,rbannell13@usgs.gov,Reynard,Bannell,4462 Dapin Point,Brazil,Scarf,Medium,3
01HPYDXAN3P2G1TGFSW7JGH9J5,4/15/2023,ldmitriev14@latimes.com,Lucita,Dmitriev,8 Coolidge Drive,Brazil,Hoody,Medium,2
01HPYDXAN62HPF79C8QWK145G0,11/28/2023,mgorbell15@amazonaws.com,Merl,Gorbell,66172 Memorial Road,Brazil,Sweater,Medium,4
01HPYDXAN90HBCT3T4KGN9RBVY,1/2/2023,oreichert16@1688.com,Orella,Reichert,18264 Oakridge Parkway,Brazil,Shorts,Large,2
01HPYDXANBCVDTKCHCBX2Y6GSX,2/5/2023,tbinstead17@weather.com,Tiler,Binstead,4 Hollow Ridge Trail,Brazil,Sweater,Large,2
01HPYDXANE7NY3408607M3MYQ6,7/11/2023,gjenton18@goo.ne.jp,Gizela,Jenton,4 Meadow Valley Lane,Uganda,Hoody,Medium,4
01HPYDXANH0F540WPKABC1PY75,1/29/2023,rbore19@army.mil,Roanna,Bore,8 Lake View Court,Argentina,Hoody,Large,4
01HPYDXANK2Q698CEF2MC7K6JB,12/17/2023,mjuschka1a@hexun.com,Muire,Juschka,56271 Moland Trail,France,Scarf,X-Large,4
01HPYDXANPB3NG1Y8TNV8408XY,8/6/2023,varndt1b@artisteer.com,Val,Arndt,95 School Pass,Uganda,Tshirt,Large,1
01HPYDXANQTZE33SVTQ39Y2AMK,11/15/2023,lfranses1c@artisteer.com,Leighton,Franses,7958 Bellgrove Parkway,Sweden,Tshirt,Medium,4
01HPYDXANSNF5ER00P0MVDJEYT,4/4/2023,bdudmesh1d@cnbc.com,Britt,Dudmesh,223 2nd Way,Peru,Sweater,Small,4
01HPYDXANV86GDCAGV8XHV8HKZ,4/24/2023,gkielty1e@cpanel.net,Gardiner,Kielty,1 Macpherson Center,France,Shorts,Small,3
01HPYDXANYRWJZP2DKHFWKTTNZ,11/5/2023,swrack1f@auda.org.au,Sunshine,Wrack,44701 Lerdahl Center,Argentina,Hoody,Medium,1
01HPYDXAP18EKR0666XGMYZSVD,5/17/2023,pgimert1g@amazon.co.jp,Paulie,Gimert,786 Iowa Road,United States,Sweater,Small,2
01HPYDXAP325HR2DAN1V4ZHRH2,10/30/2023,gkamienski1h@nytimes.com,Guy,Kamienski,278 Thompson Avenue,Sweden,Tshirt,Medium,3
01HPYDXAP5DGGR6KMFA0CRB8ND,6/9/2023,sjanuszewski1i@house.gov,Sofie,Januszewski,05 Spaight Plaza,Ireland,Sweater,X-Large,4
01HPYDXAP682NKQYK1WKSB5KKA,7/5/2023,prosenshine1j@theguardian.com,Phillis,Rosenshine,8 Steensland Lane,Sweden,Tshirt,Large,3
01HPYDXAP94S8WK0G1QFBCHNB0,4/23/2023,dbelhomme1k@qq.com,Denni,Belhomme,65 Sutherland Trail,Nigeria,Hoody,Large,4
01HPYDXAPB5WR3ZR0ZF6HEFY62,8/10/2023,tmuckloe1l@princeton.edu,Tallie,Muckloe,4703 1st Road,Peru,Tshirt,X-Large,2
01HPYDXAPDZDSR08C4YDMAFZPC,2/13/2023,bocarmody1m@springer.com,Bunny,O'Carmody,8542 Blue Bill Park Court,United States,Scarf,Medium,1
01HPYDXAPF6T2YMFGFVS23SPBT,12/29/2023,uposvner1n@mit.edu,Ulick,Posvner,64 Delaware Court,United States,Hoody,Large,3
01HPYDXAPHBRRT2WDZP0QZTTWC,5/18/2023,vlevane1o@businesswire.com,Valli,Levane,5873 Badeau Park,Brazil,Hoody,X-Large,1
01HPYDXAPKMF8T296DVQPZHE77,10/1/2023,rsalterne1p@shop-pro.jp,Ryon,Salterne,97 Springs Crossing,Brazil,Hoody,Medium,2
01HPYDXAPNGFF3YD537PHVCMQ2,4/22/2023,wfolbig1q@theglobeandmail.com,Weylin,Folbig,88 Declaration Hill,Canada,Hoody,Large,2
01HPYDXAPQ8NY99NBPBTKMR6EK,9/14/2023,everey1r@ca.gov,Eachelle,Verey,99412 Vera Park,Peru,Sweater,Medium,3
01HPYDXAPSG4JKMFEQVPAZ6BZ2,11/4/2023,tflanders1s@chronoengine.com,Timmy,Flanders,8 Old Gate Junction,Peru,Tshirt,Medium,1
01HPYDXAPVJT0SC6FGXPAPSF7F,10/31/2023,astickford1t@cargocollective.com,Avrit,Stickford,961 Hudson Alley,Sweden,Tshirt,Medium,4
01HPYDXAPX1FXKD1TYZQVA21ZS,7/13/2023,aridolfi1u@multiply.com,Aila,Ridolfi,25593 Monterey Hill,Sweden,Hoody,Medium,2
01HPYDXAQ03C36GGQW3JWNR05G,5/15/2023,ssimoneton1v@epa.gov,Sammie,Simoneton,70228 Anniversary Terrace,France,Tshirt,Large,3
01HPYDXAQ2FAT73SR2G1DXWMN6,5/19/2023,adybald1w@businessweek.com,Annora,Dybald,9 Forest Street,Argentina,Tshirt,X-Large,3
01HPYDXAQ5QQCE23ZMFJX48ZBP,8/15/2023,gcopp1x@jugem.jp,Gwendolyn,Copp,97148 Upham Street,Chile,Jacket,XX-Large,3
01HPYDXAQ75G907NBESG186DST,2/4/2023,ecanti1y@rambler.ru,Elenore,Canti,31 Oak Point,United States,Tshirt,Small,2
01HPYDXAQ9B22TSZ66HYPQN4Q6,9/3/2023,hmarl1z@icq.com,Heinrik,Marl,8856 Esch Terrace,Ireland,Tshirt,Medium,4
01HPYDXAQB4987NFT283J2XBFN,12/20/2023,hfakeley20@webs.com,Howey,Fakeley,7480 Straubel Hill,Argentina,Hoody,Large,1
01HPYDXAQDFK93NCJGMHM59B7W,8/26/2023,bhawkswood21@goo.gl,Brockie,Hawkswood,34 Mandrake Junction,Brazil,Tshirt,Small,4
01HPYDXAQF6W0TE1S8AMX121VA,2/16/2023,hmcfeate22@tiny.cc,Harri,McFeate,87 Westport Park,United States,Hoody,X-Large,3
01HPYDXAQJ3HEJKHCEV6WH0SXF,10/26/2023,ssolland23@amazon.co.jp,Stanleigh,Solland,8824 East Center,France,Scarf,Large,2
01HPYDXAQN8E33HH0HPVDG3TTQ,7/30/2023,emenzies24@a8.net,Erie,Menzies,59 Sugar Center,Chile,Hat,Medium,2
01HPYDXAQRWGXW1KW2NCDKAFJB,2/8/2023,ewinchcum25@homestead.com,Ellene,Winchcum,318 Corben Junction,Argentina,Jacket,X-Large,3
01HPYDXAQTKFBKP86NR2GZERQ7,7/12/2023,fmaun26@msu.edu,Fidelio,Maun,30422 Bluestem Pass,Ireland,Hoody,Medium,1
01HPYDXAQXM5BD6K0W9K894125,11/20/2023,paleksic27@squarespace.com,Pattie,Aleksic,29601 Declaration Lane,United States,Hat,Large,4
01HPYDXAQZ5H40PWDJ7V2WJ2GB,1/9/2023,rtrevaskis28@nih.gov,Roy,Trevaskis,931 Pawling Park,France,Hoody,Medium,1
01HPYDXAR12NBNJMJMX050N8G4,10/17/2023,pdawe29@webs.com,Philbert,Dawe,0 Banding Hill,Peru,Hoody,Large,3
01HPYDXAR4827X0S5PCAEPA1N3,9/16/2023,amccaughren2a@state.gov,Alayne,McCaughren,8 Dixon Way,Sweden,Tshirt,XX-Large,3
01HPYDXAR7GMW09CJ5WBVX33PY,5/8/2023,sdowner2b@buzzfeed.com,Sibella,Downer,843 Northwestern Alley,Argentina,Sweater,Small,2
01HPYDXAR9PQYH7EYC53ATF1E8,9/26/2023,rjames2c@free.fr,Reed,James,04 Carpenter Crossing,France,Scarf,Medium,3
01HPYDXARCZDMF2ZCCSHVVMA66,8/31/2023,yworthington2d@accuweather.com,Yves,Worthington,62 Browning Alley,Sweden,Tshirt,Large,1
01HPYDXAREZ2ZB7K3JF564A5A6,3/27/2023,vsimonini2e@answers.com,Vally,Simonini,0940 Golf View Hill,Nigeria,Tshirt,Medium,3
01HPYDXAS9ED1HDYZ5Y1YA6YGD,8/19/2023,acoombes2f@cam.ac.uk,Arnold,Coombes,30 Utah Crossing,Brazil,Scarf,X-Large,3
01HPYDXASC1BPW8D755RBS4YWV,9/9/2023,cwhittock2g@netscape.com,Case,Whittock,3 Ruskin Street,Chile,Hoody,Large,3
01HPYDXASFAZ7GY3TGCSWW67MP,11/23/2023,ewinborn2h@github.io,Erskine,Winborn,5 Knutson Avenue,United States,Hoody,Medium,3
01HPYDXASHFK846MQGD8E87YV9,1/24/2023,cpigny2i@homestead.com,Coraline,Pigny,957 Steensland Lane,Argentina,Shorts,Small,3
01HPYDXASJ3QGWATP61555Y1J9,3/22/2023,pfrarey2j@dell.com,Pieter,Frarey,035 Duke Drive,France,Tshirt,Small,3
01HPYDXASMSF411C69HQHBV3P0,9/23/2023,sstitwell2k@army.mil,Suzette,Stitwell,3 Cordelia Circle,Sweden,Scarf,Large,1
01HPYDXASPHM6ETGN4ESFR6RGG,11/22/2023,fmaffey2l@wordpress.com,Forbes,Maffey,89 Anhalt Crossing,Brazil,Shorts,Large,1
01HPYDXASQWVXP6B763XV3YA0W,8/28/2023,jmaccarrane2m@bbc.co.uk,Joelie,MacCarrane,83179 Shoshone Alley,Brazil,Tshirt,Medium,2
01HPYDXASRE87HVJNZSAHNE5Q5,4/25/2023,rosgar2n@bigcartel.com,Raina,Osgar,4181 Eggendart Hill,Brazil,Tshirt,Small,2
01HPYDXASSMJ5S9E5WVC6A0A3R,6/23/2023,jwhile2o@intel.com,Janeva,While,35 Forest Run Crossing,Argentina,Hoody,Medium,4
01HPYDXASTSK7A5NB169EYNPV7,5/30/2023,fkitcherside2p@typepad.com,Freedman,Kitcherside,62 Schmedeman Center,France,Hoody,Small,4
01HPYDXASWH129JMQ098BV1Q3S,10/8/2023,ljervois2q@discuz.net,Lynsey,Jervois,27084 Sunbrook Trail,France,Scarf,Medium,1
01HPYDXASXYBJJSJJF2TAD8F4D,12/5/2023,emelpuss2r@wisc.edu,Erasmus,Melpuss,2725 Garrison Place,Nigeria,Hoody,Large,3
01HPYDXASYYVP3539A9Q59GFMX,12/10/2023,fbromfield2s@addtoany.com,Fabe,Bromfield,253 Meadow Ridge Plaza,Sweden,Hoody,XX-Large,2
01HPYDXASZNJXN9DWGZ3838D6Q,10/12/2023,lsallan2t@harvard.edu,Lona,Sallan,1332 Lillian Way,Brazil,Scarf,Large,2
01HPYDXAT0G40SRHZZH70AEB7D,8/23/2023,odundridge2u@360.cn,Ola,Dundridge,6452 Pepper Wood Place,Brazil,Tshirt,Small,2
01HPYDXAT20ER2C3FV6T8RCYSM,10/21/2023,mrannie2v@reuters.com,Meredith,Rannie,565 Sycamore Circle,France,Hoody,Medium,1
01HPYDXAT3C23BG85Y1P6XT8ZX,3/16/2023,astubbes2w@irs.gov,Aloise,Stubbes,6 Dahle Terrace,Peru,Scarf,Medium,2
01HPYDXAT4SGE66PYSDC4S0REW,11/18/2023,cbing2x@plala.or.jp,Calli,Bing,9 Kensington Drive,Ireland,Tshirt,Small,2
01HPYDXAT55H7KB5MWV5GPT6N3,7/18/2023,mmichelet2y@weibo.com,Mavis,Michelet,6 Weeping Birch Court,Brazil,Shorts,XX-Large,4
01HPYDXAT7QD3EWACJTHGFQABX,5/9/2023,pneed2z@indiegogo.com,Pietro,Need,7 Clyde Gallagher Pass,Argentina,Scarf,Large,4
01HPYDXAT90QJV154K2FR3ZA1R,7/5/2023,egrelka30@salon.com,Ellerey,Grelka,308 Stone Corner Junction,Canada,Sweater,Medium,4
01HPYDXATBDQ14WEA5E3YNHB1D,8/2/2023,ehellwig31@google.cn,Eirena,Hellwig,355 Dennis Park,Brazil,Hat,X-Large,4
01HPYDXATCPQQP5YCJKY3Q1MR6,1/19/2023,rcornilleau32@tripod.com,Rae,Cornilleau,0336 Sloan Way,Sweden,Tshirt,X-Large,3
01HPYDXATEKYTY1SPC65R7FHQH,8/14/2023,bhebbard33@ow.ly,Bale,Hebbard,6484 South Trail,France,Jacket,Medium,4
01HPYDXATHMYT9131QK2VB9G3T,11/11/2023,lcreber34@thetimes.co.uk,Lief,Creber,8348 Waxwing Street,Sweden,Sweater,Medium,3
01HPYDXATK37WBJG1AQF9RWR2J,8/28/2023,fimmins35@comcast.net,Frances,Immins,13 Esch Drive,Sweden,Sweater,XX-Large,4
01HPYDXATMVXBYHR1C4N1V7ASN,10/7/2023,skersting36@aboutads.info,Steffen,Kersting,17 Spenser Way,United States,Tshirt,Small,1
01HPYDXATN1KDEAR0WJ47FFEQC,9/13/2023,fwickey37@miibeian.gov.cn,Francis,Wickey,292 Rigney Center,Brazil,Jacket,Small,3
01HPYDXATQ3BMY6B4NM13PKT2G,6/4/2023,lkinworthy38@buzzfeed.com,Lillis,Kinworthy,6358 Gulseth Place,Peru,Tshirt,Large,3
01HPYDXATRFDMXC5VZ7V6HBWPG,3/16/2023,blawton39@cdbaby.com,Broderick,Lawton,31 Corben Lane,Bosnia and Herzegovina,Hoody,Medium,1
01HPYDXATSSDHB8TKDJQX3E4FS,11/6/2023,mwooler3a@sciencedaily.com,Merridie,Wooler,1 Maryland Street,France,Hoody,Large,4
01HPYDXATV87S5GACMMMKS0CE7,3/2/2023,gjenkyn3b@tinypic.com,Glendon,Jenkyn,6071 Briar Crest Crossing,Brazil,Tshirt,Small,2
01HPYDXATXMWFY3FN86V0ZGV8J,7/1/2023,owheeldon3c@etsy.com,Obadiah,Wheeldon,8109 Russell Trail,Sweden,Tshirt,Large,3
01HPYDXATZGCZGDW1DM2087E9A,1/8/2023,cyakushkin3d@sbwire.com,Celine,Yakushkin,18 4th Parkway,Brazil,Hoody,Large,4
01HPYDXAV2YWHAGTC900EWCGQ4,9/16/2023,jtother3e@scribd.com,Judi,Tother,52 Porter Trail,Sweden,Scarf,Large,4
01HPYDXAV4QSAXEF3DSVV6AY95,10/3/2023,wsiddeley3f@apache.org,Web,Siddeley,2 Bellgrove Way,Argentina,Tshirt,Large,4
01HPYDXAV75XHZXN3BA18G23TD,5/9/2023,jlatimer3g@ow.ly,Jayson,Latimer,56689 Hovde Center,Norway,Shorts,Large,1
01HPYDXAVAWB9B0C85H7MSTJNZ,5/12/2023,jcamacke3h@i2i.jp,Jule,Camacke,9 Sutherland Place,France,Sweater,Small,2
01HPYDXAVDN0XMT7XH4QSB7MT1,6/3/2023,sgarner3i@simplemachines.org,Stella,Garner,70858 Stephen Street,Brazil,Shorts,Medium,3
01HPYDXAVFAZYT3T4WSPRQPFRD,9/14/2023,dmcmurray3j@disqus.com,Dorian,McMurray,6444 Kings Lane,United States,Tshirt,Medium,3
01HPYDXAVJJY8DRD9EY60WZ6WP,2/12/2023,gluxen3k@paypal.com,Giustina,Luxen,0 Swallow Crossing,Brazil,Jacket,Small,3
01HPYDXAVN4GAFN7J1WVTKFTSY,8/4/2023,estables3l@hubpages.com,Eula,Stables,9261 Charing Cross Drive,Brazil,Hoody,X-Large,1
01HPYDXAVQ8HFEFWXKZXYG9M95,10/17/2023,pchaim3m@sbwire.com,Pren,Chaim,10255 Memorial Court,Norway,Jacket,Small,2
01HPYDXAVT6YG6D0917VVGQQ0P,10/11/2023,emundall3n@comcast.net,Ezechiel,Mundall,6 Oak Parkway,Brazil,Sweater,Medium,1
01HPYDXAVWNWFCHSZSEJGDTG9F,2/11/2023,hvelareal3o@dion.ne.jp,Hannis,Velareal,51274 Forster Point,France,Sweater,XX-Large,4
01HPYDXAVY8C4DNSW61K6RF8WH,10/19/2023,dbadrick3p@purevolume.com,Donella,Badrick,77082 Stoughton Trail,France,Shorts,Large,3
01HPYDXAVZZGFB5MSS6P02YB1S,3/26/2023,amealiffe3q@linkedin.com,Angie,Mealiffe,493 Brentwood Point,Brazil,Hoody,XX-Large,1
01HPYDXAW217JQFZHFGRAHDTMD,7/24/2023,cley3r@upenn.edu,Charita,Ley,4763 Esker Hill,United States,Shorts,Medium,2
01HPYDXAW4P9H6354HXCSYTHK2,12/22/2023,zpetracek3s@twitpic.com,Zacherie,Petracek,0 Village Plaza,Sweden,Hat,Medium,3
01HPYDXAW7DDV5K0JDRRT5MJ3W,5/6/2023,sduesbury3t@psu.edu,Si,Duesbury,8 5th Avenue,Brazil,Sweater,Medium,2
01HPYDXAW9Q4CW5KTGYM0DZXN3,10/8/2023,bitzak3u@bloomberg.com,Bondy,Itzak,098 Melvin Circle,Argentina,Jacket,Medium,3
01HPYDXAWB372SPVFPVMQ56E9J,6/5/2023,afeeley3v@scribd.com,Almire,Feeley,58290 American Junction,France,Tshirt,Large,2
01HPYDXAWEZDMYG8CJDQF6FESN,5/2/2023,yfinder3w@noaa.gov,Yank,Finder,26 Arrowood Street,France,Tshirt,Medium,1
01HPYDXAWHHT9YF7ZN1TC6QJV0,6/28/2023,jdebney3x@jugem.jp,Joceline,Debney,27395 Manley Pass,Brazil,Hoody,X-Large,2
01HPYDXAWKWB3204ZN42NNZ3KP,2/6/2023,tperelli3y@addtoany.com,Tami,Perelli,4 Towne Point,Brazil,Scarf,Medium,4
01HPYDXAWNWWVAPCEM4XWPD8NE,5/31/2023,sdiwell3z@google.com.br,Sim,Diwell,5825 Division Circle,Brazil,Scarf,Small,2
01HPYDXAWQWRD03Q2G2PXVH3TP,6/13/2023,pblenkharn40@tripadvisor.com,Pippy,Blenkharn,4135 3rd Parkway,Canada,Tshirt,XX-Large,3
01HPYDXAWS89JVMVB8PKMYFNYV,6/27/2023,ezukierman41@statcounter.com,Elfreda,Zukierman,339 Mitchell Point,Peru,Tshirt,Medium,4
01HPYDXAWV4Y0G7ATVZ0H28SS9,12/1/2023,mpendrich42@123-reg.co.uk,Marieann,Pendrich,5 Thompson Place,Italy,Hoody,Medium,4
01HPYDXAWYRKJETK2V4YDHYE6Y,6/25/2023,nbarhems43@shareasale.com,Nataline,Barhems,644 Valley Edge Park,Brazil,Jacket,Large,2
01HPYDXAX1Z4MCJPR1CP8W5894,4/4/2023,fmoyles44@harvard.edu,Fifine,Moyles,34222 Anhalt Lane,Brazil,Scarf,XX-Large,4
01HPYDXAX36ME5KH22W4DRRA44,4/5/2023,hdiglin45@paypal.com,Husein,Diglin,398 Hoard Avenue,Argentina,Sweater,Medium,3
01HPYDXAX65FT8DHMZR9G5SZD9,7/31/2023,lwilkenson46@buzzfeed.com,Lemmie,Wilkenson,0 Memorial Park,Ireland,Gloves,XX-Large,3
01HPYDXAX7DZCG6D5RBE0H7V61,6/25/2023,kblaksley47@amazonaws.com,Kristian,Blaksley,8672 Green Ridge Center,France,Sweater,Small,4
01HPYDXAX8K7T7APF1MSVBE6SR,4/22/2023,sbidwell48@phpbb.com,Sherline,Bidwell,32102 Amoth Center,Chile,Tshirt,Medium,3
01HPYDXAX9CG7PQYSJ70X0SV3Z,5/30/2023,mferrelli49@sohu.com,Melisenda,Ferrelli,0 Dennis Junction,Brazil,Tshirt,Large,4
01HPYDXAXAEM6A4CG77QSXVDR8,9/18/2023,gcarine4a@hud.gov,Giavani,Carine,37 Eggendart Trail,France,Jacket,XX-Large,1
01HPYDXAXC9S5C9JSZ1HS563BS,8/30/2023,cdimaria4b@hugedomains.com,Craggie,Di Maria,140 Loomis Street,France,Hoody,Medium,2
01HPYDXAXDX3JK59H6GDZXZC06,3/20/2023,ltembey4c@bigcartel.com,Lowell,Tembey,1 Moulton Alley,Uganda,Gloves,Medium,1
01HPYDXAXEW4C8JYPSP4MYRGTD,7/11/2023,ogiffin4d@pagesperso-orange.fr,Ondrea,Giffin,8 Grim Road,Sweden,Hoody,Small,4
01HPYDXAXFDW9RA2H7F53AADQ7,9/6/2023,rwillgress4e@ustream.tv,Reeta,Willgress,8 Dennis Park,Ireland,Jacket,Medium,2
01HPYDXAXHEG56ZGBFB7C99FQA,8/16/2023,sdoohan4f@constantcontact.com,Saw,Doohan,6 Service Crossing,Brazil,Tshirt,XX-Large,4
01HPYDXAXJK02VCGQA1JC1875X,8/28/2023,cmcdermot4g@utexas.edu,Cherri,McDermot,888 La Follette Trail,Peru,Hat,Large,2
01HPYDXAXKNZ4QMT6KMS51D9G3,6/20/2023,lsiggers4h@wikispaces.com,Lin,Siggers,70 Chive Street,Brazil,Tshirt,Large,4
01HPYDXAXNEESVREK6BEV87YAH,6/25/2023,dmontgomery4i@rambler.ru,Donetta,Montgomery,910 Northview Road,Brazil,Hoody,X-Large,2
01HPYDXAXQWBQGRQ9NEEQRAYFE,3/18/2023,cgervaise4j@auda.org.au,Chelsea,Gervaise,704 Elgar Way,United States,Scarf,Medium,3
01HPYDXAXRH1ZFMTMNX575HY3J,8/17/2023,aworsfold4k@goo.ne.jp,Allard,Worsfold,658 Jenifer Drive,Brazil,Scarf,Large,1
01HPYDXAXSX41GZXFG08WKVCD8,6/12/2023,mainsworth4l@pinterest.com,Meridith,Ainsworth,76 Armistice Avenue,Brazil,Hoody,X-Large,1
01HPYDXAXTDCWRC1ZH785ZMN13,12/7/2023,aarnolds4m@163.com,Ash,Arnolds,30904 Lillian Terrace,France,Tshirt,Large,4
01HPYDXAXWH4WGV0M3CVZ64K7B,2/4/2023,oklosterman4n@usatoday.com,Olenka,Klosterman,2815 Rigney Circle,Peru,Tshirt,Small,4
01HPYDXAXX2XZP5M611SFQMB6K,2/2/2023,mcristoferi4o@ezinearticles.com,Mattias,Cristoferi,49 Ridge Oak Way,France,Hoody,Medium,4
01HPYDXAXZ1Q2K2AMNWTTD9J41,7/30/2023,blavery4p@cornell.edu,Bartel,Lavery,66 Lindbergh Alley,France,Hoody,Medium,4
01HPYDXAY0QT940WZM3B7EQWST,11/4/2023,ftrowill4q@paypal.com,Filbert,Trowill,81 Bay Center,Sweden,Hoody,Medium,1
01HPYDXAY1WJ7CRDWQ3MWKA4SJ,11/22/2023,ttweedlie4r@so-net.ne.jp,Thacher,Tweedlie,570 Hollow Ridge Place,Brazil,Hoody,X-Large,1
01HPYDXAY26HXA38KV8FJ0RHQG,4/6/2023,kscholtis4s@bizjournals.com,Kinny,Scholtis,09 New Castle Lane,United States,Shorts,Small,4
01HPYDXAY3V51ZAAC6D5HB1MER,3/13/2023,vhovard4t@canalblog.com,Vanya,Hovard,1519 Glendale Alley,United States,Tshirt,X-Large,1
01HPYDXAY51JPD610XEP7YVGP5,3/21/2023,sholtom4u@over-blog.com,Shayna,Holtom,4 Karstens Park,France,Scarf,Medium,4
01HPYDXAY6DYJH7S8ASQ8WMDD9,10/8/2023,shansana4v@t.co,Sherwood,Hansana,69715 Lunder Street,France,Hat,Medium,3
01HPYDXAY7FN73MC0A944D4MSC,5/28/2023,jbowell4w@samsung.com,Jaye,Bowell,8169 International Way,Brazil,Sweater,Small,4
01HPYDXAY82JST3MEMC4GXN17T,8/4/2023,pstorry4x@reuters.com,Pandora,Storry,6025 Oak Valley Lane,Brazil,Scarf,Medium,3
01HPYDXAYAXSRW0DJQ71YSENNV,3/29/2023,ibarkworth4y@mapquest.com,Inger,Barkworth,656 Acker Center,France,Hat,Large,4
01HPYDXAYCJ9B3TMDAT10QC26G,2/23/2023,rcunnell4z@myspace.com,Rogerio,Cunnell,9 Nevada Junction,Canada,Gloves,XX-Large,3
01HPYDXAYD8JFXVE027SN76NBN,9/11/2023,hdeeth50@hostgator.com,Harv,Deeth,65 Valley Edge Park,United States,Hat,XX-Large,1
01HPYDXAYF0GTNXDVRF07M1MQH,8/27/2023,mdutt51@istockphoto.com,Madelin,Dutt,784 Clarendon Junction,Sweden,Hoody,Small,4
01HPYDXAYJAW8994AG7MHVCA3P,7/12/2023,kdomney52@indiegogo.com,Kelcey,Domney,6 Straubel Street,Nigeria,Shorts,XX-Large,1
01HPYDXAYN1W1HGF6PDTZ2JYSM,4/11/2023,jpeirce53@pagesperso-orange.fr,Jessamine,Peirce,0279 Washington Pass,Peru,Sweater,XX-Large,1
01HPYDXAYRPZWTZJNGQB1GT639,2/25/2023,ckeysel54@sciencedirect.com,Chloette,Keysel,917 Village Green Terrace,France,Jacket,XX-Large,1
01HPYDXAYSF4BMWQ7ZF9MB5D82,5/29/2023,tbooij55@japanpost.jp,Torrance,Booij,267 Ohio Plaza,Brazil,Scarf,XX-Large,2
01HPYDXAZ7QM8YTBE5YWHDTX0A,6/18/2023,ieaddy56@bloomberg.com,Itch,Eaddy,84 Bashford Avenue,United Kingdom,Tshirt,Medium,3
01HPYDXAZ9AYEPM6PRMS5CJSZ9,6/21/2023,zscanderet57@nationalgeographic.com,Zeke,Scanderet,15 West Circle,United States,Sweater,Large,4
01HPYDXAZA54BN664M3MYPMZWA,9/26/2023,mhughland58@wisc.edu,Maritsa,Hughland,29 Mendota Park,Nigeria,Hat,Medium,4
01HPYDXAZBKE37ADXQSMYPFAW6,4/24/2023,amaxfield59@springer.com,Amalle,Maxfield,6369 Debs Terrace,France,Tshirt,X-Large,1
01HPYDXAZDM1VA0TMRT0SRXPZB,1/11/2023,omissington5a@privacy.gov.au,Othelia,Missington,291 Dennis Avenue,Canada,Tshirt,XX-Large,3
01HPYDXAZER72BQ9AHAV4FE96D,12/4/2023,gdron5b@cornell.edu,Goldia,Dron,4982 Maryland Street,Sweden,Jacket,Small,1
01HPYDXAZFGRFZE2BR4DAFE41X,11/18/2023,bgreenstead5c@phpbb.com,Berny,Greenstead,6 Moland Court,Brazil,Scarf,X-Large,3
01HPYDXAZHSHCNG943E62BW4D1,5/23/2023,chunte5d@microsoft.com,Cristine,Hunte,30436 Walton Avenue,France,Gloves,XX-Large,3
01HPYDXAZJ4AB49MSDAGPSQ9B8,4/6/2023,ckillingbeck5e@arizona.edu,Caye,Killingbeck,323 Lawn Terrace,Sweden,Gloves,Large,2
01HPYDXAZMJYPSZV56GFDM07SJ,7/15/2023,ncornhill5f@yandex.ru,Noella,Cornhill,5 Larry Place,United States,Hoody,Medium,2
01HPYDXAZPBBDRTZPFEQPRQ57N,3/28/2023,nlongley5g@usda.gov,Noella,Longley,865 Schurz Junction,Ireland,Shorts,X-Large,3
01HPYDXAZSJCW8EAG7YY7KZAST,10/11/2023,aleates5h@lulu.com,Abraham,Leates,90 Ronald Regan Center,Sweden,Tshirt,XX-Large,2
01HPYDXAZW1SSX4CMWZ6YZPPFW,3/15/2023,tnewlands5i@usatoday.com,Troy,Newlands,98511 Roxbury Trail,Sweden,Hoody,Medium,4
01HPYDXAZY8GB1VX2PQ39K1YX6,10/9/2023,vandreoletti5j@rediff.com,Vinny,Andreoletti,66269 Becker Parkway,Brazil,Tshirt,Medium,2
01HPYDXB01JTXVZH2GQ8H7NZ3J,10/15/2023,ogrono5k@businessweek.com,Orella,Grono,39224 Marquette Avenue,Ireland,Gloves,Large,4
01HPYDXB04FYRWYJMYCDAMT8BZ,7/16/2023,divey5l@istockphoto.com,Dorothee,Ivey,7 Westridge Place,Peru,Hoody,Medium,3
01HPYDXB0698H6YZS5KH8EYS9D,8/18/2023,ljohn5m@smh.com.au,Lyda,John,3 Sycamore Point,Argentina,Hoody,Medium,3
01HPYDXB09NP9FRKDPWXDXDV7R,5/8/2023,ndundin5n@bizjournals.com,Nolan,Dundin,7204 Stephen Pass,Brazil,Scarf,Large,3
01HPYDXB0BF8BQ0M0TA1CJ33GZ,11/2/2023,fsweetnam5o@ca.gov,Fawn,Sweetnam,83 Washington Center,United States,Hoody,XX-Large,2
01HPYDXB0D1QW0N33VTGE8DTSJ,3/30/2023,tostler5p@scientificamerican.com,Taylor,Ostler,9190 Buell Crossing,Canada,Tshirt,X-Large,4
01HPYDXB0G9J4JHTATW6P3YEY7,8/2/2023,gwoollin5q@marketwatch.com,Gert,Woollin,1 Fuller Plaza,Peru,Hoody,Large,1
01HPYDXB0JHBPAQ3K6Q5HRG2YQ,3/4/2023,vfermor5r@e-recht24.de,Vally,Fermor,4 Porter Circle,Uruguay,Shorts,Small,1
01HPYDXB0NFJ35JKMV0KH9X0T4,5/13/2023,gdaniely5s@narod.ru,Gabi,Daniely,07 Del Mar Plaza,Ireland,Hoody,Medium,1
01HPYDXB0Q97H57K40KSTG795Y,6/23/2023,naviss5t@weibo.com,Neron,Aviss,9308 Lighthouse Bay Center,France,Shorts,Small,4
01HPYDXB0SMYSVXKBP0VFW6SPW,7/15/2023,dbourdas5u@bloglines.com,Dottie,Bourdas,68233 Rigney Lane,Brazil,Tshirt,Large,3
01HPYDXB0TZ30APSD6PKAJSNPP,3/16/2023,vmccafferty5v@shop-pro.jp,Vanya,McCafferty,4643 Jana Road,Brazil,Tshirt,Medium,2
01HPYDXB0V9FBD625RRJZZ5N1B,7/27/2023,tlipsett5w@opensource.org,Terencio,Lipsett,05 Esch Place,Canada,Tshirt,Small,1
01HPYDXB0X0C4K0QCGBP4XDBYG,7/28/2023,bgauchier5x@mtv.com,Beth,Gauchier,4 Corben Court,Uganda,Sweater,Large,1
01HPYDXB0Y1REYAQ8TBNFCCYNX,10/14/2023,hwalesa5y@google.ca,Huntley,Walesa,77 Darwin Avenue,Brazil,Tshirt,Large,1
01HPYDXB0ZV4HB3QTQHXTTNAZA,12/1/2023,ppapes5z@go.com,Patsy,Papes,5 Towne Junction,Peru,Shorts,Medium,1
01HPYDXB1077EV7MHTKRS1KVRG,4/23/2023,acicconettii60@economist.com,Aguste,Cicconettii,9 Buell Park,Nigeria,Sweater,Medium,1
01HPYDXB11X66MANMHVXS5NYRA,2/6/2023,mpotter61@posterous.com,Marshal,Potter,5554 Thierer Center,Sweden,Hat,XX-Large,3
01HPYDXB13DVPD7D226QBHZ3C8,8/21/2023,rmarcussen62@who.int,Roobbie,Marcussen,744 Bunker Hill Court,Brazil,Jacket,Medium,3
01HPYDXB14ASVN7SSHCNT3996B,1/29/2023,achallinor63@ycombinator.com,Arlyne,Challinor,12651 Schurz Point,France,Hoody,Large,1
01HPYDXB153CW13BHEN6BAE3AQ,12/30/2023,gliddell64@vistaprint.com,Grenville,Liddell,371 Truax Terrace,Norway,Shorts,XX-Large,3
01HPYDXB16M7FDSM0SR3Z3B0JN,11/26/2023,btwigley65@amazon.de,Bobbie,Twigley,19 Division Road,Sweden,Shorts,Large,2
01HPYDXB17SC39WMTS0M8EH96P,9/21/2023,aninotti66@desdev.cn,Addy,Ninotti,5945 Heffernan Drive,Brazil,Tshirt,Medium,2
01HPYDXB198J63P1FRRHET39PD,9/19/2023,ctrymme67@foxnews.com,Charlot,Trymme,489 Northview Street,Peru,Hoody,X-Large,1
01HPYDXB1ASWXH7HM40P5KN7BC,7/9/2023,bryman68@list-manage.com,Brenna,Ryman,6771 Randy Court,Peru,Tshirt,Large,4
01HPYDXB1BVPCXEYD5SQ4MM6KT,5/17/2023,bfuentez69@yale.edu,Bari,Fuentez,78109 Schmedeman Pass,Sweden,Hoody,Medium,3
01HPYDXB1C4C1N88EY9PAEE68J,8/18/2023,cwippermann6a@europa.eu,Cynthea,Wippermann,19 Heffernan Way,Sweden,Hoody,Medium,3
01HPYDXB1DRA2QNJE7EH3F5WFE,2/23/2023,sstemson6b@squarespace.com,Stephen,Stemson,28 Tomscot Way,France,Gloves,Small,3
01HPYDXB1EEFK9NVYSBHZB2P9X,3/13/2023,hsterry6c@huffingtonpost.com,Halsey,Sterry,84 Westend Circle,Brazil,Hat,Large,1
01HPYDXB1G5QPRQ4Q9KM5BS6TP,3/22/2023,tinder6d@google.com,Tore,Inder,1539 Messerschmidt Trail,Sweden,Scarf,XX-Large,3
01HPYDXB1HTC3XVP0RB85Z11GF,2/23/2023,dklimkowski6e@mac.com,Dani,Klimkowski,1516 Artisan Point,Brazil,Hoody,Small,1
01HPYDXB1J11RPNJEYDJY0NFWA,6/14/2023,cseivwright6f@google.fr,Cayla,Seivwright,050 Manitowish Way,Peru,Hoody,Large,2
01HPYDXB1KS7A6QNDGHB2XY4KA,10/25/2023,ddallicott6g@mashable.com,Daphene,Dallicott,25 Holy Cross Crossing,United States,Hoody,Medium,1
01HPYDXB1NQM203PFYZFDRJ20M,1/22/2023,nbanaszczyk6h@nytimes.com,Nestor,Banaszczyk,9 Bunting Terrace,Argentina,Hoody,Large,1
01HPYDXB1P4HSKP1ED9S76TRVD,10/20/2023,igribble6i@yolasite.com,Ignacio,Gribble,0056 Northview Hill,Peru,Tshirt,Medium,2
01HPYDXB1QR01ERTJE1Q5DV0A8,2/25/2023,ktowsey6j@people.com.cn,Karalynn,Towsey,87072 West Pass,France,Hoody,Medium,1
01HPYDXB1SWW89PP79Z1ADR8V4,1/3/2023,gpittel6k@meetup.com,Gilberta,Pittel,463 Norway Maple Parkway,Sweden,Hoody,Large,1
01HPYDXB1TKEYCZ5WM18BMRY16,4/11/2023,aezele6l@woothemes.com,Aubrie,Ezele,25779 Killdeer Trail,France,Tshirt,Large,4
01HPYDXB1VCN2Y1FDH5Q4AXJD5,9/9/2023,dthridgould6m@theguardian.com,Dimitri,Thridgould,961 3rd Trail,Argentina,Sweater,XX-Large,2
01HPYDXB1XM27GA3C8G9YKYXHB,7/4/2023,mnobes6n@dion.ne.jp,Marielle,Nobes,95526 Dayton Terrace,Nigeria,Tshirt,Medium,1
01HPYDXB20MZJPNYAHQA3812H2,7/29/2023,afibbitts6o@irs.gov,Arie,Fibbitts,32 Grover Place,Brazil,Hoody,Medium,2
01HPYDXB22PEN39MCCPDVTH5AN,4/15/2023,dstemp6p@flickr.com,Domini,Stemp,80883 Myrtle Terrace,Peru,Sweater,X-Large,2
01HPYDXB24QDYRGH33JQ2634N0,4/5/2023,zbeynon6q@spiegel.de,Zorana,Beynon,68 Park Meadow Parkway,France,Scarf,X-Large,1
01HPYDXB25AAAMAJF3RZRKQ4AX,4/5/2023,mheaford6r@etsy.com,Mei,Heaford,4220 Knutson Circle,United States,Hat,Medium,4
01HPYDXB27WJEYRK0G9ZMMAQPQ,9/22/2023,mdalgardno6s@netscape.com,Myer,Dalgardno,62 Dovetail Parkway,Brazil,Sweater,Large,4
01HPYDXB2A7GRQ4YNFBEE1QZDZ,6/12/2023,mkleinfeld6t@github.io,Melania,Kleinfeld,12167 Farmco Junction,Sweden,Sweater,Large,2
01HPYDXB2CN925HXQ8C1PE7KM9,11/13/2023,vpurdey6u@123-reg.co.uk,Valle,Purdey,035 Algoma Alley,Brazil,Shorts,Small,1
01HPYDXB2DKAPQ815RPTVECSMJ,12/5/2023,adakhno6v@t-online.de,Alwyn,Dakhno,167 Thierer Parkway,France,Jacket,XX-Large,1
01HPYDXB2E5J9BA8RG81TBD87Q,10/10/2023,lyerborn6w@sun.com,Leupold,Yerborn,0 Shasta Parkway,Norway,Hoody,Small,2
01HPYDXB2GAD7M8J201TJYCJDB,1/9/2023,tfumagall6x@cdc.gov,Teirtza,Fumagall,565 Stephen Court,Brazil,Sweater,Medium,4
01HPYDXB2HDHREKJQ46MBP32B3,2/26/2023,atommen6y@smh.com.au,Ashla,Tommen,23933 Lyons Crossing,Argentina,Sweater,Large,1
01HPYDXB2JWHWEEZKD5A2KA0W9,5/9/2023,knovello6z@cbslocal.com,Kele,Novello,29 Jackson Point,Bosnia and Herzegovina,Tshirt,X-Large,2
01HPYDXB2K5T3Z2V2TAVAN3Z0T,5/25/2023,hweild70@tinyurl.com,Hermie,Weild,706 Kipling Junction,Brazil,Shorts,X-Large,4
01HPYDXB2M4NDQ32X5RW3AC19K,12/23/2023,bhonisch71@about.com,Blondell,Honisch,6392 Nova Street,Sweden,Hoody,Medium,1
01HPYDXB2P4K17918PDMZQCTZN,7/3/2023,molivi72@intel.com,Maurice,Olivi,89 Memorial Center,France,Tshirt,Medium,3
01HPYDXB2QC9NSG8AXSP6CP1MJ,1/14/2023,dtomasik73@wisc.edu,Dorthea,Tomasik,027 Sheridan Trail,Brazil,Scarf,Medium,4
01HPYDXB2RPMB0X3RMGC2HS3DR,7/17/2023,sleathe74@meetup.com,Savina,Leathe,9 Schlimgen Center,Sweden,Gloves,Large,1
01HPYDXB2SHCT5W3WRB2F220KG,9/10/2023,fdoding75@jugem.jp,Fulton,Doding,54834 Brickson Park Avenue,Brazil,Scarf,Large,3
01HPYDXB2TXJ9J61PBB3AEA01P,10/1/2023,rmalham76@weather.com,Rogerio,Malham,4147 Glacier Hill Plaza,United States,Tshirt,Large,2
01HPYDXB2W24RGMH8REQ73N775,7/6/2023,dpfaffel77@behance.net,Dwain,Pfaffel,9 Shelley Crossing,Brazil,Sweater,Medium,3
01HPYDXB2X747JZPFB5CQK5EBC,11/1/2023,cmeadway78@merriam-webster.com,Cam,Meadway,892 Colorado Court,United States,Hoody,X-Large,2
01HPYDXB2YA834BR76H20ZVNRQ,8/27/2023,gcausley79@cnn.com,Giacinta,Causley,873 Northridge Pass,Brazil,Hoody,Large,2
01HPYDXB2ZDQ3QBXA9AWSTKJE3,5/6/2023,rmaylard7a@over-blog.com,Rudie,Maylard,9 Sugar Drive,Brazil,Sweater,Small,1
01HPYDXB31V82YKTZ6EJEW5DY9,1/1/2023,wformilli7b@alibaba.com,Werner,Formilli,113 Oneill Street,Brazil,Scarf,Large,4
01HPYDXB325BG1KA4TNFEAKK48,10/22/2023,wkilban7c@dagondesign.com,Wilmette,Kilban,92 Park Meadow Place,Sweden,Hoody,Large,4
01HPYDXB33X6HWA415TR7FP9EN,9/21/2023,cbegent7d@github.io,Cassandra,Begent,551 Arkansas Road,Peru,Tshirt,Medium,1
01HPYDXB35Q7GA520YQ1WKZP08,1/11/2023,lmottinelli7e@hao123.com,Lettie,Mottinelli,87 Thierer Junction,Italy,Hoody,Small,4
01HPYDXB362ZRS2MSGQ46X055M,10/8/2023,avescovo7f@xing.com,Almeria,Vescovo,50286 Carioca Terrace,Argentina,Jacket,XX-Large,4
01HPYDXB3710FRYP2YATDYZABQ,10/21/2023,chume7g@wikimedia.org,Crosby,Hume,62955 Maple Junction,Canada,Tshirt,Medium,4
01HPYDXB38CR2SF45MF9RSMHXY,11/27/2023,abugdall7h@merriam-webster.com,Adelle,Bugdall,1 3rd Point,France,Tshirt,Medium,4
01HPYDXB3A8SH7TX3W6D6KYCA4,7/9/2023,bsacase7i@google.co.uk,Brad,Sacase,84423 Manley Junction,Sweden,Hoody,X-Large,2
01HPYDXB3BGF5RWKPY95Y277H2,10/30/2023,dmatchitt7j@xing.com,Daryl,Matchitt,0 Blue Bill Park Way,France,Hoody,Medium,3
01HPYDXB3CH4JRQ9CQFKQSJRNT,3/10/2023,bkensley7k@dell.com,Bank,Kensley,3 Garrison Place,Ireland,Tshirt,Large,3
01HPYDXB3EA56BKV7AXQR2QCEZ,2/28/2023,mgourlay7l@cmu.edu,Mandy,Gourlay,268 Jenifer Trail,Peru,Gloves,Small,1
01HPYDXB3FW3DGJ8DVA7G92E9K,9/17/2023,gbeeby7m@wordpress.org,Giffy,Beeby,0685 Lindbergh Way,Nigeria,Tshirt,Small,1
01HPYDXB3GKX377JMF5Y3KHEA0,5/5/2023,vferrige7n@scientificamerican.com,Vanny,Ferrige,049 Roxbury Trail,Sweden,Sweater,X-Large,2
01HPYDXB3JJEKRT2JVGBBZP3KF,7/10/2023,efergusson7o@addtoany.com,Erda,Fergusson,0 Linden Crossing,Norway,Hoody,Medium,4
01HPYDXB3KGWKMMZPZWVPK8VZ2,2/17/2023,wstove7p@addtoany.com,Wilfred,Stove,861 Huxley Center,France,Shorts,X-Large,3
01HPYDXB3M3D3M38WAZSD14SYP,2/12/2023,bpengelley7q@yahoo.com,Bobina,Pengelley,6979 Hudson Avenue,Brazil,Sweater,X-Large,4
01HPYDXB3N7CPQHC3MNJFQWFP3,8/22/2023,mdickerline7r@blogspot.com,Mallory,Dickerline,6621 Dorton Avenue,United States,Sweater,Medium,1
01HPYDXB3QDGTXTB2PE93CEY2J,3/1/2023,fmaclean7s@jalbum.net,Filberte,Maclean,554 Forest Run Circle,United States,Shorts,Medium,1
01HPYDXB3RG51YFA1YBJ4P4BQZ,7/13/2023,ggilchriest7t@slashdot.org,Glad,Gilchriest,8322 Artisan Place,United States,Tshirt,Medium,3
01HPYDXB3S6VQAYXWFY7NPZ6DQ,4/10/2023,sterron7u@360.cn,Suzie,Terron,06242 Commercial Drive,Chile,Sweater,XX-Large,2
01HPYDXB3TRYA2B9WEMC6X04JH,8/13/2023,mbeccero7v@nationalgeographic.com,Marta,Beccero,40 Northwestern Center,Germany,Scarf,X-Large,2
01HPYDXB3W5198MMJ4NZ7TPW5R,6/17/2023,kemmerson7w@omniture.com,Kathryn,Emmerson,6 Pine View Hill,France,Tshirt,Medium,1
01HPYDXB3XCR632CJE0J0E4ZST,7/20/2023,jguilliatt7x@latimes.com,Julian,Guilliatt,5 Sherman Junction,Canada,Tshirt,Medium,4
01HPYDXB3YTNGQD16E0T6GRTPK,1/30/2023,cvain7y@java.com,Corey,Vain,55556 Northview Junction,Spain,Scarf,Large,4
01HPYDXB4030235TH35J4PB8N1,1/5/2023,jbuterton7z@nps.gov,Jarret,Buterton,21 Sullivan Terrace,Sweden,Jacket,Large,3
01HPYDXB41BZ71D32CJVN1S1QH,12/30/2023,orizzillo80@auda.org.au,Oralee,Rizzillo,909 Lien Point,Argentina,Gloves,Medium,3
01HPYDXB42A4E263SFXZDTWN1R,9/16/2023,cedwards81@privacy.gov.au,Cecil,Edwards,63362 Forest Dale Pass,Nigeria,Sweater,Medium,2
01HPYDXB44X1DT0YZKT164D30A,11/19/2023,twinchester82@pcworld.com,Tobiah,Winchester,07338 Westport Junction,Nigeria,Gloves,Medium,2
01HPYDXB45PXMNQX65WTXZ0NB2,11/14/2023,emussared83@narod.ru,Elisa,Mussared,3747 Fordem Terrace,United States,Sweater,Large,2
01HPYDXB46716DX88G27D0S1GQ,11/6/2023,dyakovitch84@goodreads.com,Demetris,Yakovitch,1892 Oak Valley Circle,Peru,Tshirt,Small,2
01HPYDXB48K64Z49Q651G4PVCS,6/22/2023,smcgrath85@dyndns.org,Svend,McGrath,66739 Boyd Center,Chile,Tshirt,Large,3
01HPYDXB49Z7HHZ7E7C6EYQQF0,7/26/2023,nbrann86@hatena.ne.jp,Nathalie,Brann,22836 Maple Trail,Sweden,Tshirt,Medium,2
01HPYDXB4A8JA3FC4PW8FAWJ3W,1/15/2023,jlockyer87@unicef.org,Jobie,Lockyer,934 Redwing Alley,Brazil,Gloves,Small,2
01HPYDXB4BB9EAXCQCC5TNSJFN,11/25/2023,asherborn88@odnoklassniki.ru,Auroora,Sherborn,3 Porter Junction,Sweden,Hoody,Medium,1
01HPYDXB4DNSFPKXYP3TX3C7K1,4/15/2023,cginni89@smugmug.com,Cherlyn,Ginni,7602 Vidon Center,France,Tshirt,Large,4
01HPYDXB4E43WSJWP52RRZ3ZP4,11/27/2023,rwalworche8a@webnode.com,Richmond,Walworche,5 Graceland Circle,Germany,Tshirt,Medium,2
01HPYDXB4GZH335Q68X6XP3F99,11/3/2023,kmassenhove8b@smugmug.com,Kirbie,Massenhove,0731 Nevada Crossing,United States,Hat,Medium,3
01HPYDXB4HYWW8SM3Y4FX7NFCK,12/13/2023,atorrans8c@technorati.com,Aloin,Torrans,1314 Eagle Crest Terrace,Canada,Tshirt,Medium,4
01HPYDXB4JVP3MT72GCVK7HFQE,2/5/2023,dkarolczyk8d@google.com.hk,Dante,Karolczyk,106 Florence Park,Germany,Tshirt,Medium,1
01HPYDXB4KR5ZFS11F3FT3ZWSV,1/12/2023,abellow8e@redcross.org,Auberta,Bellow,13 Cody Alley,France,Tshirt,X-Large,2
01HPYDXB4N3GJBFCCSNR8SY7H3,1/14/2023,btiley8f@csmonitor.com,Bennett,Tiley,73 Eastlawn Junction,United States,Sweater,Medium,2
01HPYDXB4PSBX3VFYQH4Y69F7S,3/2/2023,kvanarsdale8g@free.fr,Kristo,Van Arsdale,1 Village Green Point,Brazil,Scarf,Large,1
01HPYDXB4QH3S8DKTQAEBG13QC,7/15/2023,mbowstead8h@nsw.gov.au,Mela,Bowstead,72 Dottie Junction,Brazil,Hoody,XX-Large,2
01HPYDXB4S4F91P0RN8P3FV2ZJ,8/12/2023,swaldrum8i@cnn.com,Sanderson,Waldrum,85004 Spenser Drive,Canada,Hoody,Medium,2
01HPYDXB4TR012JE4CRQW1FFCG,7/25/2023,araikes8j@4shared.com,Alphard,Raikes,417 Havey Court,Sweden,Sweater,Small,4
01HPYDXB4VPKZ8S0C94G6VP0YW,10/25/2023,gjouning8k@soundcloud.com,Gerry,Jouning,51129 Di Loreto Trail,Sweden,Hoody,Medium,3
01HPYDXB4WH5EGJQY6C4EVRQ3Q,4/27/2023,pwinsome8l@e-recht24.de,Priscilla,Winsome,7 Superior Drive,Sweden,Hat,Medium,4
01HPYDXB4YT75B9HCRSG5QB7TR,12/2/2023,stalmadge8m@toplist.cz,Si,Talmadge,3444 Wayridge Crossing,Canada,Hoody,Medium,1
01HPYDXB4Z8H1EM7ZYC45GZ8BT,9/23/2023,hmagill8n@chronoengine.com,Hendrick,Magill,632 Redwing Lane,United States,Tshirt,Small,2
01HPYDXB506T5QQP7KP98VN6G5,3/1/2023,mkellard8o@twitpic.com,Meade,Kellard,3260 Buhler Point,Sweden,Hat,X-Large,4
01HPYDXB513CDJ23GDRRS23T9R,9/9/2023,abrouwer8p@bbb.org,Andras,Brouwer,05753 Scoville Pass,Sweden,Sweater,XX-Large,2
01HPYDXB52XWWG3JKVXVB153X4,3/18/2023,mawty8q@epa.gov,Marga,Awty,58945 Dakota Trail,United States,Scarf,Medium,1
01HPYDXB54FJ8PH7MQ03BJVHNV,9/6/2023,csporrij8r@epa.gov,Chrissie,Sporrij,5 Kedzie Alley,Sweden,Hoody,Medium,1
01HPYDXB553DR6HG1X18ZG6ASP,8/21/2023,awrettum8s@jiathis.com,Alexandre,Wrettum,8 West Court,Nigeria,Tshirt,Small,2
01HPYDXB58Q1TYNW58324ZW36R,1/18/2023,calvarez8t@adobe.com,Cathee,Alvarez,45485 Sauthoff Street,France,Shorts,Medium,3
01HPYDXB5AQS9J480HQNJCRF3F,8/25/2023,sbarlee8u@eventbrite.com,Stearne,Barlee,24338 Gale Center,Germany,Jacket,Medium,3
01HPYDXB5DTRQK8TX3VF3DDFXZ,11/12/2023,afarherty8v@geocities.com,Alistair,Farherty,59 Arkansas Plaza,France,Hoody,Medium,3
01HPYDXB5FSKHEQSSTFRQMHE38,5/16/2023,dbeig8w@tiny.cc,Dario,Beig,3020 Almo Point,Italy,Hoody,X-Large,3
01HPYDXB5JEYHK5XMYCE5Z974V,10/19/2023,mcaso8x@reddit.com,Mitchael,Caso,2 Hintze Junction,Germany,Tshirt,Medium,3
01HPYDXB5MX11RTBP18E1AN5BW,9/9/2023,cbernlin8y@patch.com,Carlita,Bernlin,51 Dapin Terrace,Argentina,Hat,Medium,2
01HPYDXB5QTGZCGF54HDJF23VB,6/18/2023,ctydeman8z@nytimes.com,Cicily,Tydeman,2 Cordelia Center,Sweden,Shorts,Large,4
01HPYDXB5TQ12GZDVC2NMQG4AQ,1/7/2023,tdesouza90@mapy.cz,Tedd,Desouza,75482 Truax Crossing,France,Jacket,Medium,3
01HPYDXB5W5CJ9BMGE57YH21AP,12/29/2023,cyuranovev91@blog.com,Camella,Yuranovev,4 Schlimgen Park,United States,Tshirt,Large,3
01HPYDXB5Z9WZGHWVZN73CMMF5,11/6/2023,mhelversen92@washingtonpost.com,Marrilee,Helversen,3 Mcbride Park,Brazil,Jacket,Medium,2
01HPYDXB62YE1GT6V1KZWJPB9Z,11/25/2023,egomme93@ning.com,Erich,Gomme,3477 Charing Cross Street,Brazil,Hoody,X-Large,1
01HPYDXB63C3CJZQ01G58SP82M,5/25/2023,nwickett94@mysql.com,Noelle,Wickett,43838 Everett Alley,France,Hoody,Small,2
01HPYDXB6551935SYSSJN5GQE6,6/26/2023,rspacy95@shinystat.com,Rici,Spacy,49944 Gulseth Alley,Argentina,Scarf,Medium,1
01HPYDXB665ZA0VKV2PPT8TAAN,7/28/2023,ppalombi96@nytimes.com,Phaedra,Palombi,916 Schiller Way,Sweden,Hat,Medium,2
01HPYDXB6714QM3VFX10TJ3TPA,3/28/2023,awaterstone97@kickstarter.com,Anitra,Waterstone,139 Summerview Way,Brazil,Hoody,Medium,1
01HPYDXB688NQ63RMPFEGD8RPB,7/10/2023,jlunam98@cnbc.com,Jackson,Lunam,545 Gulseth Pass,Australia,Shorts,Large,2
01HPYDXB6AHCC8JQ67DW8XK513,2/1/2023,ereiglar99@chron.com,Elie,Reiglar,01 Summer Ridge Avenue,Argentina,Tshirt,Medium,3
01HPYDXB6BCYFECS4NK73EVJ13,2/1/2023,fwhebell9a@guardian.co.uk,Forrest,Whebell,1720 East Terrace,Canada,Sweater,X-Large,2
01HPYDXB6CZDMSYQQF37JMZSA7,12/23/2023,pdemanuele9b@msu.edu,Phil,D'Emanuele,160 Corben Way,Peru,Jacket,Medium,4
01HPYDXB6D6ZJTAGB1ZT3AZWHP,10/8/2023,jlampel9c@cam.ac.uk,Jeannie,Lampel,49 Cascade Trail,Peru,Scarf,Small,3
01HPYDXB6E2JC9RZH257PTEYMD,7/15/2023,aosinin9d@4shared.com,Anallese,Osinin,6 Hudson Circle,Germany,Gloves,Small,1
01HPYDXB6GZQT097YZ6S7C86BG,1/17/2023,eroloff9e@mysql.com,Earvin,Roloff,66745 Fallview Point,France,Gloves,Medium,1
01HPYDXB6HD1EJ6GM2BEAN8KEA,11/13/2023,cmeeson9f@icq.com,Cheri,Meeson,64 John Wall Terrace,Chile,Jacket,Large,2
01HPYDXB6JZE17JM5WH2XHAHW3,8/30/2023,anewing9g@networksolutions.com,Aurea,Newing,6707 Melody Junction,Italy,Tshirt,XX-Large,1
01HPYDXB6M3XKW0FH6FH0FTMAG,7/16/2023,jtravers9h@prweb.com,Joly,Travers,713 Continental Crossing,United States,Hoody,X-Large,2
01HPYDXB6N3QTG4T67EEDPK7N8,12/8/2023,asokill9i@cdbaby.com,Aimil,Sokill,68 Ridgeway Alley,France,Hoody,Medium,4
01HPYDXB6P01RWGS086YCSKZMW,5/19/2023,mrebichon9j@sbwire.com,Micki,Rebichon,48924 Rockefeller Lane,United States,Shorts,XX-Large,1
01HPYDXB6QCJFFQEX7TJB58BAX,9/7/2023,nhuguet9k@bbb.org,Nowell,Huguet,49 Starling Pass,Brazil,Hoody,X-Large,1
01HPYDXB6SZKBKZRY6JM5MDF5A,8/6/2023,eojeda9l@addtoany.com,Ellerey,Ojeda,6 Hudson Way,Argentina,Hoody,Medium,1
01HPYDXB6TY7Y2V2MYE2BKHRG9,2/13/2023,rbraferton9m@wsj.com,Rayner,Braferton,7673 New Castle Parkway,Brazil,Tshirt,Small,2
01HPYDXB6VMG5376H16DX60GB3,11/29/2023,cpaddon9n@discuz.net,Camey,Paddon,889 Glendale Hill,Brazil,Gloves,Medium,2
01HPYDXB6X2H48QJC2PDBS9E6D,1/10/2023,mchevins9o@yandex.ru,Mildrid,Chevins,42 Menomonie Avenue,Uganda,Hoody,Medium,2
01HPYDXB6YPQX140JPMSMD9VNN,3/23/2023,rtingley9p@fotki.com,Rock,Tingley,53840 Carpenter Hill,Ireland,Hoody,X-Large,2
01HPYDXB6Z9FX7RQHDYER8AY5K,6/10/2023,wandrews9q@reverbnation.com,Wendall,Andrews,2307 Iowa Drive,Norway,Tshirt,Small,2
01HPYDXB71780MDPGQ2AVPDBDM,12/17/2023,cmarcus9r@storify.com,Caron,Marcus,329 American Ash Avenue,Canada,Tshirt,Medium,4
01HPYDXB72EHXV51PF81E879GK,12/3/2023,smartlew9s@sourceforge.net,Sheri,Martlew,334 Vera Lane,United States,Sweater,X-Large,2
01HPYDXB731RZ1GA8TEHHVRM2W,5/2/2023,cunstead9t@shinystat.com,Christan,Unstead,41730 Bunting Circle,Sweden,Tshirt,Large,2
01HPYDXB75CDH2TKFRQPYP4KFY,12/9/2023,eminghi9u@google.com.hk,Erinn,Minghi,07 Sherman Center,Brazil,Tshirt,Small,1
01HPYDXB760SM2JTEAXG4H7J2Z,10/19/2023,rdavers9v@marketwatch.com,Rasla,Davers,15 Granby Junction,Canada,Shorts,Large,2
01HPYDXB772AEXE0CANHZ7Q98A,3/7/2023,sbrok9w@sciencedirect.com,Sherrie,Brok,782 Rockefeller Lane,Brazil,Hoody,X-Large,1
01HPYDXB78XZ9AK7CQHBG0VJ64,3/29/2023,jkoeppe9x@tinypic.com,Jodi,Koeppe,0437 Mesta Circle,Brazil,Shorts,Medium,4
01HPYDXB7A0TTR3K2X2AC6J82D,6/5/2023,gsporner9y@forbes.com,Garrard,Sporner,0299 Columbus Plaza,Peru,Tshirt,Large,1
01HPYDXB7C67NJMKJHMCF9Y71J,12/1/2023,sgowers9z@craigslist.org,Sammie,Gowers,7351 Welch Terrace,Sweden,Tshirt,Medium,1
01HPYDXB7F1SFTDN8DNHSA5T3F,10/2/2023,cdavidovitza0@sakura.ne.jp,Cloe,Davidovitz,2898 Lerdahl Court,Norway,Jacket,Small,4
01HPYDXB7HY4NKQCSNENHDSBR1,8/24/2023,sswyrea1@ehow.com,Sal,Swyre,3204 Texas Hill,Bosnia and Herzegovina,Scarf,Medium,1
01HPYDXB7JWBYP355MCPN9V2K6,4/19/2023,shaspinealla2@sohu.com,Scott,Haspineall,60404 Banding Pass,Sweden,Hoody,Large,3
01HPYDXB7NE7CG95VBJ7P2JA8T,6/3/2023,nsawfordea3@fotki.com,Nanni,Sawforde,45 Riverside Park,Nigeria,Sweater,XX-Large,4
01HPYDXB7RZH38Q76ZC8VYH8JE,3/17/2023,lalejandria4@deliciousdays.com,Lorrayne,Alejandri,103 Old Shore Drive,United States,Hoody,XX-Large,1
01HPYDXB7TNYDW9JNRGCG5GKGW,6/10/2023,dgiroda5@google.co.jp,Dimitry,Girod,0287 Golden Leaf Lane,France,Hoody,Medium,1
01HPYDXB7XA5TYPY5RHMBG0ZR8,4/7/2023,jhalma6@altervista.org,Jere,Halm,5 Fisk Hill,United States,Hoody,Small,2
01HPYDXB7ZGK6H81ZRSHAPSM1W,8/16/2023,fraddisha7@gmpg.org,Friedrich,Raddish,60721 Loeprich Plaza,Argentina,Tshirt,Medium,4
01HPYDXB8148C5PD7W9N3REVGF,3/15/2023,awalworchea8@sogou.com,Ase,Walworche,115 Sunfield Park,France,Hoody,X-Large,2
01HPYDXB84GXZYVMRECX2GFV23,11/17/2023,awhethera9@yelp.com,Amabelle,Whether,76 Quincy Junction,France,Tshirt,Medium,1
01HPYDXB85B72PT7EGJ8SA85D5,11/16/2023,zbeazleighaa@mapy.cz,Zebedee,Beazleigh,3 Sullivan Trail,Peru,Scarf,Small,1
01HPYDXB87C8S47546E12HZDXV,12/21/2023,scrummyab@nbcnews.com,Shandeigh,Crummy,49 Sycamore Hill,France,Shorts,XX-Large,3
01HPYDXB8ACZVHZ601DTWACYQJ,2/6/2023,pberceveloac@parallels.com,Pattie,Bercevelo,4005 Jay Crossing,Brazil,Hoody,Large,1
01HPYDXB8DTYEGH7JNY8NYNG98,1/31/2023,memigad@youku.com,Marys,Emig,13857 Sugar Park,United States,Scarf,Small,4
01HPYDXB8GNSDPQA2EB9V228Y1,12/13/2023,dbrunetonae@gravatar.com,Deidre,Bruneton,75587 Ohio Way,United States,Tshirt,Medium,3
01HPYDXB8JESP7CBC0QZK9CZAJ,7/7/2023,wkelseyaf@microsoft.com,Willi,Kelsey,97283 Eagle Crest Court,Sweden,Hoody,X-Large,2
01HPYDXB8NG04G2NWFGDDBJYCQ,8/22/2023,kmaseyag@wufoo.com,Konstantine,Masey,99423 Lakewood Gardens Parkway,France,Shorts,Medium,4
01HPYDXB8RY8NWRE99WQJ98G40,6/14/2023,ajoplingah@marriott.com,Aura,Jopling,85944 Hanover Point,Sweden,Tshirt,X-Large,1
01HPYDXB8VN5R9TYXZ6YAMD2WW,8/28/2023,fnadinai@jalbum.net,Filippa,Nadin,607 Riverside Place,Bosnia and Herzegovina,Hoody,Medium,4
01HPYDXB8YE5HWCJADX4KBFNG7,5/30/2023,edecastelainaj@hatena.ne.jp,Ermentrude,de Castelain,0118 Glendale Court,United Kingdom,Hoody,XX-Large,2
01HPYDXB90BYPW8RW2ZB3D9STY,11/29/2023,amattissonak@mac.com,Ardelia,Mattisson,81226 Kings Terrace,Peru,Scarf,Small,2
01HPYDXB9273C8TK2NWB10SCEV,7/24/2023,wsimonettal@imdb.com,Waverly,Simonett,80449 Cambridge Lane,Norway,Tshirt,Medium,2
01HPYDXB939P9H0FQYFJ6YJJK3,3/7/2023,ccogzellam@shutterfly.com,Catrina,Cogzell,204 Old Shore Plaza,France,Hoody,Large,2
01HPYDXB94GTJC0SGKDWDG80KZ,4/9/2023,ghartellan@dmoz.org,Germana,Hartell,973 Waxwing Terrace,Argentina,Tshirt,Small,2
01HPYDXB95PP0MJKS08B5M5GD5,1/22/2023,hbaulchao@yale.edu,Hiram,Baulch,233 Farragut Plaza,Canada,Tshirt,XX-Large,3
01HPYDXB97CK574TJK1PBXXABV,7/3/2023,gwadieap@instagram.com,Giulietta,Wadie,66123 Mariners Cove Pass,Peru,Scarf,Medium,4
01HPYDXB985WTEZ6CX157HVAA8,2/15/2023,llardgeaq@hao123.com,Letta,Lardge,1 Esker Point,France,Scarf,Small,3
01HPYDXB9ANN6Y89CK1JVYP26H,5/20/2023,arudeforthar@irs.gov,Allina,Rudeforth,024 Lakewood Avenue,United States,Tshirt,Medium,1
01HPYDXB9C1JXWMVCXXFZ8KFAK,3/29/2023,dluckhurstas@altervista.org,Darby,Luckhurst,2550 Tennessee Point,Brazil,Tshirt,Medium,2
01HPYDXB9FZ4K1PA2E8ZM70MP7,7/22/2023,lwristat@adobe.com,Linoel,Wrist,61 American Point,Canada,Scarf,Medium,4
01HPYDXB9JX1WXSES27E3BKVF1,5/31/2023,droubeixau@lycos.com,Dietrich,Roubeix,43731 Gerald Terrace,Brazil,Tshirt,Medium,1
01HPYDXB9ND7Y75H6Q638K2E27,4/15/2023,ogaryav@free.fr,Ossie,Gary,4 Farwell Center,Peru,Tshirt,XX-Large,1
01HPYDXB9Q75MZ9B9JCGA7GE1M,5/31/2023,fhoyeraw@vistaprint.com,Frannie,Hoyer,76 Northport Avenue,Brazil,Hoody,Medium,4
01HPYDXB9RMSX89VARRXZT9TE9,8/4/2023,gmccaughenax@bluehost.com,Gardie,McCaughen,1 Annamark Way,United States,Scarf,Medium,1
01HPYDXB9TS1MYPTSN8HC5WAM6,12/11/2023,egligorijevicay@reverbnation.com,Ethelred,Gligorijevic,1 Saint Paul Parkway,Ireland,Scarf,Medium,3
01HPYDXB9XGBE7XRCV7B36QQ13,12/11/2023,cyeardsleyaz@goo.gl,Cthrine,Yeardsley,3736 Canary Place,France,Hoody,XX-Large,1
01HPYDXB9YAHV8R3J8ZF1V8G9C,12/19/2023,bpuzeyb0@adobe.com,Barret,Puzey,83 Cambridge Street,Sweden,Jacket,Large,4
01HPYDXB9Z38WQFVGVHN03XYSY,12/23/2023,sorrobinb1@cam.ac.uk,Sheffield,Orrobin,493 Texas Hill,Spain,Tshirt,Medium,2
01HPYDXBA1G29HAYGXBG7H8JXN,6/29/2023,ccraigmileb2@upenn.edu,Cash,Craigmile,18 Logan Plaza,United States,Scarf,Large,1
01HPYDXBA2A9VGX5J6R22Y38D3,11/19/2023,mfydoeb3@360.cn,Mignonne,Fydoe,324 Milwaukee Circle,Uganda,Hoody,XX-Large,1
01HPYDXBA3XTTEGJYK2RN81ZFM,5/17/2023,lnorganb4@msu.edu,Lydia,Norgan,99917 Golden Leaf Alley,Brazil,Hat,Medium,3
01HPYDXBA5PXJTSJPXPND9Y5JA,8/6/2023,dlohdenb5@amazon.co.uk,Deb,Lohden,0943 Sunnyside Street,United States,Shorts,Medium,4
01HPYDXBA64GYPV14FVVAF3BY8,6/6/2023,tortob6@oracle.com,Tiffy,Orto,9254 Northport Crossing,France,Tshirt,Small,2
01HPYDXBA7SABX0JT80GC3S4EM,3/17/2023,gjedrasikb7@statcounter.com,Gilli,Jedrasik,8 Maywood Way,Brazil,Sweater,Large,4
01HPYDXBA8Y1WF3M36D3S1HZAS,5/12/2023,kbeamesb8@cocolog-nifty.com,Kennedy,Beames,00 Merrick Drive,Bosnia and Herzegovina,Shorts,Medium,1
01HPYDXBAAK199B4TTSPCDT88Y,4/30/2023,gdebischofb9@dyndns.org,Gibb,De Bischof,0 Golf View Hill,Nigeria,Tshirt,Medium,2
01HPYDXBAB309KAWG6ATQXQAA8,11/7/2023,mrickfordba@state.tx.us,Micky,Rickford,3 Mandrake Road,Brazil,Tshirt,Large,4
01HPYDXBAC6R2K893XEDR3SMPE,7/3/2023,kwalworthbb@marriott.com,Kellie,Walworth,41 Monica Pass,Norway,Hoody,Large,4
01HPYDXBAE3TCM51A37GR2WNHK,6/6/2023,rlearybc@biglobe.ne.jp,Rochette,Leary,9878 Kedzie Drive,United Kingdom,Gloves,Large,4
01HPYDXBAGJQJHX8M4ZY88QN4C,10/6/2023,mwinckworthbd@wufoo.com,Mason,Winckworth,9 Clove Road,France,Tshirt,Medium,3
01HPYDXBAJKD1Q5Q6KP8DJXRCZ,5/12/2023,btownsbe@wunderground.com,Bekki,Towns,03302 Merrick Way,Brazil,Tshirt,Medium,1
01HPYDXBAMRBFDVZQ7WMVMVC6A,3/2/2023,efountainebf@webmd.com,Ezmeralda,Fountaine,53770 Mayer Pass,Peru,Jacket,Small,1
01HPYDXBANWXSW6C7YM1EV7GVE,2/6/2023,mshadebg@nifty.com,Melita,Shade,93 Memorial Center,Brazil,Scarf,X-Large,2
01HPYDXBAPDDTG5W2A7KE964Z9,2/18/2023,dashfordbh@rakuten.co.jp,Daphna,Ashford,98 Armistice Parkway,United States,Hoody,Medium,3
01HPYDXBAR3YZ2G4B4PWAKEEGG,12/19/2023,msuttlebi@xing.com,Mallissa,Suttle,5 Spenser Crossing,United States,Hoody,X-Large,2
01HPYDXBATZ445NB81PKS74N79,11/24/2023,pbonifacebj@pagesperso-orange.fr,Piggy,Boniface,76 Prairieview Drive,Canada,Hat,Medium,1
01HPYDXBAWPVYZS8NXCXB6DSKE,8/28/2023,dfinnisbk@indiatimes.com,Diego,Finnis,95 Jenna Way,Argentina,Jacket,Large,2
01HPYDXBAXEVQTXVM2J08T259H,1/4/2023,froybl@t-online.de,Florella,Roy,7 Roxbury Alley,United States,Shorts,Large,3
01HPYDXBAYA5EZ451BQ9MBK2BK,6/6/2023,jsillbm@cornell.edu,Joshuah,Sill,550 Havey Drive,Canada,Sweater,Large,2
01HPYDXBB0M9ZGZCFQWTHWSK0W,7/25/2023,emckinnellbn@surveymonkey.com,Ericha,McKinnell,7254 Waubesa Crossing,Chile,Tshirt,X-Large,1
01HPYDXBBJ2Q8E47ZD56GRS7ZA,11/5/2023,dkindellbo@noaa.gov,Daffy,Kindell,2694 Logan Parkway,Peru,Tshirt,Medium,2
01HPYDXBBMJFAVTBG9V2ZTG5XT,4/17/2023,lbowmenbp@macromedia.com,Lorrayne,Bowmen,31498 Brentwood Drive,United States,Sweater,Medium,3
01HPYDXBBQH12GK4J1QNH1X660,12/24/2023,vbrettbq@friendfeed.com,Vanny,Brett,7051 Thompson Trail,United States,Sweater,Large,2
01HPYDXBBS5NTE6SRCP04RF0DN,5/8/2023,dmotebr@amazonaws.com,Danny,Mote,033 Shasta Crossing,Ireland,Hoody,XX-Large,3
01HPYDXBBT793X0F12H452Z3YZ,5/11/2023,astudholmebs@businesswire.com,Alphonso,Studholme,51 Westerfield Center,Brazil,Tshirt,Medium,1
01HPYDXBBVFT1Z0ZVNHGZXJK1A,10/4/2023,cpittwaybt@springer.com,Constantine,Pittway,66994 Prentice Pass,Argentina,Hat,Medium,4
01HPYDXBBWXCZATN9W6SR4B4DR,6/1/2023,wchatterisbu@rambler.ru,Worthy,Chatteris,8 Ruskin Lane,Peru,Tshirt,Medium,1
01HPYDXBBY25D1ETT1E24N8BPE,9/26/2023,ggirodbv@nih.gov,Glennis,Girod,02 Cherokee Court,Nigeria,Tshirt,Large,4
01HPYDXBBZVWT6PB5V06V2C1B5,11/3/2023,lhemmingwaybw@ask.com,Letizia,Hemmingway,85 Wayridge Way,Norway,Tshirt,Large,2
01HPYDXBC139AKXX21DC4YYJ9T,4/29/2023,mgeorgievbx@geocities.com,Maurie,Georgiev,24 Mandrake Drive,France,Sweater,Small,1
01HPYDXBC362HJD3AHMESFZ5R9,9/11/2023,ccaurahby@ted.com,Cassaundra,Caurah,3562 Cascade Court,Canada,Tshirt,Large,4
01HPYDXBC63GBYJXKG5APSZ7RC,9/8/2023,rnorthcliffebz@privacy.gov.au,Royall,Northcliffe,79915 Dayton Point,Peru,Scarf,XX-Large,1
01HPYDXBC8CMA30YJDA452347Y,11/19/2023,bromerilc0@friendfeed.com,Bonnee,Romeril,600 Buell Street,Brazil,Tshirt,Small,2
01HPYDXBCAEG98T699V93BYBHS,2/4/2023,dcurtaynec1@csmonitor.com,Damien,Curtayne,6054 Jana Crossing,Nigeria,Tshirt,XX-Large,3
01HPYDXBCDMTZ4SFJYC2D104B7,10/12/2023,jguirardinc2@networksolutions.com,Jesse,Guirardin,8 Mariners Cove Place,Sweden,Scarf,Small,4
01HPYDXBCF3T702Z7VKY5GGW09,3/29/2023,tbossonsc3@samsung.com,Tandi,Bossons,79 Pennsylvania Road,Sweden,Hoody,Large,3
01HPYDXBCHCWXFH2CQBV2J46EN,6/18/2023,tdrejerc4@accuweather.com,Trumann,Drejer,69571 Sundown Point,France,Shorts,Large,1
01HPYDXBCKXS79JZ1C2VMWM62N,6/1/2023,aivanilovc5@adobe.com,Ad,Ivanilov,5290 Eggendart Crossing,France,Tshirt,X-Large,3
01HPYDXBCNJR43PWR54X3M56VE,4/7/2023,ktschierschc6@skyrock.com,Karon,Tschiersch,6140 New Castle Junction,France,Hoody,XX-Large,1
01HPYDXBCR46W3GTJVTPBGGGHK,3/28/2023,nforkanc7@wikispaces.com,Normy,Forkan,7443 Westport Center,Brazil,Shorts,Large,2
01HPYDXBCSPVNW5MP6HZVH9FGB,6/12/2023,jhawkwoodc8@live.com,Jeremiah,Hawkwood,3 Schlimgen Place,France,Hoody,Medium,4
01HPYDXBCWMJPS6KTFMR37DXT0,1/14/2023,mmcpeicec9@goo.ne.jp,Maryrose,McPeice,676 Buena Vista Pass,Brazil,Scarf,Large,2
01HPYDXBCY487TKW6TZASM6T7W,8/14/2023,lrubertica@technorati.com,Louis,Ruberti,2 Mallard Hill,Germany,Sweater,Large,4
01HPYDXBD11AE1C0CDG9795NK2,4/3/2023,ppogosiancb@mapquest.com,Park,Pogosian,464 Badeau Place,Brazil,Jacket,Large,1
01HPYDXBD2CGH6YMYT8Z6YJ6T0,6/27/2023,jansticecc@examiner.com,Juliane,Anstice,0122 Quincy Center,Nigeria,Scarf,Large,2
01HPYDXBD4GTX1V2AEA81Z9DFD,1/3/2023,vlotecd@wikimedia.org,Vanda,Lote,19 Swallow Center,Brazil,Shorts,Large,4
01HPYDXBD71F8SKYXEMDKDB34E,12/30/2023,wmannace@state.tx.us,Web,Manna,775 Green Ridge Center,France,Scarf,Small,4
01HPYDXBDAN28N3JT7C7DKY195,2/10/2023,cmudlecf@ow.ly,Crichton,Mudle,05 Clove Plaza,Peru,Tshirt,Medium,1
01HPYDXBDC2QYDHB07NP0Z2EM4,5/21/2023,talvescg@comcast.net,Tandy,Alves,6331 8th Trail,France,Shorts,Medium,1
01HPYDXBDFRTYBKFZTHWVFR9DM,1/13/2023,bcolquitech@reuters.com,Brendin,Colquite,04258 Sutherland Park,Sweden,Hoody,Medium,3
01HPYDXBDJAT47TH9QYKTK6ECK,8/3/2023,mkneelandci@japanpost.jp,Merrill,Kneeland,80022 Tony Lane,Brazil,Scarf,Large,2
01HPYDXBDM738ZE4C3088FKE15,4/27/2023,lsaddlercj@yahoo.co.jp,Loralie,Saddler,707 Heath Place,Canada,Scarf,Large,2
01HPYDXBDQ6X0X5DJ69S6TZZMY,2/21/2023,rbernardeschick@csmonitor.com,Renee,Bernardeschi,697 Brown Lane,France,Sweater,Medium,4
01HPYDXBDSQPZ7GXV260Y7Q32J,2/25/2023,clunneycl@histats.com,Ceil,Lunney,52 Superior Alley,Argentina,Hat,Medium,2
01HPYDXBDV447VNEPFR2CFKAEJ,2/5/2023,tcomarcm@who.int,Thedric,Comar,56100 Moulton Circle,Brazil,Scarf,Medium,2
01HPYDXBDXV7NX43V0FF1DBVRZ,2/12/2023,hsouthwoodcn@photobucket.com,Harlen,Southwood,713 Starling Circle,Brazil,Scarf,Medium,1
01HPYDXBDZE59JG6TFDT90CKX8,9/5/2023,amasoco@businessinsider.com,Arley,Maso,019 Riverside Point,Brazil,Sweater,Large,4
01HPYDXBE25AY55X2H38AREZ0J,1/7/2023,ibadrockcp@google.ru,Innis,Badrock,13531 Veith Parkway,Brazil,Hoody,XX-Large,1
01HPYDXBE5MG5X83YYVCGDBFJV,2/6/2023,jclementetcq@nsw.gov.au,Julianne,Clementet,6009 Rieder Terrace,Brazil,Scarf,Large,2
01HPYDXBE7D6X0ECDZH7Q1GSKH,1/25/2023,nskeatscr@businesswire.com,Neal,Skeats,0527 Briar Crest Lane,Brazil,Shorts,Large,4
01HPYDXBEA4GCX6XEJE5KKA2AK,3/8/2023,mhargeriecs@adobe.com,Marlow,Hargerie,30 Lerdahl Place,Peru,Jacket,XX-Large,4
01HPYDXBECN0BK9X8Z16Z9ETQ8,9/29/2023,trigmandct@infoseek.co.jp,Trisha,Rigmand,3 Hansons Hill,Sweden,Jacket,XX-Large,4
01HPYDXBEF613JXB9CKZKXDAT5,11/16/2023,lsedmancu@blog.com,Lesley,Sedman,292 Green Way,Argentina,Shorts,Medium,3
01HPYDXBEHJTRFZWNH615FKPS4,2/10/2023,mcrowcv@xrea.com,Mufinella,Crow,69 5th Road,Canada,Hat,Medium,4
01HPYDXBEMT341B3HG01RH7A7F,1/10/2023,rmcgluecw@skyrock.com,Raul,McGlue,572 Johnson Point,Argentina,Hoody,Medium,2
01HPYDXBEQZF4GK29CK120R2A6,11/17/2023,aolivercx@deliciousdays.com,Andrey,Oliver,427 Lyons Way,Brazil,Shorts,X-Large,1
01HPYDXBES9940TZP49DHYZY7N,9/11/2023,bdrewettcy@ebay.com,Bambie,Drewett,85416 Daystar Trail,Argentina,Tshirt,Medium,4
01HPYDXBEV5H7EESPWZRVV1N1W,6/30/2023,croberticz@umich.edu,Charmane,Roberti,2226 Stone Corner Way,United States,Shorts,Large,1
01HPYDXBEX0SBNYF4M327CS0B8,7/9/2023,mgabbattd0@skyrock.com,Mortie,Gabbatt,4293 Thierer Pass,Brazil,Sweater,Large,3
01HPYDXBEZE0VMWGSQYHENCK4C,7/23/2023,ebosdetd1@google.com.br,Eric,Bosdet,257 Truax Terrace,Chile,Tshirt,Medium,3
01HPYDXBF1XKT3HETS4GGFH5AT,3/3/2023,pkirked2@answers.com,Pamella,Kirke,952 Doe Crossing Trail,Sweden,Shorts,Large,4
01HPYDXBF3K1D34JBHHJJWZ3AH,8/19/2023,eaddied3@wikispaces.com,Evin,Addie,87244 Eastlawn Avenue,Argentina,Scarf,Medium,3
01HPYDXBF5EB6H8BD4130EB1FP,9/23/2023,mpeeverd4@microsoft.com,Mei,Peever,959 Artisan Terrace,Brazil,Tshirt,Medium,3
01HPYDXBF6YHEF5W5GGAC2KV57,2/24/2023,hupwardd5@ustream.tv,Hymie,Upward,22 Fuller Way,Peru,Sweater,X-Large,4
01HPYDXBF9C5D46G3FQEA6B2DA,6/5/2023,gmarcamd6@businesswire.com,Guss,Marcam,56049 Cottonwood Avenue,Chile,Scarf,Large,3
01HPYDXBFBGSEGBATRA16T3WJA,8/6/2023,smaffettid7@hugedomains.com,Shell,Maffetti,2 Green Circle,Germany,Sweater,XX-Large,2
01HPYDXBFEX0NG6PHYEA5HWA8F,10/18/2023,bkeelinged8@lulu.com,Benedick,Keelinge,838 American Ash Hill,Sweden,Tshirt,Small,1
01HPYDXBFGC4KHGCBPSJYE1Z3X,9/26/2023,ochittimd9@friendfeed.com,Osborn,Chittim,491 Portage Alley,Brazil,Gloves,X-Large,4
01HPYDXBFKZATYN1VT8FVKWZSK,3/6/2023,bcridlanda@who.int,Bernard,Cridlan,6 Di Loreto Place,Uruguay,Tshirt,Medium,1
01HPYDXBFNQD7W9C2VZDN28TH6,10/8/2023,plongodb@cisco.com,Phyllys,Longo,8 Hudson Crossing,Brazil,Sweater,Medium,3
01HPYDXBFQJ59NECPCM3R10RQZ,12/15/2023,crainsdc@dagondesign.com,Charla,Rains,99 Holmberg Center,Canada,Tshirt,Medium,3
01HPYDXBFSMC3PKNMG4DEBRASR,8/28/2023,ktraysdd@homestead.com,Kesley,Trays,0 Warbler Avenue,France,Tshirt,Medium,4
01HPYDXBFTF72HZT7ESHR66WXB,7/25/2023,wsothernde@techcrunch.com,West,Sothern,767 Oriole Plaza,France,Tshirt,XX-Large,2
01HPYDXBFV4ZF0WEQD0DDJ2VD4,1/3/2023,dshortcliffedf@netscape.com,Denver,Shortcliffe,872 Dayton Street,United States,Hoody,Medium,2
01HPYDXBFXTWJ93BAX4GGSQAWY,11/8/2023,lkeareydg@photobucket.com,Lyle,Kearey,285 Hallows Road,Bosnia and Herzegovina,Jacket,Medium,4
01HPYDXBFYPDVHMFVFYW2G8MQS,4/30/2023,gocarrandh@constantcontact.com,Gwennie,O'Carran,776 North Drive,Nigeria,Sweater,Medium,4
01HPYDXBG15XEVH9Q6N6F2AKYG,5/14/2023,spatendi@weebly.com,Say,Paten,569 Rusk Avenue,Canada,Scarf,Medium,1
01HPYDXBG4S209271BMZGPX9TH,2/3/2023,sproudlovedj@opera.com,Sidonia,Proudlove,2583 Declaration Plaza,United Kingdom,Tshirt,Large,2
01HPYDXBG7P7P8AF5DYWS307KH,6/19/2023,wsmeatondk@businessweek.com,Waylan,Smeaton,2 Rusk Point,United States,Hat,Medium,1
01HPYDXBG9MFSBY7T5XJW75EX1,3/29/2023,dsellarsdl@php.net,Dorian,Sellars,74141 La Follette Hill,Sweden,Scarf,Large,1
01HPYDXBGBJEHZEE8H2GMD1854,9/25/2023,fbarczynskidm@nationalgeographic.com,Fidelio,Barczynski,6 Valley Edge Crossing,Brazil,Scarf,Small,4
01HPYDXBGD0ET9SH86S81QAWJM,8/4/2023,rcarndn@shareasale.com,Rochester,Carn,56 Village Way,Nigeria,Scarf,Small,3
01HPYDXBGG3Y3XJ65KZ9BM8JMH,10/14/2023,vdibdindo@pcworld.com,Virginia,Dibdin,03 Hazelcrest Junction,Nigeria,Hoody,XX-Large,4
01HPYDXBGJQGBDJKA36ZFA3M82,9/12/2023,mjowittdp@plala.or.jp,Morley,Jowitt,4220 Commercial Lane,Sweden,Tshirt,Large,4
01HPYDXBGNM3Z10TZ28W40S8QF,9/26/2023,cmothersoledq@npr.org,Charles,Mothersole,310 Texas Park,Brazil,Gloves,Large,2
01HPYDXBGQ2GFXKYNG0WG9X78C,11/21/2023,stubbsdr@disqus.com,Shina,Tubbs,7158 Bay Avenue,Norway,Tshirt,Large,1
01HPYDXBGTP8D90MMPHZFPMKHW,7/11/2023,jbatrickds@nydailynews.com,Jack,Batrick,8717 Delaware Avenue,Brazil,Hoody,Small,1
01HPYDXBGWAHPFAHRW0CVXHB9W,12/17/2023,nhovydt@theguardian.com,Nanine,Hovy,985 Heffernan Avenue,Brazil,Shorts,Small,3
01HPYDXBGYG3VJTN6X4QH6SH96,11/3/2023,hlunddu@arizona.edu,Humphrey,Lund,162 Killdeer Pass,Bosnia and Herzegovina,Tshirt,Medium,4
01HPYDXBH0R642FP20H288X8BV,5/13/2023,rcabraldv@uol.com.br,Rochette,Cabral,129 Luster Plaza,Australia,Sweater,Small,4
01HPYDXBH3AYC5E3K6V10X3XHQ,3/22/2023,sodoireidhdw@ted.com,Sella,O'Doireidh,3 Schiller Trail,Peru,Tshirt,Medium,4
01HPYDXBH5205RYB6019V44YVS,10/16/2023,dpyrtondx@amazon.co.uk,Dianemarie,Pyrton,00523 Becker Hill,Canada,Tshirt,Medium,3
01HPYDXBH7G9RPGDFMX0CHWRPS,9/17/2023,mrenshelldy@unicef.org,Mareah,Renshell,497 Ludington Way,Sweden,Tshirt,Large,3
01HPYDXBH8Y3G2NM0KG38FR5XS,10/9/2023,ewoollacottdz@cbc.ca,Edsel,Woollacott,8 8th Place,United States,Hat,Medium,1
01HPYDXBHA9DDG0ZA4WB7TVC6Z,3/29/2023,aiuorioe0@moonfruit.com,Agnola,Iuorio,68857 East Place,United States,Tshirt,Medium,3
01HPYDXBHCX6AA6MAEWTCRK4CD,4/25/2023,wmannooche1@webs.com,Willetta,Mannooch,6 Dennis Court,Nigeria,Hoody,Large,1
01HPYDXBHEJBRQT69QS25QA67R,12/8/2023,hshergille2@wordpress.com,Hedda,Shergill,2 Kenwood Circle,Canada,Tshirt,Large,2
01HPYDXBHGXCGE334WC5MC4XWK,6/15/2023,agogine3@twitpic.com,Antonella,Gogin,1114 Prairie Rose Lane,Sweden,Hoody,Medium,2
01HPYDXBHHPPSKN6QK1N951HRE,3/27/2023,blugsdine4@jalbum.net,Burgess,Lugsdin,50130 Pepper Wood Court,France,Hoody,Medium,1
01HPYDXBHKA1M3SH617Z9KMBJ4,11/8/2023,obardelle5@surveymonkey.com,Otes,Bardell,99648 Burning Wood Hill,France,Jacket,Large,2
01HPYDXBHMNW4S789VNZ8F020W,9/5/2023,tpincke6@wp.com,Tandy,Pinck,09 Mayer Way,Canada,Jacket,Medium,4
01HPYDXBHQA54X7Y2QQ7A9N6VG,2/25/2023,sskamelle7@lycos.com,Sherwin,Skamell,00325 Gateway Way,Peru,Shorts,Large,2
01HPYDXBHRQYPED5H339ZNPXDT,11/4/2023,cdawe8@facebook.com,Corrina,Daw,2334 Haas Circle,Argentina,Tshirt,Medium,3
01HPYDXBHTAM81MWXEF3V0XHD3,4/21/2023,mbessente9@who.int,Marlo,Bessent,09460 Starling Center,Brazil,Sweater,Medium,1
01HPYDXBHXCS39R33KFWDS76X4,11/29/2023,rleismanea@amazon.de,Rutherford,Leisman,489 American Crossing,Argentina,Tshirt,Large,2
01HPYDXBHZX6PVWFP1KS75DA4D,4/27/2023,sdunthorneb@hostgator.com,Shirline,Dunthorn,840 Birchwood Lane,Sweden,Sweater,Medium,4
01HPYDXBJ1XJ91QVJXFQDS7VEF,6/23/2023,cceciec@google.co.uk,Clary,Ceci,06 Mitchell Terrace,Brazil,Shorts,XX-Large,1
01HPYDXBJ4T8K5ABCW5QBQ5CT5,10/11/2023,redwicked@example.com,Roanna,Edwick,2791 Center Drive,Argentina,Hoody,Large,4
01HPYDXBJJP3AXFCTRCDQ4MY4Y,9/23/2023,cbordmanee@umich.edu,Charmion,Bordman,3623 Utah Point,France,Tshirt,Medium,3
01HPYDXBJMB739MDM6C6SEC6FA,10/9/2023,rshukeref@indiatimes.com,Romola,Shuker,365 Helena Way,France,Hoody,Medium,2
01HPYDXBJPPDYB15MW12NGQX4F,1/1/2023,rnewborneg@youtube.com,Rosco,Newborn,416 Warrior Circle,France,Tshirt,Large,1
01HPYDXBJR1YZ0RN6R62HK68DP,9/9/2023,rtattersilleh@salon.com,Roxine,Tattersill,461 Walton Way,Brazil,Hoody,Medium,1
01HPYDXBJT52E3BKHSBBWJMJWZ,5/15/2023,acoburnei@nytimes.com,Annabal,Coburn,5590 Del Mar Road,United States,Tshirt,Large,1
01HPYDXBJVZQ45212YS46YD4T3,5/10/2023,oreapej@umich.edu,Osborne,Reap,566 Pennsylvania Terrace,United States,Hoody,Large,2
01HPYDXBJWTT1PTBJ5M35M5YK5,8/19/2023,ssabatiek@boston.com,Sue,Sabati,8080 Crownhardt Center,Nigeria,Tshirt,Large,4
01HPYDXBJYBCEYKKBWQ1GB55QF,11/11/2023,jglasbeyel@sakura.ne.jp,Jenelle,Glasbey,570 David Drive,Brazil,Tshirt,XX-Large,1
01HPYDXBK0FY0ZRSWFTEFG0VBE,10/6/2023,dhekem@mysql.com,Dedie,Hek,28973 Sutteridge Drive,France,Scarf,Medium,2
01HPYDXBK225V0YP0VSTARR2ZR,3/24/2023,oincognaen@feedburner.com,Olenka,Incogna,20 Gina Court,France,Tshirt,Medium,1
01HPYDXBK4WRGH08ZNGA9SB09R,6/5/2023,ihearseyeo@tuttocitta.it,Ignacio,Hearsey,2 Colorado Parkway,Sweden,Scarf,Small,2
01HPYDXBK5TEN3QJBVZTHYD5NQ,2/24/2023,temlenep@nhs.uk,Tonia,Emlen,6 Hoard Plaza,France,Shorts,Small,2
01HPYDXBK7D5ZNC7C591J4Y6PW,3/3/2023,zfilyaeveq@privacy.gov.au,Zorah,Filyaev,7293 Sundown Hill,Sweden,Tshirt,Medium,4
01HPYDXBK9BCT7NPDXWAKMGATK,3/4/2023,hsizlander@bbb.org,Helene,Sizland,84 Glacier Hill Junction,Peru,Tshirt,XX-Large,4
01HPYDXBKBV166QNWTEVBWADVK,6/2/2023,rcarases@cornell.edu,Rosalind,Caras,0 4th Way,Brazil,Sweater,Small,4
01HPYDXBKDQRTNXNT2PGMFG8PE,1/22/2023,agillbardet@fc2.com,Ardath,Gillbard,85 Weeping Birch Road,Brazil,Hoody,Medium,1
01HPYDXBKG6QA95BNZYGNKPNJK,6/1/2023,rsnowlingeu@archive.org,Remy,Snowling,8 Mallory Lane,Sweden,Gloves,XX-Large,1
01HPYDXBKKTS1A0FZ147RCTFCC,7/11/2023,wsartonev@dion.ne.jp,Wade,Sarton,866 Graceland Place,France,Gloves,Large,1
01HPYDXBKNSKGP90QFJHWM0Y37,8/13/2023,lwhalesew@odnoklassniki.ru,Lynde,Whales,55 Norway Maple Center,Argentina,Shorts,Medium,3
01HPYDXBKQENBJZ7HRDC7ZHSS6,7/22/2023,lswetmoreex@spiegel.de,Lorianne,Swetmore,8478 Thackeray Hill,France,Hoody,Medium,1
01HPYDXBKRXV0QYRNNMARDXA07,4/25/2023,wblinckoey@xing.com,Wade,Blincko,2609 Village Green Hill,Argentina,Tshirt,Medium,2
01HPYDXBKTX29V7SBGMXJDKBKQ,9/4/2023,dmurgatroydez@bigcartel.com,Dare,Murgatroyd,325 Merchant Trail,Argentina,Hoody,Large,2
01HPYDXBKVG4Z9DNNPKK5SCJ21,1/13/2023,ghexhamf0@gov.uk,Granthem,Hexham,1 Del Sol Junction,Peru,Sweater,Medium,3
01HPYDXBKXJPR1A29JC36XDEXD,11/17/2023,hickowicsf1@prlog.org,Hugo,Ickowics,77 Almo Road,Canada,Sweater,X-Large,2
01HPYDXBKY4NNSG6PPEAAHN7SM,4/30/2023,cstickfordf2@t-online.de,Carolee,Stickford,60282 Cottonwood Junction,Brazil,Tshirt,Medium,2
01HPYDXBM04C08CRY40TZRZE8T,2/3/2023,mharstonf3@com.com,Michel,Harston,13 Meadow Valley Alley,France,Hoody,XX-Large,1
01HPYDXBM2W6EFS3RW1NQYCVQM,3/3/2023,pharrissonf4@vkontakte.ru,Parry,Harrisson,652 Bayside Street,Uganda,Shorts,Small,3
01HPYDXBM3RGTZ4QHA085EKHND,4/4/2023,acrathornef5@mac.com,Alayne,Crathorne,983 Canary Court,Canada,Hoody,Large,4
01HPYDXBM4224HXCBAVWPK4SCN,3/4/2023,rghidellif6@miibeian.gov.cn,Roderigo,Ghidelli,8566 Park Meadow Street,Sweden,Sweater,Medium,2
01HPYDXBM69MRMZBZFHQJKP3D5,3/18/2023,dbuttrickf7@umich.edu,Drake,Buttrick,14 Spaight Way,Canada,Tshirt,XX-Large,4
01HPYDXBM78D7QHVBVN2RGC9HY,2/5/2023,bbawcockf8@ox.ac.uk,Buiron,Bawcock,2496 Dixon Drive,France,Hoody,X-Large,3
01HPYDXBM8JJTM90JDGDTSTB5G,8/20/2023,rfowlesf9@abc.net.au,Ricoriki,Fowles,0103 Pierstorff Point,Brazil,Jacket,Large,4
01HPYDXBMAQ2KXEKRX7AXR0NW8,10/30/2023,kpatesfa@yahoo.co.jp,Karlis,Pates,1 Westridge Terrace,Canada,Hoody,Small,4
01HPYDXBMB6N87GQQD7EV4S5MK,12/18/2023,lillesfb@wp.com,Lorrie,Illes,41 Dunning Point,Brazil,Sweater,Medium,4
01HPYDXBMCPKFWZKA5R6C9NH0B,3/4/2023,bberringerfc@prnewswire.com,Berny,Berringer,7 Badeau Crossing,Canada,Tshirt,Medium,2
01HPYDXBME6VN3048Z5GR87YC9,8/6/2023,ltaylersonfd@nsw.gov.au,Lida,Taylerson,6108 Hintze Park,France,Tshirt,Large,4
01HPYDXBMFEDB7SHXGFK3VC8ZF,11/7/2023,ashanksterfe@ucsd.edu,Aldin,Shankster,38327 Maywood Circle,Sweden,Tshirt,Medium,3
01HPYDXBMGKPYQTBR4RE8V8H3T,3/17/2023,emalyff@admin.ch,Ertha,Maly,05 Oakridge Road,Sweden,Tshirt,Medium,4
01HPYDXBMJHTQAD859ZHZPWMAP,7/26/2023,dcrossleyfg@blogs.com,Daren,Crossley,79041 Superior Point,Sweden,Shorts,Medium,3
01HPYDXBMMFB5P6DV1Q664AD7E,1/31/2023,bfaiersfh@senate.gov,Becki,Faiers,9 Hovde Avenue,Sweden,Scarf,Medium,1
01HPYDXBMN1EKZH9V6PA4QJSP9,6/24/2023,rclaybournfi@cloudflare.com,Rosemonde,Claybourn,3 Vera Lane,Sweden,Sweater,X-Large,4
01HPYDXBMPR3DSHWP4KZXDD8N0,4/21/2023,ttabrettfj@home.pl,Trina,Tabrett,89154 Springview Way,United States,Shorts,XX-Large,2
01HPYDXBMQHCHBBVTMJPR28P00,5/12/2023,tmacallisterfk@marketwatch.com,Tally,MacAllister,5694 Hazelcrest Hill,France,Hat,XX-Large,2
01HPYDXBMS88N4H1AHASVJ6STF,1/23/2023,athompsettfl@altervista.org,Ariadne,Thompsett,833 American Ash Hill,Brazil,Shorts,Small,4
01HPYDXBMTGBWQX9DJ8V54KY86,6/21/2023,harbonfm@twitpic.com,Hunt,Arbon,342 Crest Line Center,Sweden,Scarf,Large,3
01HPYDXBMX1QNDYRH14GM1DBRH,8/17/2023,rvanyukovfn@icq.com,Ralina,Vanyukov,05 Fremont Park,France,Tshirt,X-Large,3
01HPYDXBN0CJE0JQD5JVSDXVBJ,10/15/2023,ctroddfo@amazonaws.com,Claudian,Trodd,18490 Mallory Park,France,Gloves,X-Large,1
01HPYDXBN3522GF9HSH0CV93X4,6/21/2023,jbulwardfp@google.de,Jsandye,Bulward,45 Grim Avenue,United States,Tshirt,Medium,1
01HPYDXBN6ABYMFR5ZZGRZMR33,7/21/2023,mscaicefq@dion.ne.jp,Marmaduke,Scaice,0233 Barnett Crossing,Norway,Hoody,Medium,1
01HPYDXBN9ET4H6ZMQYPBMDF96,6/1/2023,mespinozafr@forbes.com,Marcille,Espinoza,2 Dwight Parkway,United States,Hoody,XX-Large,4
01HPYDXBNBTT3GHMPFGCV05RC4,11/23/2023,mbolderstonefs@sciencedaily.com,Maressa,Bolderstone,15436 Moland Street,Peru,Tshirt,XX-Large,1
01HPYDXBNE72375TF6KBS611S7,4/7/2023,nprewft@dyndns.org,Nell,Prew,5 Schmedeman Place,Peru,Sweater,Medium,2
01HPYDXBNHFJZ9X0HPS572SNXB,11/3/2023,mdolligonfu@linkedin.com,Malena,Dolligon,6 Hoepker Parkway,United States,Sweater,Medium,2
01HPYDXBNMQJ0X535QWWVE0DA2,4/7/2023,dfinlayfv@google.nl,Deanna,Finlay,78 Basil Road,France,Gloves,Medium,1
01HPYDXBNQTRW18AP9H08XPJ22,2/5/2023,nhockingfw@shinystat.com,Natalya,Hocking,7997 Montana Court,Brazil,Tshirt,Large,3
01HPYDXBNSJR5WN4BSJKY4APK7,3/10/2023,lchownfx@netscape.com,Lauree,Chown,683 Arizona Drive,France,Scarf,X-Large,1
01HPYDXBNV9R7DCXH6TGGGEAPN,4/2/2023,jcaddingfy@ibm.com,Judy,Cadding,529 Almo Place,Brazil,Hat,Large,2
01HPYDXBNWF0XP29BCSDQ2FMD7,1/7/2023,dmilkinsfz@tripadvisor.com,Delmer,Milkins,04 Browning Junction,United States,Scarf,XX-Large,4
01HPYDXBNXDD05PYN6ZATEXGAZ,7/17/2023,hmaciag0@imgur.com,Harp,Macia,71936 Portage Crossing,Sweden,Sweater,Medium,4
01HPYDXBNZYDE0E7RE6BKMAAH5,1/17/2023,screaneyg1@ebay.com,Sayres,Creaney,6 Victoria Center,Norway,Tshirt,Medium,1
01HPYDXBP194W6HZKFG6BC46V5,7/14/2023,aacockg2@aboutads.info,Alejandro,Acock,5 Dapin Road,Brazil,Hat,Small,2
01HPYDXBP4SQ66YSY60286NSHF,6/30/2023,eboarg3@aol.com,Ellyn,Boar,81 Jenifer Place,United States,Tshirt,Medium,1
01HPYDXBP6CGP1VJBXA34F1VTA,5/16/2023,swarnockg4@ning.com,Sigismundo,Warnock,339 Cordelia Point,Sweden,Jacket,XX-Large,4
01HPYDXBP9QDN20PYDTA0D997X,1/10/2023,hgalerog5@whitehouse.gov,Happy,Galero,61 Utah Plaza,France,Shorts,Medium,1
01HPYDXBPBP0B88BEFSREYFR28,8/21/2023,kingarfillg6@bloglines.com,Karney,Ingarfill,7 Clyde Gallagher Junction,France,Tshirt,XX-Large,3
01HPYDXBPE55GB4ER58V8EMDHB,9/1/2023,rdunridgeg7@pbs.org,Randie,Dunridge,6 Ridgeway Pass,Nigeria,Hoody,XX-Large,1
01HPYDXBPH16VV5KZH8A4Y8YT5,12/1/2023,bfellgattg8@technorati.com,Bord,Fellgatt,52896 Roth Plaza,France,Tshirt,Medium,4
01HPYDXBPKSRKDRG758JG3QH8P,2/12/2023,rmcclaryg9@constantcontact.com,Romonda,McClary,632 Onsgard Way,Ireland,Tshirt,X-Large,3
01HPYDXBPPD8V48RTQA2E419F6,1/27/2023,pbonfieldga@bbc.co.uk,Paolina,Bonfield,7 Maple Street,United States,Scarf,Large,3
01HPYDXBPSJRP9CKWVD0AQA61N,10/28/2023,ddrovergb@umich.edu,Dennison,Drover,6 Lindbergh Drive,Argentina,Hoody,Large,2
01HPYDXBPW4XS7FVF97T3JE909,5/26/2023,hmacgowangc@irs.gov,Harmonie,MacGowan,1743 Schlimgen Hill,France,Scarf,Large,3
01HPYDXBPZBJVR6PT6M1MBWKA7,4/21/2023,cpearsallgd@berkeley.edu,Chance,Pearsall,2185 Tomscot Terrace,Ireland,Hat,Large,3
01HPYDXBQ2VWDN9PX1A08CHEH5,7/12/2023,bperezge@ucla.edu,Ber,Perez,41 Forest Run Junction,Peru,Jacket,Large,3
01HPYDXBQ5M9KNNVACZHEE9YQJ,10/2/2023,tpeetergf@feedburner.com,Tildie,Peeter,22 Dorton Center,Sweden,Tshirt,X-Large,2
01HPYDXBQ8E76Z75JHCZETQN03,3/10/2023,troglierigg@ustream.tv,Theresa,Roglieri,33247 Moulton Trail,United States,Tshirt,Medium,3
01HPYDXBQB53T8HF87W1EAGBMX,9/1/2023,mburygh@thetimes.co.uk,Milly,Bury,1835 Nova Point,Uruguay,Scarf,Medium,1
01HPYDXBQDKZDBBPZNVV169PD5,9/12/2023,acaselygi@altervista.org,Aurelea,Casely,7325 Spenser Road,Peru,Sweater,X-Large,3
01HPYDXBQEQYVCYS9BPVFNXEXE,4/1/2023,kmackimmgj@rambler.ru,Klara,MacKimm,68655 Morningstar Pass,United States,Sweater,X-Large,2
01HPYDXBQGNZ6VFBB3M2HR11PX,3/21/2023,eyezafovichgk@gov.uk,Egon,Yezafovich,05 Rutledge Place,Brazil,Jacket,XX-Large,3
01HPYDXBQJBSW6AMW8EXWFAGDF,7/19/2023,jsiggerygl@seattletimes.com,Jermayne,Siggery,8 Shoshone Trail,Norway,Hat,XX-Large,1
01HPYDXBQNXJS43MMHDPZS54RD,2/26/2023,sdeverilgm@reverbnation.com,Shandy,Deveril,99 Hansons Road,Canada,Sweater,Medium,1
01HPYDXBQRCY9G8Z3RM0EEKJAE,3/20/2023,yshingfieldgn@simplemachines.org,Yves,Shingfield,3 Reindahl Way,Brazil,Shorts,Large,1
01HPYDXBQV44P98Q46WCQ4PQG4,7/10/2023,tnarego@purevolume.com,Teodoor,Nare,32886 Fair Oaks Alley,Sweden,Sweater,Small,4
01HPYDXBQY13PST92WRC1T674S,6/23/2023,vemanuelegp@barnesandnoble.com,Von,Emanuele,924 Claremont Pass,Sweden,Sweater,Medium,2
01HPYDXBR1YX17EABPBF84016G,4/22/2023,aellingworthgq@businessinsider.com,Arnold,Ellingworth,7 Main Lane,France,Tshirt,Medium,4
01HPYDXBR4TCPE5JQMZCZ5R3GP,11/12/2023,cleirmonthgr@usa.gov,Corrina,Leirmonth,54 Florence Parkway,Sweden,Hoody,Medium,2
01HPYDXBR661TXHR31FAP8908T,12/24/2023,csikorskigs@domainmarket.com,Clemmy,Sikorski,83026 Rieder Plaza,United States,Shorts,Small,4
01HPYDXBR7FFF56C5CJSB56KYX,7/14/2023,ibeiggt@state.tx.us,Izaak,Beig,76 Armistice Parkway,United States,Tshirt,Medium,1
01HPYDXBR81DZNHKJGPEXFAWK2,6/16/2023,mwillingamgu@imgur.com,Mirabella,Willingam,8 La Follette Place,Nigeria,Tshirt,Large,4
01HPYDXBRAGXMYX88N5YQS8M4R,1/26/2023,kmattussevichgv@usda.gov,Kimberli,Mattussevich,0 Packers Circle,United States,Tshirt,Large,2
01HPYDXBRBREWGYWX5CE159CQF,9/15/2023,lizkovitzgw@dailymotion.com,Loy,Izkovitz,514 Sunfield Alley,United States,Shorts,Medium,1
01HPYDXBRD1VQMFR99269TQ9TR,11/4/2023,mwisongx@tmall.com,Meggi,Wison,97361 Hoard Center,Canada,Gloves,Medium,3
01HPYDXBRFZE0EQYTK2XNK2XBB,12/27/2023,mbrownceygy@disqus.com,Minne,Browncey,42090 Sheridan Crossing,Peru,Hoody,Medium,1
01HPYDXBRJMMQC6E59CDTGRZ8W,1/24/2023,eyeudallgz@ocn.ne.jp,Emmett,Yeudall,825 Birchwood Pass,Sweden,Tshirt,Medium,1
01HPYDXBRN5BZT35DVZF1E326M,3/9/2023,esenth0@macromedia.com,Efren,Sent,407 Badeau Point,Brazil,Tshirt,Large,3
01HPYDXBRP0RN2VR1A91E05EPG,3/6/2023,rjalesh1@sourceforge.net,Rhodia,Jales,594 Shasta Center,Brazil,Hoody,Large,1
01HPYDXBRR0MAP38PTCZPCHFPP,11/30/2023,hstollih2@paginegialle.it,Henrie,Stolli,06 Redwing Crossing,France,Tshirt,Large,4
01HPYDXBRW8G84FJF5GJHQYTF6,2/16/2023,abartolozzih3@instagram.com,Agnes,Bartolozzi,70830 Stang Road,France,Sweater,XX-Large,1
01HPYDXBRYXRB4S853X7EE01KC,2/16/2023,bdiemh4@lulu.com,Bobbee,Diem,40 Harbort Lane,Brazil,Shorts,Medium,2
01HPYDXBS1K8S8DADJGMM88V3S,9/1/2023,emaush5@cdc.gov,Elbertine,Maus,010 Pine View Plaza,Norway,Shorts,Medium,3
01HPYDXBS49D29Q93TVN4XKYKY,1/14/2023,jgarthsideh6@shop-pro.jp,Jaquenetta,Garthside,457 Blaine Crossing,Brazil,Jacket,XX-Large,4
01HPYDXBS7KRXNA2894FHQ211G,2/16/2023,pshropsheirh7@harvard.edu,Papagena,Shropsheir,98 2nd Park,Argentina,Tshirt,Medium,2
01HPYDXBSA1GQ8A6NBKJRCPKKZ,7/19/2023,mcaswillh8@independent.co.uk,Marwin,Caswill,67296 Oak Road,Peru,Sweater,Small,3
01HPYDXBSDYDQ52BFBT04JFCF4,3/23/2023,kjalesh9@china.com.cn,Kip,Jales,75 Independence Avenue,Brazil,Sweater,Large,1
01HPYDXBSGYDW3TKXQMM14X8VY,8/3/2023,lcoakleyha@nasa.gov,Lewie,Coakley,99 Anderson Hill,Brazil,Tshirt,Medium,2
01HPYDXBSHE0TBF5NVA9JECAWD,11/8/2023,sgallafanthb@wikimedia.org,Sheelagh,Gallafant,027 Morning Court,Ireland,Hoody,Medium,4
01HPYDXBSKR6RE71NAXHFGWWXE,3/16/2023,fdominicohc@wunderground.com,Filippa,Dominico,7058 6th Trail,France,Hoody,Medium,3
01HPYDXBSMMJS49KVJ5DZEZHM4,1/5/2023,sdunnethd@sun.com,Sigfried,Dunnet,3057 Sunfield Pass,Italy,Hoody,Medium,2
01HPYDXBSPSD2PNSD3ACSAP5XF,4/19/2023,mleyburnhe@mozilla.org,Maynord,Leyburn,2879 Namekagon Way,Argentina,Hoody,Medium,4
01HPYDXBSQ9CW6WJTJ3E03F6FS,2/19/2023,jlarnerhf@fc2.com,Johannah,Larner,0 Bluestem Street,France,Shorts,Small,4
01HPYDXBSRZ5FM8W47TPSEB528,11/14/2023,jflancinbaumhg@qq.com,Joycelin,Flancinbaum,081 Sommers Trail,France,Hoody,Large,4
01HPYDXBSTVEREJWNKJWGSM02V,9/30/2023,bmellmothhh@npr.org,Barnett,Mellmoth,5 Marcy Center,Canada,Sweater,XX-Large,2
01HPYDXBSWVX4474JM1S9WAC19,11/18/2023,shubanehi@nytimes.com,Sib,Hubane,73694 Marcy Alley,Norway,Tshirt,Large,1
01HPYDXBSXV9BZQ5GW749Q1M9N,7/3/2023,eabbotshj@sina.com.cn,Evelyn,Abbots,5152 Southridge Junction,Sweden,Scarf,Medium,4
01HPYDXBSYZF6QBPX9FRK7F9W3,2/22/2023,waxellhk@twitpic.com,Willie,Axell,0003 Sauthoff Avenue,Peru,Hoody,Medium,1
01HPYDXBT0QXMM94M57DEEB6CN,8/6/2023,rarpehl@w3.org,Rebekah,Arpe,69 Bartillon Junction,Argentina,Hoody,Medium,3
01HPYDXBT1V8RGK13ZR7B8E8R8,9/25/2023,clangfathm@vinaora.com,Cozmo,Langfat,60 Maple Wood Crossing,Brazil,Tshirt,X-Large,4
01HPYDXBT25Y3ZTK1ZVSCNZMKG,12/2/2023,mgerltshn@nhs.uk,Maxwell,Gerlts,9218 Towne Street,United States,Tshirt,X-Large,3
01HPYDXBT5CQ8EJMMBPSXDRG4K,1/8/2023,mjeppensenho@woothemes.com,Martica,Jeppensen,9 Vidon Park,Brazil,Tshirt,Small,3
01HPYDXBT6NGQ47X0TFTH0BC9H,10/11/2023,svargahp@tinyurl.com,Stanley,Varga,2730 Riverside Crossing,Sweden,Hoody,Small,2
01HPYDXBT8XJPDSREC6THHB8B1,11/4/2023,ccairdhq@skyrock.com,Calhoun,Caird,64890 Drewry Park,Sweden,Shorts,Medium,3
01HPYDXBTA2A6ZCD1V53GM3RRW,1/15/2023,fhellinghr@intel.com,Fred,Helling,71 Dunning Pass,Peru,Hat,Medium,4
01HPYDXBTD7WHWZD993BBAVNFR,6/3/2023,vrisebarerhs@ibm.com,Verena,Risebarer,67204 Hooker Circle,Sweden,Shorts,Large,2
01HPYDXBTFTVETH1FQ46KHYNKE,10/3/2023,idoodyht@dyndns.org,Idalia,Doody,7865 Homewood Parkway,United States,Sweater,Large,2
01HPYDXBTHXJFM3J8Q50PG8GF7,10/8/2023,jstraingehu@upenn.edu,Jere,Strainge,8 Graceland Court,France,Tshirt,Medium,3
01HPYDXBTK6RXHGPHFY6G1KZMY,10/15/2023,rgomeshv@webeden.co.uk,Rowen,Gomes,9 Roxbury Drive,France,Tshirt,Medium,1
01HPYDXBTNT5V486VJJW1BFGQW,7/2/2023,mgrishkovhw@issuu.com,Martha,Grishkov,93 Shopko Hill,Sweden,Scarf,Medium,2
01HPYDXBTR4GGNJFJSEEFY3HMF,2/2/2023,hpierpointhx@dell.com,Harlen,Pierpoint,06808 Elka Circle,Nigeria,Jacket,Medium,1
01HPYDXBTTFVGA0CG480K16GHY,12/30/2023,lsedgemanhy@gnu.org,Lexy,Sedgeman,3098 American Center,United Kingdom,Hat,Medium,1
01HPYDXBTVH6MNPKFNW70ZG7ZD,6/16/2023,atorrihz@techcrunch.com,Alexandr,Torri,0186 Mcguire Lane,Bosnia and Herzegovina,Tshirt,Small,3
01HPYDXBTYQRRDZ5Y3R7TK66KG,6/26/2023,ksherwyni0@walmart.com,Klaus,Sherwyn,522 Loftsgordon Park,Argentina,Tshirt,Small,2
01HPYDXBV04XMPVTJBMB5DNH40,2/14/2023,kfotheringhami1@digg.com,Kerby,Fotheringham,74 Mallard Junction,France,Hoody,Large,1
01HPYDXBV1QF86XJ264JVKFNBX,10/21/2023,llammertzi2@ehow.com,Loren,Lammertz,80400 4th Park,Argentina,Scarf,Medium,2
01HPYDXBV2FEC9SK9T7DA4SAAN,5/27/2023,ftelezhkini3@opensource.org,Franni,Telezhkin,0 Almo Terrace,France,Hat,Large,4
01HPYDXBV3HZCCRCCPX2D551G4,1/8/2023,gfrapwelli4@51.la,Gardie,Frapwell,03575 Scoville Junction,Canada,Hat,Medium,4
01HPYDXBV5PAN7H825QZ227RKP,9/12/2023,crubegai5@themeforest.net,Conant,Rubega,666 8th Alley,Spain,Hoody,Large,1
01HPYDXBV7P0ZB6JE105E863K0,9/28/2023,cgrievesoni6@issuu.com,Carmella,Grieveson,4 Lyons Drive,France,Shorts,Medium,3
01HPYDXBV9V7YVTMYK11QC5HFC,8/15/2023,athurlbecki7@pbs.org,Angie,Thurlbeck,0915 Redwing Pass,Brazil,Jacket,Large,3
01HPYDXBVB4W28KYHGKEBM39X1,11/11/2023,mbrownceyi8@hubpages.com,Mickey,Browncey,2 Nevada Avenue,Argentina,Tshirt,Large,1
01HPYDXBVC4Z8P0MKNAN3JKVXS,6/12/2023,loverili9@telegraph.co.uk,Lynn,Overil,56062 Hanson Lane,Canada,Scarf,Large,4
01HPYDXBVE76X9A1A5M48FGA1V,12/24/2023,dkondratenyaia@yellowpages.com,Devora,Kondratenya,299 Scofield Alley,United States,Tshirt,XX-Large,4
01HPYDXBVF1T8SYVP7S5618DNM,7/30/2023,jpynerib@weather.com,Jemie,Pyner,13 Green Plaza,Canada,Hoody,Large,1
01HPYDXBVGEBK9H142KWKH2N6T,6/10/2023,gflyeic@time.com,Glenn,Flye,73795 Monterey Plaza,Nigeria,Gloves,Large,1
01HPYDXBVK7CBHJG36R1FWRQ77,1/18/2023,dbyssheid@weebly.com,Doug,Bysshe,7534 Delladonna Center,Brazil,Shorts,Large,3
01HPYDXBVNX7R6SM601NM860S8,3/8/2023,wdunphyie@un.org,Willem,Dunphy,447 Farragut Circle,Sweden,Hoody,X-Large,3
01HPYDXBVP45KP2Z5825ATWD5X,2/9/2023,rlonghorneif@cornell.edu,Ramonda,Longhorne,6 Messerschmidt Way,Canada,Hoody,Medium,3
01HPYDXBVR174RS9GY3ENWQ95S,9/9/2023,sdudleyig@youtu.be,Sawyere,Dudley,89 Cambridge Alley,Chile,Scarf,X-Large,1
01HPYDXBVT4J5XQ8A0GA8YC7MX,12/5/2023,cbritianih@jimdo.com,Carlita,Britian,6782 Dovetail Alley,Brazil,Sweater,Large,1
01HPYDXBVWPHSAQ8YYFNM3TJ3K,9/16/2023,fgannawayii@businesswire.com,Freeland,Gannaway,329 Stone Corner Park,Brazil,Scarf,Small,1
01HPYDXBVYWYS6NX63HG3NNZN4,1/18/2023,jshaveij@harvard.edu,Janean,Shave,66 Esch Point,Brazil,Hat,Large,4
01HPYDXBW0KRE92DVYVJXKFQK8,6/30/2023,rweissik@desdev.cn,Roosevelt,Weiss,657 Magdeline Avenue,Canada,Sweater,Medium,1
01HPYDXBW3SG4EX8QPP3G1DV1D,11/2/2023,fbangiardil@accuweather.com,Ferdinand,Bangiard,9 Surrey Crossing,Brazil,Scarf,Large,4
01HPYDXBW555M5BCXQ4C3F4299,1/29/2023,amaylourim@opensource.org,Albrecht,Maylour,1902 Artisan Point,Brazil,Sweater,Medium,4
01HPYDXBW70BGYMA1F5KSXAPQM,11/17/2023,mfloresin@wufoo.com,Mordecai,Flores,64 Dorton Hill,Argentina,Sweater,Medium,3
01HPYDXBWAJS5QCDFWAHXJRZTX,8/5/2023,mcarloniio@sbwire.com,Morton,Carloni,05567 Lien Avenue,United States,Hoody,Medium,2
01HPYDXBWCTX9SGT9V4W78GNZD,3/16/2023,jschimankip@google.co.uk,Jordanna,Schimank,85 Ilene Trail,France,Jacket,Large,1
01HPYDXBWD2PDVWQ3GDK7P7JN4,2/22/2023,tmizziiq@discovery.com,Tabbitha,Mizzi,2902 Sycamore Hill,Brazil,Scarf,Large,2
01HPYDXBWF8K0TPMN5E7HYCPRC,6/17/2023,dpitwayir@opera.com,Dale,Pitway,34398 Elgar Junction,France,Hat,Large,3
01HPYDXBWGXBAQ4HWHGXAKFSEJ,3/7/2023,fescotis@reverbnation.com,Farica,Escot,7 Waxwing Plaza,Peru,Scarf,Medium,2
01HPYDXBWH699F3FJ662A0VDWR,12/29/2023,kantoniit@netscape.com,Kalila,Antoni,88567 Old Gate Alley,Peru,Hoody,XX-Large,4
01HPYDXBWKTH717S57DG4TYYK3,12/14/2023,tklosteriu@patch.com,Toby,Kloster,046 Mariners Cove Center,Italy,Sweater,Large,3
01HPYDXBWMEBA4TQ9MHXXS4PBE,4/5/2023,ewestwelliv@usatoday.com,Ernestus,Westwell,7 Jackson Alley,Brazil,Hoody,Small,2
01HPYDXBWNQ8X6R3287TBTBHH7,12/8/2023,pmanuaudiw@networkadvertising.org,Pansie,Manuaud,7305 Dakota Park,Ireland,Tshirt,Medium,1
01HPYDXBWP562S4WR2QJKK5P7M,2/1/2023,dblondenix@mapy.cz,Delilah,Blonden,302 Coolidge Place,United Kingdom,Hoody,XX-Large,4
01HPYDXBWRCHWP400CMQKBJCX7,7/17/2023,acornejoiy@paginegialle.it,Ayn,Cornejo,20 Spaight Place,Brazil,Tshirt,Medium,2
01HPYDXBWSV7508545S4HKE9D9,12/6/2023,ogovettiz@blinklist.com,Odele,Govett,317 Stephen Crossing,Peru,Scarf,Medium,3
01HPYDXBWTPP60ERMGZG8R3WWP,6/27/2023,smenichilloj0@zdnet.com,Sandye,Menichillo,98404 Fieldstone Alley,Peru,Tshirt,Small,2
01HPYDXBWVN10C85B8E3RRC521,8/30/2023,mgreenstockj1@sakura.ne.jp,Marwin,Greenstock,0 Brickson Park Drive,Uganda,Gloves,X-Large,4
01HPYDXBWXFKPM934A53JHWA82,5/17/2023,crudderhamj2@shareasale.com,Carry,Rudderham,28 Carioca Avenue,United States,Tshirt,Small,1
01HPYDXBWYEPAXETJN0GDMY7D2,1/14/2023,tsandomj3@goo.gl,Tobe,Sandom,070 Burning Wood Park,Argentina,Hoody,Large,4
01HPYDXBWZRAVFQC097WR0RY3E,12/15/2023,cricksj4@un.org,Courtnay,Ricks,71788 Hallows Center,United States,Scarf,Medium,1
01HPYDXBX0F709KVGP5JK23TCH,9/24/2023,sbraneyj5@amazon.com,Starr,Braney,6 Waywood Lane,Sweden,Hoody,Small,1
01HPYDXBX25E4C32FC5M0V6GAX,8/3/2023,aadlamj6@house.gov,Aubrette,Adlam,0552 Union Road,Senegal,Hoody,X-Large,1
01HPYDXBX3AGBKT10TG7HQPM0W,11/21/2023,ojeroschj7@dailymail.co.uk,Osbourn,Jerosch,55 Walton Lane,Brazil,Hoody,Medium,1
01HPYDXBX4Y3698G89BAAW4JC5,4/24/2023,jfritchlyj8@reverbnation.com,Jarrod,Fritchly,91 Moland Drive,Brazil,Scarf,Medium,1
01HPYDXBX62FAQZ8CJZ83D7FCD,2/3/2023,jeustisj9@baidu.com,Jo,Eustis,696 Northfield Park,Sweden,Shorts,Large,1
01HPYDXBX71QR963S6CFCF31H8,9/5/2023,gclaqueja@newsvine.com,Gianna,Claque,9 Heffernan Avenue,Sweden,Tshirt,Large,1
01HPYDXBX85JQJD7QZ9Q32Z1SW,2/12/2023,groylejb@examiner.com,Gisela,Royle,8242 Trailsway Terrace,Nigeria,Hat,Medium,1
01HPYDXBXA4MG4S7HM0PHY91RE,4/14/2023,hgrimsdalejc@behance.net,Helga,Grimsdale,55 Burrows Place,France,Shorts,Medium,4
01HPYDXBXB2QY8CVFYA1322G8N,11/15/2023,ktuminijd@illinois.edu,Kristi,Tumini,9448 Kingsford Crossing,Brazil,Sweater,Small,1
01HPYDXBXCGRPZ932GC31JA5MX,3/23/2023,rguillondje@printfriendly.com,Rosy,Guillond,163 Center Street,Uganda,Shorts,XX-Large,3
01HPYDXBXFT7SS6QSEZ91B00AJ,9/17/2023,agobbettjf@seesaa.net,Ameline,Gobbett,7 Village Green Center,United States,Jacket,Medium,3
01HPYDXBXHHWZW69Z5SSAK53X3,3/31/2023,arichardssonjg@pbs.org,Andrea,Richardsson,662 Vahlen Way,Bosnia and Herzegovina,Tshirt,Large,4
01HPYDXBXJYY0C56B04WBJQKNF,1/5/2023,pskaidjh@4shared.com,Pietro,Skaid,58291 Dakota Alley,France,Tshirt,X-Large,4
01HPYDXBXK7QKNGKP8EM30BWXQ,11/18/2023,ssurplissji@jiathis.com,Scot,Surpliss,1083 Karstens Hill,France,Shorts,Large,1
01HPYDXBXP7QMWPVA8M8RB7YD8,9/27/2023,oshelperjj@cocolog-nifty.com,Ollie,Shelper,63787 Westport Junction,Germany,Scarf,Large,3
01HPYDXBXRCXBYYZWN0E22RCMP,10/27/2023,lcassamjk@pinterest.com,Louie,Cassam,21 Corscot Center,Argentina,Tshirt,Medium,2
01HPYDXBXS5T1M26RHCT7F856N,7/27/2023,dcauthrajl@sphinn.com,Darill,Cauthra,909 Fieldstone Place,Brazil,Hoody,Medium,2
01HPYDXBXWGZ3WZRDAWE38AX4Q,8/3/2023,rsmallmanjm@pbs.org,Randie,Smallman,51 Stephen Lane,Sweden,Scarf,X-Large,2
01HPYDXBXY14Y1Y2HPTBWARV30,10/28/2023,ddufrayjn@theglobeandmail.com,Devora,Du Fray,7 Hansons Street,United States,Hoody,Medium,2
01HPYDXBY0TFTPNZ2PEB138BG8,4/1/2023,oburnselljo@nature.com,Olive,Burnsell,480 American Place,Brazil,Sweater,Medium,2
01HPYDXBY4RV7CQCPWD9EBVR6P,4/18/2023,rholtonjp@symantec.com,Ruthi,Holton,2117 Arrowood Parkway,Peru,Sweater,Large,2
01HPYDXBY6X2GAFBA6DWFXNEF3,11/21/2023,dknelljq@narod.ru,Dag,Knell,376 Corry Terrace,Brazil,Hoody,Medium,2
01HPYDXBY91204Y54DSG1YK2EN,9/26/2023,gisabelljr@bbb.org,Garvy,Isabell,5910 Forster Road,Brazil,Sweater,Small,2
01HPYDXBYAX5HMMPC9DWN8JWSS,3/31/2023,adavyjs@icio.us,Alvis,Davy,3325 Claremont Pass,France,Tshirt,Medium,3
01HPYDXBYCR58D6M7X91J833J4,9/1/2023,echivertonjt@photobucket.com,Elnora,Chiverton,39425 John Wall Alley,Brazil,Hoody,Large,1
01HPYDXBYF93MY0K1VG5FDKXGY,9/7/2023,cbenceju@ucoz.com,Clay,Bence,90 6th Park,Argentina,Hoody,Large,2
01HPYDXBYHFERS7C7GMFP46R24,7/9/2023,tprinnettjv@fotki.com,Tova,Prinnett,4346 Granby Court,Peru,Hoody,Large,4
01HPYDXBYKXWTJ4STAMSEKZGAT,10/18/2023,bkinverjw@aol.com,Blair,Kinver,64 Evergreen Junction,Peru,Hoody,XX-Large,2
01HPYDXBYPFZ5ZCZ4BCYPWAY3V,12/12/2023,oesterbrookjx@uol.com.br,Odey,Esterbrook,8 Nobel Way,Peru,Shorts,Large,2
01HPYDXBYRTZA503XJN8X851RR,10/16/2023,tbirdsalljy@wikipedia.org,Tricia,Birdsall,44973 Lyons Drive,Brazil,Jacket,Medium,2
01HPYDXBYV30XP442A3MVE76QK,4/1/2023,mwitherbyjz@stumbleupon.com,Maurice,Witherby,93 Dunning Trail,Peru,Tshirt,Medium,3
01HPYDXBYXB1102WCZQRGJV4PA,6/30/2023,ggimberk0@auda.org.au,Gorden,Gimber,3254 Basil Lane,Germany,Tshirt,XX-Large,3
01HPYDXBYZHBD231MG441GRRNF,10/25/2023,ldarwoodk1@omniture.com,Lisa,Darwood,124 Hanover Parkway,Canada,Hoody,XX-Large,4
01HPYDXBZ2M1533ZBGW87EXBTT,11/22/2023,mpelhamk2@slideshare.net,Magdalen,Pelham,7 Alpine Point,Sweden,Jacket,Medium,4
01HPYDXBZ4C384556NGMJVA1WR,2/20/2023,chouldcroftk3@pcworld.com,Codie,Houldcroft,90263 Eastwood Court,Nigeria,Tshirt,Large,1
01HPYDXBZ7JT06GTNFW5006EZS,4/19/2023,kkertessk4@bandcamp.com,Kayla,Kertess,376 1st Road,Peru,Sweater,Medium,2
01HPYDXBZAJC6W9RA9GKC1D9T7,10/11/2023,gfludderk5@amazon.co.uk,Gunar,Fludder,2780 Lotheville Drive,Sweden,Tshirt,X-Large,2
01HPYDXBZD5JQD4TGBZ68CERNH,3/14/2023,dfoshk6@feedburner.com,Darsey,Fosh,2045 Duke Court,Nigeria,Scarf,Large,2
01HPYDXBZF94T26WQAMMMZ9YJ5,7/14/2023,dspourek7@mac.com,Dominique,Spoure,2157 Hudson Drive,Argentina,Scarf,Medium,1
01HPYDXBZHCMFWKFRCDSG1YMS5,6/3/2023,hgormank8@networkadvertising.org,Hugues,Gorman,7 Eastwood Street,France,Tshirt,Large,3
01HPYDXBZKZ3ZEGWKCBF5BBK7K,8/9/2023,mjarrettek9@google.co.jp,Mariya,Jarrette,206 Westport Trail,Germany,Gloves,Medium,2
01HPYDXBZPE452417TKMQ34MT2,1/10/2023,fhankardka@reverbnation.com,Fabian,Hankard,7 Ohio Hill,France,Gloves,XX-Large,2
01HPYDXBZS4J3000ZCSNZXH4XR,12/25/2023,hwalklottkb@bloglovin.com,Honoria,Walklott,08184 Anniversary Terrace,Nigeria,Tshirt,XX-Large,4
01HPYDXBZWNKJMARGNYFER5A84,2/20/2023,mgaitkc@businesswire.com,Morry,Gait,13013 Bluestem Crossing,Ireland,Tshirt,Medium,2
01HPYDXBZYX3W5TP8ZDZK2F7MG,8/16/2023,slaredkd@nih.gov,Sigmund,Lared,6378 Thierer Place,Canada,Gloves,Medium,3
01HPYDXC01V9BV1WC01B2HK9NZ,12/8/2023,rwrighthamke@odnoklassniki.ru,Richy,Wrightham,99 Luster Alley,Peru,Tshirt,XX-Large,2
01HPYDXC04RV1FWAECFGB9CFH5,3/29/2023,fhelixkf@businesswire.com,Free,Helix,7396 Hauk Alley,France,Shorts,Medium,1
01HPYDXC07G24SFRX5BFGHJ44Y,4/19/2023,sgogertykg@blogtalkradio.com,Saleem,Gogerty,5023 Logan Place,Canada,Tshirt,Medium,2
01HPYDXC0A5EZH71KQVA94PS5J,1/22/2023,jmacdunleavykh@netvibes.com,Jaquith,MacDunleavy,2747 Prairie Rose Place,Canada,Shorts,Large,4
01HPYDXC0DV65QEZGM9JS52N9R,4/17/2023,braggettki@google.co.uk,Benedict,Raggett,8 Crowley Parkway,Brazil,Sweater,Small,3
01HPYDXC0FD3Y8111TP9ECBXYT,12/21/2023,mayarskj@ezinearticles.com,Michell,Ayars,4878 Rusk Place,Brazil,Sweater,X-Large,3
01HPYDXC0JPT7H0XEEHXZT24MD,2/7/2023,gjiroutekkk@furl.net,Guinevere,Jiroutek,9 Pawling Parkway,France,Scarf,Medium,4
01HPYDXC0NYMCT333D957NRGGT,10/17/2023,apockeykl@apple.com,Aurel,Pockey,78715 Gulseth Center,United States,Gloves,Small,4
01HPYDXC0PHZ40EH0YZYD0YKMS,1/1/2023,bflockhartkm@reddit.com,Bunny,Flockhart,84559 Cody Court,Ireland,Tshirt,Large,1
01HPYDXC0RST6TQN9H038H5DEH,7/18/2023,aabethellkn@parallels.com,Alverta,Abethell,67386 Valley Edge Alley,Peru,Hoody,Medium,1
01HPYDXC0TK0X21GTJBPRN6TNT,7/5/2023,clongmoreko@google.es,Carolina,Longmore,8234 Stone Corner Parkway,Sweden,Tshirt,Medium,1
01HPYDXC0VP4VFR79NWZFRE15X,4/18/2023,epimbleykp@pagesperso-orange.fr,Evey,Pimbley,38888 Fordem Junction,United States,Shorts,Medium,4
01HPYDXC0W7PEJXB6A8Q826V4P,11/30/2023,nrimeskq@google.fr,Norene,Rimes,4 Dexter Court,Brazil,Hat,XX-Large,4
01HPYDXC0YVEFKTE3RPS2VHKJ8,7/28/2023,pjoselevitzkr@elegantthemes.com,Philipa,Joselevitz,62 Hauk Court,Ireland,Hat,Medium,1
01HPYDXC0Z537FPC7NTPMYVMG5,5/27/2023,asanneyks@auda.org.au,Andy,Sanney,68497 Larry Center,France,Hoody,Medium,3
01HPYDXC12FMV8RA9T5VHCH4NX,8/9/2023,jsellandkt@skype.com,Jessie,Selland,195 Graedel Lane,France,Hoody,X-Large,2
01HPYDXC14RP5QBAM6MY2R60FD,6/30/2023,hlynnku@miitbeian.gov.cn,Huntlee,Lynn,476 Clarendon Point,France,Shorts,XX-Large,3
01HPYDXC176YMCG9ABR6KMZVDZ,6/13/2023,ttolwoodkv@paypal.com,Tansy,Tolwood,05837 Ridgeview Lane,Sweden,Hoody,Medium,3
01HPYDXC19QJAW5JM2R75206X4,12/1/2023,mpinxtonkw@about.me,Melonie,Pinxton,036 Badeau Park,United States,Gloves,Medium,3
01HPYDXC1B8HGJGNCKEA01BY4T,9/7/2023,rhalladeykx@geocities.jp,Rosalia,Halladey,549 Dexter Park,Sweden,Hoody,Large,4
01HPYDXC1C6ZWRWJ1V9J34HZ5B,3/19/2023,vlatehouseky@zimbio.com,Van,Latehouse,19403 Sunfield Center,Peru,Gloves,Medium,3
01HPYDXC1FPP0QN4AHWGFYMNHY,11/3/2023,bcosenskz@addtoany.com,Berty,Cosens,7 Gulseth Plaza,Sweden,Tshirt,XX-Large,4
01HPYDXC1H22NNCGJC637A3JM6,12/11/2023,nchrichtonl0@spiegel.de,Natal,Chrichton,9 Ludington Parkway,Peru,Gloves,Medium,4
01HPYDXC1J5YFZC46YK8E4QMF0,10/10/2023,csneezeml1@mediafire.com,Cristin,Sneezem,3467 Delaware Lane,France,Sweater,Large,1
01HPYDXC1M9V2J1CCTFA9YKE41,2/13/2023,rernil2@wikipedia.org,Reynolds,Erni,976 Maywood Parkway,Canada,Hoody,X-Large,4
01HPYDXC1NCJW3HAYB1C009T32,4/21/2023,cshorbrookl3@google.de,Charmain,Shorbrook,07201 Merchant Court,United States,Tshirt,X-Large,3
01HPYDXC1PBG5VZJBY5JBYD376,12/21/2023,dmacakl4@histats.com,Demetri,Macak,40 Dryden Avenue,Switzerland,Hat,Medium,1
01HPYDXC1RXK0EH2E91Q5RVSSR,3/6/2023,bcallarl5@earthlink.net,Babara,Callar,65 Cambridge Avenue,United Kingdom,Hat,Medium,3
01HPYDXC1SHE3T3A7JK3BPRM67,11/16/2023,vovilll6@sitemeter.com,Vivi,Ovill,9 Victoria Point,Peru,Hat,Large,4
01HPYDXC1TW5SRF8R4C1ZRX7MY,5/5/2023,kdortonl7@slideshare.net,Kalina,Dorton,09867 Kings Center,Peru,Tshirt,X-Large,1
01HPYDXC1WQHHQBF3T8XTYCWRE,5/23/2023,trosel8@amazon.com,Teodorico,Rose,5 Veith Pass,Bosnia and Herzegovina,Tshirt,Medium,1
01HPYDXC1XD7EQ9W5147EY0WR6,6/1/2023,wbaddaml9@ifeng.com,Westbrook,Baddam,3211 Ridgeview Parkway,United States,Hoody,Medium,2
01HPYDXC1YN2P0GHEGH9KVV6NT,2/18/2023,pjamsonla@meetup.com,Phoebe,Jamson,8465 Badeau Center,Sweden,Shorts,Large,2
01HPYDXC1ZFPN5V41YJFJT1EHK,9/14/2023,emccuelb@hubpages.com,Eddi,McCue,637 Mendota Hill,Brazil,Tshirt,Small,3
01HPYDXC2FDC9AG5WREZAV13NZ,7/4/2023,mhatreylc@livejournal.com,Marilyn,Hatrey,85610 Loeprich Lane,United States,Sweater,Large,2
01HPYDXC2GVVNWXT75JQVQK8NQ,1/24/2023,asallanld@wisc.edu,Adolphe,Sallan,357 Sugar Pass,Sweden,Shorts,X-Large,2
01HPYDXC2J0YYYQG7FTH76WJPJ,11/10/2023,aberkelayle@java.com,Allis,Berkelay,9613 Toban Alley,Brazil,Hoody,Medium,3
01HPYDXC2KSDXDER99CHAW7F3J,6/8/2023,jsandlandlf@elegantthemes.com,Janetta,Sandland,6 Eastwood Trail,Brazil,Hoody,XX-Large,4
01HPYDXC2MX8HZP12THBA51VWW,4/17/2023,jrosielg@mashable.com,Jillayne,Rosie,6263 Doe Crossing Street,Canada,Hat,Medium,3
01HPYDXC2NV05BHMGN99KXZNNQ,1/18/2023,mstampferlh@creativecommons.org,Marlee,Stampfer,070 Westerfield Road,Canada,Hoody,Large,1
01HPYDXC2P3DE0HZDDN338PEFP,6/25/2023,kblondellli@squidoo.com,Krishna,Blondell,0448 Farmco Road,Brazil,Hoody,Large,2
01HPYDXC2RQ11X36CQKT29WM3V,1/31/2023,dprendergastlj@mtv.com,Dame,Prendergast,2022 Oakridge Drive,Peru,Hat,X-Large,2
01HPYDXC2S75HTB279KSGS05H9,3/6/2023,malejandrolk@ucla.edu,Marget,Alejandro,0473 Anzinger Drive,Peru,Shorts,Large,1
01HPYDXC2WGZ8AZB530V1SQJFY,6/1/2023,kportlockll@house.gov,Karl,Portlock,249 Mccormick Park,United States,Tshirt,Large,1
01HPYDXC2ZQ9G5RTBCKGP6F6J1,2/12/2023,hsnowdinglm@lulu.com,Homere,Snowding,3 Amoth Drive,Sweden,Sweater,Medium,2
01HPYDXC32FCRD96NG50Y37Z7T,8/5/2023,nrothln@meetup.com,Nichole,Roth,06780 Welch Alley,Brazil,Hoody,Medium,1
01HPYDXC357TCMDM2PQWJA4B2N,8/2/2023,gdeferrarilo@theguardian.com,Grover,De Ferrari,0 Rockefeller Parkway,Brazil,Tshirt,Medium,4
01HPYDXC3755M9DJTNP9DK43A0,5/25/2023,tbloxsomelp@weibo.com,Tate,Bloxsome,5 Gateway Avenue,France,Tshirt,Medium,2
01HPYDXC3A845DDZV16PHASPR2,3/25/2023,lrossantlq@4shared.com,Lorrin,Rossant,05388 Petterle Way,United States,Hoody,Large,2
01HPYDXC3D37Y1QZHX6C8GFVM3,12/22/2023,talbarezlr@dailymail.co.uk,Tull,Albarez,877 Fair Oaks Trail,France,Sweater,Large,1
01HPYDXC3FF72C212W879SN2PJ,5/26/2023,csurphlissls@accuweather.com,Clerissa,Surphliss,8202 Linden Pass,Brazil,Shorts,Small,4
01HPYDXC3JVSCVJVB2JPBWR56D,1/10/2023,swratelt@goo.gl,Shaun,Wrate,9422 Prentice Trail,Nigeria,Tshirt,XX-Large,3
01HPYDXC3NDZR3D8ND5FEKWWDZ,5/24/2023,bvassmanlu@fotki.com,Benoite,Vassman,173 6th Drive,Nigeria,Sweater,XX-Large,3
01HPYDXC3QXNP2Z6H4KWEZENTZ,10/16/2023,glervenlv@columbia.edu,Gregorius,Lerven,55298 Independence Plaza,Argentina,Gloves,Large,2
01HPYDXC3T1F6ZT4T5QNZYPNS5,2/22/2023,fselbornelw@nationalgeographic.com,Florri,Selborne,870 Milwaukee Pass,United States,Sweater,Medium,2
01HPYDXC3X2KAJJX2YY0XWZQY2,8/24/2023,lmoggielx@msn.com,Liuka,Moggie,02647 Sheridan Terrace,United States,Scarf,Small,3
01HPYDXC3Y4QYNRE7KTC2NPMJ6,3/31/2023,tsiddelely@discuz.net,Tiebout,Siddele,26801 Mendota Drive,Sweden,Hoody,X-Large,3
01HPYDXC3ZB6A0Q1YBJEFQDTP5,11/29/2023,bgrenelz@princeton.edu,Barry,Grene,1887 Armistice Lane,France,Hoody,Large,3
01HPYDXC41Y3W46ZGJHZB00FK3,2/7/2023,hbullcockm0@statcounter.com,Hillier,Bullcock,53 Sauthoff Street,Brazil,Hoody,Large,2
01HPYDXC42CSW5PA5W49QS0KB1,2/18/2023,cbaitsonm1@goodreads.com,Cherice,Baitson,3 Sommers Place,France,Hoody,Large,4
01HPYDXC44P1KAVVE1M4HMQ7H7,11/5/2023,efarressm2@goo.ne.jp,Eamon,Farress,37 Oriole Park,Spain,Jacket,Medium,1
01HPYDXC46K2NZMWHTMCVZKQPH,3/1/2023,ccreaserm3@163.com,Cherri,Creaser,189 Oxford Court,Brazil,Tshirt,Medium,3
01HPYDXC49YQ1JMHQ7M5SGVNF3,5/6/2023,cosmondm4@google.es,Carena,Osmond,57 Merrick Center,Brazil,Tshirt,Large,1
01HPYDXC4B5PGBREA5NW9GCXC0,6/28/2023,dhousamm5@bloglines.com,Danita,Housam,0474 Butternut Pass,Italy,Scarf,Medium,2
01HPYDXC4DC7GGRHNB33JP367V,9/9/2023,rbruckentalm6@nifty.com,Robyn,Bruckental,384 Mesta Park,Canada,Hoody,Large,3
01HPYDXC4GQVAQ243CCC731XTG,8/18/2023,glittlefairm7@domainmarket.com,Gardener,Littlefair,8263 Ludington Circle,Sweden,Hoody,Medium,3
01HPYDXC4JAGXVTXGSS059FTC2,10/25/2023,wpotzoldm8@drupal.org,Wally,Potzold,02929 Kipling Road,United States,Shorts,Small,3
01HPYDXC4M42ZQM7XTH915WS3K,5/28/2023,omcgoochm9@e-recht24.de,Olivero,McGooch,0 Mayer Drive,Germany,Sweater,Large,3
01HPYDXC4N6VSFFV5PEXBH7EE0,4/19/2023,peelesma@jigsy.com,Paul,Eeles,375 Forster Junction,Peru,Scarf,X-Large,1
01HPYDXC4PXHVDSFAE2218JMY1,6/4/2023,mmandrakemb@facebook.com,Merry,Mandrake,5060 John Wall Road,Brazil,Tshirt,Medium,4
01HPYDXC4QYG315R77E2HJQQQY,1/7/2023,etomblinmc@si.edu,Emelita,Tomblin,3 Packers Park,Norway,Jacket,X-Large,2
01HPYDXC4SC3YTKQCHYJ0E938N,4/10/2023,gyeldhammd@newsvine.com,Georgeta,Yeldham,35274 Roth Lane,France,Shorts,Large,2
01HPYDXC4TH24NSESVM9QTADXV,2/28/2023,mczajame@patch.com,Maurizio,Czaja,5574 Fordem Drive,Ireland,Scarf,X-Large,3
01HPYDXC4VZHX248704RVPQ42W,11/26/2023,pfalconertaylormf@dmoz.org,Prescott,Falconer-Taylor,78 Annamark Hill,France,Gloves,Large,3
01HPYDXC4WVVGJH929A3NJTW15,10/6/2023,htreebymg@businesswire.com,Hadley,Treeby,4 Thierer Plaza,France,Tshirt,Medium,3
01HPYDXC4X5D0BE2N9VYBSZ9YG,11/30/2023,kregorzmh@examiner.com,Karalee,Regorz,86505 Spaight Road,Sweden,Sweater,Medium,1
01HPYDXC4ZDMF49KQQXJ20HFDP,9/25/2023,iboldersonmi@hao123.com,Isabella,Bolderson,76 Manley Street,Sweden,Tshirt,XX-Large,1
01HPYDXC50H2RV1Y20SB986DH7,8/6/2023,klentonmj@surveymonkey.com,Katharina,Lenton,828 Sheridan Junction,Brazil,Sweater,X-Large,4
01HPYDXC51587VH18A32AS7PR0,3/20/2023,jtheobaldsmk@drupal.org,Jori,Theobalds,93 Rutledge Pass,Brazil,Hoody,Medium,4
01HPYDXC52QZJD3D6TG0G65R41,4/1/2023,rbeacroftml@gov.uk,Regen,Beacroft,75 Esker Court,Norway,Hoody,X-Large,3
01HPYDXC537K4Q18Z99RWB2K1E,4/21/2023,srobbingsmm@biblegateway.com,Shalom,Robbings,053 Cambridge Avenue,Chile,Hat,Small,1
01HPYDXC5561DV355BAEARSBM7,2/25/2023,strenbeymn@dropbox.com,Sterling,Trenbey,82 High Crossing Terrace,Brazil,Tshirt,X-Large,1
01HPYDXC573M95JSS48VBQVQ3R,4/10/2023,dmacuramo@jugem.jp,Darin,Macura,52839 Dwight Park,Chile,Shorts,X-Large,4
01HPYDXC5906CB3V4Y20ZGVN0P,6/7/2023,fbedburymp@paginegialle.it,Fernanda,Bedbury,8520 Anthes Junction,France,Tshirt,Large,4
01HPYDXC5A8H0VRBCB5M478PNA,1/13/2023,rfrangletonmq@npr.org,Roby,Frangleton,521 Straubel Way,United States,Sweater,Medium,3
01HPYDXC5BHQDYRNGTFEA8YCM9,3/21/2023,wdewdenymr@house.gov,Welbie,Dewdeny,5 Hudson Road,Italy,Tshirt,Medium,2
01HPYDXC5CH6HQD2PFM8ZKR11G,2/23/2023,atrittonms@fda.gov,Allys,Tritton,2469 Farragut Hill,France,Shorts,Medium,4
01HPYDXC5DD6C4722Y20RT19N3,12/13/2023,rsinkingsmt@cocolog-nifty.com,Robinson,Sinkings,54 Holy Cross Road,Norway,Sweater,Medium,4
01HPYDXC5FCQG516Z618M3W1KX,3/12/2023,vchilversmu@businessweek.com,Vanni,Chilvers,8 Larry Junction,Spain,Scarf,Small,4
01HPYDXC5G3TP3ZV6AD4Q70KX6,8/11/2023,kcurtainmv@blog.com,Kissiah,Curtain,9764 Monument Road,United States,Scarf,Medium,2
01HPYDXC5JEC8SEA8PNMB934J3,10/23/2023,vkiddyemw@i2i.jp,Viviene,Kiddye,07921 Blaine Lane,France,Shorts,Large,3
01HPYDXC5M0ZJYJJ98JYNH2RPQ,7/7/2023,fswatemx@ocn.ne.jp,Francene,Swate,6061 Hoepker Court,France,Shorts,Medium,3
01HPYDXC5PSB0BY6BJC7892H5E,3/24/2023,ctodeomy@blogtalkradio.com,Clem,Todeo,37 Riverside Terrace,Brazil,Tshirt,Medium,3
01HPYDXC5QBHYVD07EVZYFMS8T,5/8/2023,bmacmanusmz@jimdo.com,Brnaba,MacManus,89024 Kedzie Circle,Brazil,Hoody,Medium,3
01HPYDXC5S21T6SPRY4J7C9RXV,4/30/2023,ocostardn0@google.nl,Ofelia,Costard,1600 Anniversary Plaza,Nigeria,Hoody,Small,3
01HPYDXC5W757PPPC2BPPKHDP9,6/21/2023,fkilvingtonn1@si.edu,Ferris,Kilvington,0 Monterey Place,France,Hoody,Small,1
01HPYDXC5ZV8F4B0M9Y7FTEVM2,5/29/2023,pfrancesn2@parallels.com,Priscella,Frances,8701 Farragut Place,Uganda,Sweater,Small,3
01HPYDXC62TQM0JJNF2MM7DHB7,3/10/2023,aklampn3@amazon.com,Alfonso,Klamp,360 Lien Avenue,Ireland,Scarf,Medium,3
01HPYDXC65KM8XV4H3YM8WPJJV,3/10/2023,mlilien4@wiley.com,Mollie,Lilie,32989 Colorado Way,United States,Scarf,X-Large,3
01HPYDXC67DC5V0GNXDPEGCV34,6/25/2023,alaten5@histats.com,Ansell,Late,6 Grasskamp Crossing,Brazil,Hoody,X-Large,3
01HPYDXC6A20BW4BRF3P60NGZ5,10/22/2023,kvearncomben6@hexun.com,Keene,Vearncombe,32 Birchwood Drive,Canada,Hoody,Large,3
01HPYDXC6DKQC3HZB5ZQ1ZXFFC,7/10/2023,gbonifazion7@gizmodo.com,Gerri,Bonifazio,7509 American Ash Plaza,France,Shorts,XX-Large,1
01HPYDXC6F3TMRZXAJCSZW7CPJ,6/29/2023,cfearbyn8@barnesandnoble.com,Cicely,Fearby,42 Moulton Crossing,Brazil,Tshirt,Large,3
01HPYDXC6JTZ9EDQSP5ZAFJX8F,4/21/2023,jilchukn9@ihg.com,Juline,Ilchuk,2 Vahlen Avenue,Nigeria,Tshirt,Medium,3
01HPYDXC6MJE3GMEMEP9YN488D,6/30/2023,prockinghamna@independent.co.uk,Paxton,Rockingham,713 Fulton Parkway,Argentina,Hat,Medium,1
01HPYDXC6PPYHSC9B8BT7YVCXZ,3/14/2023,lrubennb@parallels.com,Laurene,Ruben,66230 Anzinger Park,Sweden,Shorts,Large,4
01HPYDXC6RM7J39K1KQRKQYDRK,1/4/2023,tblofeldnc@biglobe.ne.jp,Tyler,Blofeld,6 Holmberg Alley,Argentina,Hoody,Large,4
01HPYDXC6TK5RTH4Z69F9BT9GE,1/20/2023,avaseynd@is.gd,Abbe,Vasey,31723 Dawn Parkway,Canada,Tshirt,Medium,1
01HPYDXC6W7X05J0Q8TBDEHFSZ,1/3/2023,dsweatmanne@weebly.com,Dell,Sweatman,885 Vernon Pass,Sweden,Gloves,Medium,2
01HPYDXC6YPP6WYWS5ZH6A44Y0,8/28/2023,gmartinanf@nih.gov,Gayle,Martina,851 Darwin Terrace,Sweden,Tshirt,Medium,1
01HPYDXC700AMNM1BAVQQRQ2JW,3/23/2023,ksouthcombng@cbslocal.com,Katalin,Southcomb,17292 Green Center,United States,Hoody,XX-Large,3
01HPYDXC73360H1D23BYRDWBPS,9/21/2023,rspurgenh@w3.org,Rodolph,Spurge,59714 Algoma Place,Sweden,Scarf,Medium,3
01HPYDXC75K8XZVEWYDPNGY3M3,5/6/2023,kkilligrewni@wikispaces.com,Kayley,Killigrew,1165 Schlimgen Crossing,Brazil,Hoody,Medium,2
01HPYDXC77CADHQANA24EWWM7R,5/21/2023,kstanleynj@globo.com,Karissa,Stanley,9 Vahlen Crossing,United States,Gloves,Large,1
01HPYDXC79X5DAQ01P065JK7AT,7/23/2023,afairholmenk@va.gov,Allyson,Fairholme,38 Lien Terrace,Spain,Jacket,Medium,4
01HPYDXC7BT6MRYM62B9QKRKE4,9/27/2023,edudlistonnl@ucoz.ru,Elladine,Dudliston,03 Sachs Pass,Brazil,Hoody,Medium,3
01HPYDXC7DM3Y0YKT7F5BY74MP,6/25/2023,cmorigannm@canalblog.com,Christal,Morigan,0408 Pankratz Circle,Argentina,Tshirt,Large,1
01HPYDXC7FRPJW7ZT97AVNCNWA,6/11/2023,jdaburnnn@xinhuanet.com,Julieta,Daburn,76805 Heffernan Alley,United Kingdom,Scarf,Large,2
01HPYDXC7J23CDQS8NF86QRHNF,10/26/2023,mmacnaughtonno@statcounter.com,Missie,MacNaughton,80081 Fordem Pass,Sweden,Tshirt,Medium,2
01HPYDXC7MED3BZPMNWWPHFJB3,9/11/2023,pwhillocknp@hugedomains.com,Philipa,Whillock,32145 Karstens Trail,Brazil,Hoody,Large,2
01HPYDXC7QTKN03AXX0483NSEN,7/8/2023,mbrownsillnq@cornell.edu,Marve,Brownsill,2168 Hintze Park,United States,Sweater,Medium,1
01HPYDXC7SQAQRDEB77TX1TJKQ,7/10/2023,gablittnr@squidoo.com,Gerladina,Ablitt,0678 Iowa Avenue,Brazil,Tshirt,Large,2
01HPYDXC7VXBBTZV7WQT987V0M,4/29/2023,jvazquezns@twitpic.com,Jessi,Vazquez,606 Roxbury Avenue,Brazil,Shorts,Large,1
01HPYDXC7XX16CDSNBZ1ME5WGR,3/22/2023,mboeckent@comsenz.com,Man,Boecke,499 Toban Point,Brazil,Jacket,Medium,3
01HPYDXC7ZSRJFK6X8X95JQ142,11/24/2023,efutchernu@businesswire.com,Esther,Futcher,236 Ludington Hill,France,Hoody,X-Large,4
01HPYDXC81W47NH2Z88W3XNMND,2/21/2023,lstocksnv@mediafire.com,Leontyne,Stocks,3446 Clove Crossing,Canada,Hoody,Medium,2
01HPYDXC833G3EPTE5YMQYAZCH,12/13/2023,ebuckeridgenw@addtoany.com,Etheline,Buckeridge,770 Esker Way,Nigeria,Scarf,Medium,2
01HPYDXC855S1PGYVNP8Y0CW8E,9/16/2023,rkolakowskinx@state.tx.us,Rudolfo,Kolakowski,549 Granby Place,Nigeria,Hoody,Medium,4
01HPYDXC870C5FZCYTVR2D4ZSJ,7/1/2023,cadolthineny@tinyurl.com,Casi,Adolthine,614 Mosinee Pass,United States,Hoody,Large,4
01HPYDXC89WW5RMN9X5ZB6GYHW,3/2/2023,tarnalnz@dell.com,Tate,Arnal,93060 Corry Way,Sweden,Tshirt,X-Large,2
01HPYDXC8C9525GGQ33H4QP5CZ,3/12/2023,rpereso0@businessinsider.com,Roddy,Peres,799 Tony Circle,Peru,Tshirt,Large,3
01HPYDXC8HY1CP5B2E7K3FTNJW,2/18/2023,hspruceo1@woothemes.com,Horatia,Spruce,0948 Karstens Center,France,Tshirt,XX-Large,4
01HPYDXC8MDDZHS7SQ4PTHENJF,11/5/2023,mlehouxo2@com.com,Merle,Le Houx,285 Roth Point,Italy,Gloves,Large,2
01HPYDXC8Q03SAHN42NM6AAJNH,12/24/2023,emcivoro3@upenn.edu,Eldridge,McIvor,57 Fallview Avenue,France,Tshirt,Medium,4
01HPYDXC8TDNRJZNAYVG5HHCT4,10/18/2023,ranthiftleo4@topsy.com,Roddie,Anthiftle,5 Graceland Circle,Brazil,Hoody,Small,4
01HPYDXC8XC6XBTTNK7PSXMW74,5/30/2023,kyakunino5@huffingtonpost.com,Katalin,Yakunin,921 Atwood Point,France,Sweater,Small,3
01HPYDXC909EK3PECYC95MM9AK,12/20/2023,aoliveo6@mail.ru,Ax,Olive,13570 Lighthouse Bay Lane,France,Hoody,Medium,3
01HPYDXC91FM055MXJ5R7C2QTX,8/6/2023,ringerfieldo7@elegantthemes.com,Rebe,Ingerfield,67394 Ruskin Plaza,Peru,Tshirt,Small,2
01HPYDXC93H1C6QNJVFZX68WA0,8/22/2023,alarvento8@nba.com,Anetta,Larvent,3 Northfield Plaza,Argentina,Hoody,Medium,4
01HPYDXC9455ZC0BMPBQ0VEP3H,12/23/2023,agoutho9@yandex.ru,Anatol,Gouth,32 Johnson Avenue,Bosnia and Herzegovina,Sweater,Medium,3
01HPYDXC96Y2DEAH42WG0EXDD1,9/22/2023,cpetruskaoa@sakura.ne.jp,Clerc,Petruska,4573 Daystar Lane,Nigeria,Jacket,Medium,4
01HPYDXC97A0KFFE4K94398047,7/22/2023,wlodgeob@goodreads.com,Winnifred,Lodge,683 Butternut Center,Brazil,Sweater,Medium,2
01HPYDXC981AACHC26SWQQGDNF,7/2/2023,bspaughtonoc@macromedia.com,Brocky,Spaughton,64258 Fairview Lane,Sweden,Hat,XX-Large,2
01HPYDXC99QJRR6SQNJF90FXXR,8/27/2023,cgrubbod@furl.net,Courtenay,Grubb,73810 Pine View Way,Nigeria,Jacket,XX-Large,4
01HPYDXC9CKE63T2QNWNZ2TA3Z,2/17/2023,cbrevetoroe@telegraph.co.uk,Cindra,Brevetor,5523 Dapin Pass,Canada,Tshirt,Large,3
01HPYDXC9EGPBAQYVHWAS1GQC2,12/4/2023,ndimitrescuof@auda.org.au,Nefen,Dimitrescu,64 Hazelcrest Drive,Peru,Tshirt,Large,4
01HPYDXC9HT7EES6MA5P5BCD25,1/15/2023,ebryentonog@aol.com,Elvina,Bryenton,35 Farragut Lane,Ireland,Tshirt,X-Large,2
01HPYDXC9M5A00V7FG1S1KHKDD,7/24/2023,jknilloh@bbc.co.uk,Jakie,Knill,7014 Knutson Terrace,Sweden,Hat,Large,1
01HPYDXC9PJFEZRB0679REA5A3,12/3/2023,amatovicoi@earthlink.net,Ashleigh,Matovic,37 Hovde Court,France,Hoody,Medium,3
01HPYDXC9ST7PHV7361B0CWQXR,5/6/2023,jstarbeckoj@mashable.com,Jackquelin,Starbeck,06 Thackeray Hill,Argentina,Hat,XX-Large,1
01HPYDXC9VS3HW9ZZ03862TSMZ,9/13/2023,athrelfallok@addthis.com,Alanna,Threlfall,9 Corscot Lane,Brazil,Tshirt,Large,3
01HPYDXC9YJPC2V8YXDYB8K1A4,9/7/2023,hantonelliniol@washingtonpost.com,Hannis,Antonellini,5170 Kropf Trail,France,Hoody,Small,4
01HPYDXCA1GBCYY90S4E6Q58Y3,12/19/2023,smegroffom@github.com,Spense,Megroff,886 Buena Vista Circle,France,Shorts,XX-Large,4
01HPYDXCA3ZQCGX4BPHPR60RA3,2/5/2023,theardmanon@cbslocal.com,Timmi,Heardman,6202 Shasta Park,Sweden,Tshirt,Medium,3
01HPYDXCA53XJK3KEPACHS0CGK,3/14/2023,cgalsworthyoo@plala.or.jp,Chryste,Galsworthy,99801 Stuart Drive,Germany,Hoody,Large,3
01HPYDXCA8122R026PPWS09R6X,6/18/2023,mbrooksbankop@cdc.gov,Mack,Brooksbank,47 Hauk Place,United States,Hoody,Medium,1
01HPYDXCABR5JFK19GQC5DK555,10/30/2023,icoieoq@xing.com,Iggy,Coie,369 Colorado Parkway,United States,Jacket,X-Large,1
01HPYDXCADT871FSSKAVHCKRA4,10/16/2023,gscramageor@cargocollective.com,Gerry,Scramage,26135 Jenna Pass,France,Tshirt,Medium,2
01HPYDXCAG9K1MSE91QFT4RP1S,8/24/2023,nscahillos@gmpg.org,Noll,Scahill,205 Eastlawn Terrace,United States,Tshirt,Medium,2
01HPYDXCAJX77CB5WWBB2W4WXV,2/11/2023,ddommot@google.pl,Darb,Domm,35 Delladonna Center,Peru,Shorts,Large,3
01HPYDXCAN323N8V2TBAF1HNEY,4/14/2023,zrachuigou@cnn.com,Zerk,Rachuig,19 Milwaukee Junction,Sweden,Hoody,Large,3
01HPYDXCAR0FZR0XHVBG8NPXBR,9/2/2023,hspallsov@google.co.uk,Hana,Spalls,5 Granby Terrace,United States,Hat,Medium,4
01HPYDXCAVZVEQK28XJ86R25Y0,11/26/2023,gblindow@list-manage.com,Gabbi,Blind,08 Heath Place,France,Sweater,Large,1
01HPYDXCAYZ1G08CN3YZ5M7DN4,4/3/2023,pzanussiiox@google.pl,Prudi,Zanussii,41 Gina Place,France,Sweater,Medium,1
01HPYDXCB04E66P7MMY8GS7RTG,6/1/2023,jcorballyoy@unicef.org,Jodee,Corbally,5543 Westerfield Hill,Nigeria,Gloves,Small,1
01HPYDXCB3YSTNE7AMKDKRF9QN,7/12/2023,scapunoz@people.com.cn,Shelba,Capun,43 Waubesa Junction,Bosnia and Herzegovina,Hoody,Medium,3
01HPYDXCB66R6FECT3X0HHSJQQ,10/14/2023,nlinnerp0@msu.edu,Nollie,Linner,1 Stone Corner Crossing,Peru,Tshirt,X-Large,2
01HPYDXCB8V7FY8WNTVFBR0DAK,1/20/2023,bbamseyp1@twitpic.com,Barty,Bamsey,5914 Cardinal Alley,Nigeria,Shorts,Large,4
01HPYDXCBAE509ENB92YVAQMJK,7/14/2023,lfiorentinop2@google.co.jp,Lemuel,Fiorentino,32 Messerschmidt Terrace,France,Scarf,X-Large,4
01HPYDXCBB3R4YD37CM1MG4WHX,12/10/2023,cruffeyp3@imageshack.us,Cymbre,Ruffey,821 Boyd Hill,France,Scarf,Medium,4
01HPYDXCBC6KHMHH9Y5FP10SY8,10/18/2023,gcoperp4@edublogs.org,Giustino,Coper,1 Linden Road,France,Jacket,Large,4
01HPYDXCBD2TR3WDXQA3CMX0D1,2/5/2023,mcianellip5@photobucket.com,Maurene,Cianelli,792 Gerald Way,France,Sweater,X-Large,2
01HPYDXCBF72A1FDGX4X0QZPGS,7/23/2023,atappingtonp6@ftc.gov,Angela,Tappington,05976 Cordelia Drive,Brazil,Hoody,Medium,1
01HPYDXCBGKBGBJ7SPZWVZG1TV,1/16/2023,lgohierp7@tiny.cc,Leola,Gohier,81 4th Point,France,Scarf,X-Large,1
01HPYDXCBHS40YDS1KH8RYTPPD,6/7/2023,dsiemonsp8@delicious.com,Demetri,Siemons,8 Kenwood Pass,Peru,Hat,X-Large,3
01HPYDXCBJ7EP50FPZBWPW7P3D,12/27/2023,hdawdryp9@opensource.org,Helaina,Dawdry,2205 Claremont Junction,Brazil,Tshirt,Medium,2
01HPYDXCBM15AQNGH5X4KRPDWN,5/5/2023,bdomesdaypa@techcrunch.com,Boot,Domesday,49 Brickson Park Place,France,Hoody,Medium,3
01HPYDXCBN7Z6W4NFP7ARAFR82,10/29/2023,cbardillpb@themeforest.net,Carmina,Bardill,857 Quincy Park,Brazil,Tshirt,X-Large,1
01HPYDXCBP100J4D4JC5ZQENGQ,5/7/2023,ifranceschpc@wikia.com,Inglebert,Francesch,7473 Mccormick Trail,Peru,Hoody,Medium,3
01HPYDXCBRX8838ZPYEJP0N4G4,1/12/2023,epedreschipd@mozilla.org,Eugenius,Pedreschi,00638 Oneill Trail,United Kingdom,Shorts,Medium,1
01HPYDXCBSQA7GM7TWAJMPG4W8,9/23/2023,gtomsape@thetimes.co.uk,Gusta,Tomsa,99613 Johnson Street,United States,Shorts,Small,2
01HPYDXCBTGKAN6N1BJFGA3DT4,12/28/2023,gouverpf@ovh.net,Guntar,Ouver,545 Raven Lane,Peru,Scarf,Small,3
01HPYDXCBV136F7H43SQ2BQ0AC,3/15/2023,gchaplynpg@fc2.com,Goddart,Chaplyn,2691 Karstens Plaza,Peru,Jacket,Medium,3
01HPYDXCBXH8VA1ZJ0T2G1X59G,10/18/2023,mdiruggieroph@networksolutions.com,Morris,Di Ruggiero,5 Grasskamp Terrace,France,Hoody,Large,1
01HPYDXCBYCZ4DRRAVG22DA2Y5,6/11/2023,ohubandpi@blinklist.com,Orion,Huband,9 Shoshone Plaza,Canada,Tshirt,Medium,2
01HPYDXCBZR4CCCKV6RAWZA0J9,1/5/2023,hlavrickpj@ox.ac.uk,Heddie,Lavrick,170 Oxford Court,France,Shorts,Medium,1
01HPYDXCC0HVFNV9D9KBWMEJ44,9/12/2023,comahonypk@sfgate.com,Colene,O' Mahony,1129 1st Parkway,Sweden,Hoody,X-Large,4
01HPYDXCC23KXN6077B9ZM3KDD,11/17/2023,dwoofpl@altervista.org,Devi,Woof,7376 Calypso Pass,United States,Tshirt,XX-Large,3
01HPYDXCC4JTEA10VT85W6GCYY,1/24/2023,agierckpm@mediafire.com,Annelise,Gierck,18796 Aberg Court,France,Hoody,Large,3
01HPYDXCC6FPB09QY19SKJGTP0,11/12/2023,rcastellapn@ted.com,Rowena,Castella,48956 International Park,France,Tshirt,Large,3
01HPYDXCC8C7SYART7ND2FM4SC,1/8/2023,ascholfieldpo@angelfire.com,Aurora,Scholfield,8 School Drive,Brazil,Gloves,Large,3
01HPYDXCCBZ99MF7P74VFK2RZX,8/1/2023,sjollypp@washingtonpost.com,Sadella,Jolly,74206 Melvin Plaza,United States,Scarf,XX-Large,3
01HPYDXCCD9PQG6VVGHQ99J8W3,5/7/2023,rdightpq@nature.com,Rickert,Dight,22 Melody Alley,Brazil,Sweater,Medium,1
01HPYDXCCG5Z20XC0Z6F1CSQYZ,8/21/2023,mcucheypr@mapy.cz,Meridith,Cuchey,5 Burning Wood Point,Brazil,Sweater,X-Large,3
01HPYDXCCKVPFEJVSNCYQEQDN6,9/9/2023,gredheadps@webeden.co.uk,Gabby,Redhead,4 Monica Parkway,Argentina,Scarf,Medium,4
01HPYDXCCNZ8MP22T6K6XYV82Y,1/24/2023,espillmanpt@sun.com,Elvera,Spillman,8 Sunbrook Center,United States,Sweater,Medium,3
01HPYDXCCQZR296TXP2QSBZDBZ,7/9/2023,rmarypu@ebay.co.uk,Ricard,Mary,35745 Heffernan Crossing,Brazil,Hoody,Medium,3
01HPYDXCCTM1CZZ7N3XVCK13NB,7/19/2023,bgewerpv@webnode.com,Bordy,Gewer,5663 Toban Court,Brazil,Hoody,Large,2
01HPYDXCCWDQTEPNWTJJD31MGR,10/11/2023,nbenespw@bloomberg.com,Nat,Benes,33 Morningstar Terrace,Brazil,Tshirt,X-Large,3
01HPYDXCCYZ7SBV4364A4Q3HZ0,5/23/2023,ctotterdellpx@umn.edu,Caro,Totterdell,44 Randy Road,United States,Hoody,Medium,3
01HPYDXCCZ7DBC27KPH0QTFB23,7/3/2023,swrathmallpy@booking.com,Shani,Wrathmall,9 Mendota Pass,Brazil,Tshirt,X-Large,3
01HPYDXCD1T0SGHYSZ997NPB3A,4/15/2023,mhutsonpz@yellowpages.com,Morly,Hutson,752 Crest Line Way,Nigeria,Shorts,Medium,4
01HPYDXCD2BN9AKGH3YZTSFH9R,9/21/2023,nwrideq0@ucla.edu,Nady,Wride,540 Mccormick Trail,United States,Gloves,Small,1
01HPYDXCD3R7X89H0Y3F4TGZ14,12/14/2023,hmargiottaq1@ed.gov,Hamlen,Margiotta,0 Walton Way,Brazil,Scarf,Small,2
01HPYDXCD5YFDRHB3JZ4GEF0NG,7/23/2023,sbowdonq2@reference.com,Simmonds,Bowdon,2722 Dorton Plaza,Peru,Jacket,X-Large,3
01HPYDXCD6T70QJFMG4HYZ85P2,3/14/2023,nbowlesq3@zdnet.com,Nerta,Bowles,15669 Lakewood Trail,Canada,Hoody,Medium,4
01HPYDXCD71XZZEZM9KS90K0XE,12/19/2023,cschubertq4@purevolume.com,Cyb,Schubert,7166 Nelson Way,Brazil,Tshirt,Small,3
01HPYDXCD9P6X0WJ7VF1F5ECRS,7/14/2023,vgarmstonq5@stanford.edu,Vincents,Garmston,99 2nd Road,France,Sweater,Medium,4
01HPYDXCDA0PVYJVGAPGCNT4S3,9/29/2023,dbrusinq6@psu.edu,Delphine,Brusin,2142 Marcy Alley,Brazil,Tshirt,XX-Large,1
01HPYDXCDBH8YD4DCSMHMSV5VT,2/2/2023,kternentq7@mac.com,Kristoforo,Ternent,2796 Steensland Road,Nigeria,Hoody,Medium,2
01HPYDXCDCGXRS04MR0RY4Z0E8,4/3/2023,cadamssonq8@umich.edu,Charmain,Adamsson,7 Pennsylvania Place,Brazil,Scarf,X-Large,4
01HPYDXCDEKQRKHQQ7GDK09RXA,9/29/2023,greadq9@google.cn,Gage,Read,461 Melby Court,France,Shorts,X-Large,2
01HPYDXCDF0VAJ3QWNZD4VEN8B,9/7/2023,bdickensonqa@tinyurl.com,Barclay,Dickenson,35249 Briar Crest Pass,Spain,Gloves,Small,1
01HPYDXCDGSPK489MJ33VBGVAQ,7/9/2023,aralstonqb@istockphoto.com,Antonius,Ralston,64 Hanson Street,France,Sweater,Large,3
01HPYDXCDJ08FVKAA6ZZ9SFW54,11/27/2023,atungayqc@ftc.gov,Aymer,Tungay,21 Bonner Parkway,Brazil,Shorts,X-Large,4
01HPYDXCDKW5BKVKW5TWAQT7D3,8/23/2023,pfairbraceqd@sphinn.com,Paulette,Fairbrace,82817 Hudson Crossing,Peru,Tshirt,X-Large,1
01HPYDXCDM9MCYS6ZHHP2G0V2M,11/4/2023,lmelodyqe@flickr.com,Linzy,Melody,2 Merry Trail,Germany,Tshirt,Small,3
01HPYDXCDN54MEPFJGM00MQ2WR,3/7/2023,esomersetqf@booking.com,Eberto,Somerset,58 Katie Plaza,France,Hoody,X-Large,4
01HPYDXCDQ270H3R7S3HNYGG36,9/24/2023,aklamptqg@latimes.com,Aileen,Klampt,91692 Leroy Court,United States,Tshirt,Large,4
01HPYDXCDRWFTJFM5JP69BMTYQ,5/3/2023,smaaszeqh@nytimes.com,Sibel,Maasze,21084 Beilfuss Hill,Australia,Hoody,Large,2
01HPYDXCDS7P2CHYXKFMDRB0CQ,4/19/2023,cvanleijsqi@g.co,Cthrine,Van Leijs,5 Sunfield Place,Brazil,Hat,XX-Large,4
01HPYDXCDVG55NR424NS5Y3PBS,7/18/2023,sprendevilleqj@kickstarter.com,Shurlocke,Prendeville,89829 Veith Court,Sweden,Tshirt,Large,1
01HPYDXCDWRNTVYV5Q3TJSWJ0P,4/20/2023,randreassenqk@sciencedirect.com,Rhianon,Andreassen,2 Farmco Park,France,Scarf,Medium,2
01HPYDXCDXHTSAT0D67RZ8QTN3,8/26/2023,pbockmanql@prweb.com,Prince,Bockman,91731 Carberry Place,Brazil,Hoody,Medium,2
01HPYDXCDYMREB05GREKA2EH9V,9/13/2023,lmatyatinqm@opensource.org,Lizzie,Matyatin,692 Summer Ridge Hill,Sweden,Tshirt,X-Large,4
01HPYDXCE0EYEKG5N93SDTT0BD,10/13/2023,apillingqn@sfgate.com,Anet,Pilling,7680 Village Terrace,France,Tshirt,Medium,4
01HPYDXCE1KNJCXMY0ZMK5T6EF,3/20/2023,jyallowleyqo@craigslist.org,Janey,Yallowley,33 Iowa Alley,Germany,Tshirt,XX-Large,2
01HPYDXCE2XEZ65HZY9E5RW0QK,7/1/2023,adessantqp@twitter.com,Arch,Dessant,46 David Pass,Brazil,Hoody,Medium,1
01HPYDXCE4HY4ZVNPM5K7YMT08,5/3/2023,rduckqq@msn.com,Rossie,Duck,924 Pine View Alley,United States,Hoody,Large,2
01HPYDXCE5A0NBR15QNDWCBYZM,1/10/2023,ecleeqr@rediff.com,Elset,Clee,68025 Charing Cross Crossing,Sweden,Tshirt,Medium,2
01HPYDXCE6TKHNRA3F3JSBHDSK,6/24/2023,awhibleyqs@ed.gov,Aeriel,Whibley,567 Straubel Drive,Brazil,Tshirt,Small,1
01HPYDXCE72S08E6ZY9QQAZMTE,9/27/2023,mfugeqt@simplemachines.org,Mindy,Fuge,0 Harbort Avenue,Bosnia and Herzegovina,Tshirt,Medium,3
01HPYDXCE9XS7HAK1MJ2HTZTJQ,9/19/2023,gwitcombequ@ucoz.ru,Garland,Witcombe,59845 Warrior Pass,Bosnia and Herzegovina,Tshirt,X-Large,1
01HPYDXCEA4H3YYJYXKXWVKJBW,6/10/2023,acarriageqv@washington.edu,Alis,Carriage,0371 Boyd Road,Peru,Hat,XX-Large,3
01HPYDXCEBECSXVW1NJPTRGZ4W,6/12/2023,fellermanqw@imageshack.us,Fons,Ellerman,3 Northwestern Trail,Nigeria,Tshirt,Large,2
01HPYDXCECE1V7C44V7D63M3FN,11/17/2023,carnetqx@cnn.com,Creight,Arnet,1 Mosinee Crossing,Peru,Shorts,Medium,3
01HPYDXCEEV4PE9WJFPM3J28FB,3/1/2023,mbraidenqy@abc.net.au,Murvyn,Braiden,63255 Warner Place,France,Hat,Large,4
01HPYDXCEFFH72YW6ARAGTJ3XH,2/10/2023,karmitqz@amazon.co.uk,Keefe,Armit,0776 4th Circle,Brazil,Tshirt,Medium,4
01HPYDXCEG238Y4HGPX1CC5KCV,11/4/2023,krubbensr0@addthis.com,Kenna,Rubbens,32392 Fieldstone Lane,Nigeria,Tshirt,Large,1
01HPYDXCEHPPGGA7P2KRTBXSXP,1/11/2023,jgatenbyr1@mediafire.com,Janith,Gatenby,811 Hollow Ridge Crossing,France,Gloves,Medium,2
01HPYDXCEKTES9NXQFAMP2VPHZ,6/28/2023,mfilipputtir2@people.com.cn,Mellisent,Filipputti,3 Gina Lane,Ireland,Gloves,Medium,1
01HPYDXCEM0Q5R5G59VK78AN9B,3/1/2023,npauncefortr3@usatoday.com,Nickie,Pauncefort,80 Ruskin Way,United States,Scarf,Medium,2
01HPYDXCENM6DCE10HAQX2YD9J,1/18/2023,cricciardellir4@xrea.com,Christen,Ricciardelli,1695 Evergreen Circle,France,Hoody,Medium,4
01HPYDXCEPRY270N7RG1NMQJ52,3/4/2023,ndelgardor5@cornell.edu,Niki,Delgardo,3 Drewry Point,France,Tshirt,Large,4
01HPYDXCERFREDA5G4PG2DCF77,12/8/2023,frushworthr6@bbb.org,Fred,Rushworth,7 Lakewood Crossing,Sweden,Hat,Medium,2
01HPYDXCESGS1CAE0QT6BKCX08,8/10/2023,nswinerdr7@usnews.com,Nobie,Swinerd,94 Brickson Park Plaza,Brazil,Tshirt,Small,3
01HPYDXCETR9T31BCSP26WXNS4,4/1/2023,drolfor8@addtoany.com,Dom,Rolfo,89631 Bluejay Terrace,Canada,Tshirt,Medium,4
01HPYDXCEVC9ZS1KEEEFFEZ4CW,4/2/2023,npybworthr9@pbs.org,Nora,Pybworth,222 Susan Court,Argentina,Shorts,Medium,4
01HPYDXCEX434F2FPXD3R9PFCV,6/2/2023,nawdryra@nsw.gov.au,Nevins,Awdry,9492 Sommers Lane,Argentina,Shorts,X-Large,4
01HPYDXCEYHPZF1ZPKVT6J2A46,11/9/2023,wtaddrb@pen.io,Wilbur,Tadd,37783 Anhalt Lane,United States,Hoody,Large,4
01HPYDXCF14M52CDZM2E4XYB55,4/8/2023,rmccartrc@weebly.com,Raynard,McCart,8757 Northwestern Circle,France,Hoody,Medium,1
01HPYDXCF31JK7V7CYY3WEV6PT,5/19/2023,evollerrd@reference.com,Eilis,Voller,32006 Moulton Plaza,Uruguay,Tshirt,Small,3
01HPYDXCF4XGMPNYNT1NB88G6R,3/26/2023,vmckellochre@bluehost.com,Verne,McKelloch,47 Scott Circle,France,Sweater,Medium,1
01HPYDXCF67KEHMA0BYRHVZVP5,10/22/2023,lcatchesiderf@cisco.com,Leanora,Catcheside,795 Laurel Drive,Argentina,Shorts,Medium,4
01HPYDXCF7T19KM77P2HJSD04N,11/18/2023,mbeausangrg@feedburner.com,Maximilien,Beausang,792 Gateway Park,Norway,Tshirt,Small,3
01HPYDXCFAGYZ8T17C38B80YEC,4/16/2023,ddarcorh@eepurl.com,Dasie,Darco,5 Vernon Hill,Peru,Hoody,Medium,4
01HPYDXCFB1CM9WX2VBKK1P0M0,11/27/2023,ftuckleyri@fastcompany.com,Forest,Tuckley,50 Gale Court,Peru,Gloves,Medium,4
01HPYDXCFD9AR55GSBVQHKHJV1,5/13/2023,cgodilingtonrj@linkedin.com,Calla,Godilington,44 Morning Street,France,Tshirt,Large,2
01HPYDXCFETAKKVVQF5BXW054B,9/13/2023,aenglishrk@privacy.gov.au,Artair,English,6 Ludington Pass,Italy,Tshirt,X-Large,3
01HPYDXCFGX002FTM7RK0VF0GM,11/18/2023,kpulfordrl@fastcompany.com,Karita,Pulford,8762 Lunder Parkway,Brazil,Tshirt,XX-Large,2
01HPYDXCFHCZTWJ7BMA1YFD65A,8/24/2023,cyushkinrm@nationalgeographic.com,Cati,Yushkin,97184 Crescent Oaks Hill,Brazil,Tshirt,Medium,1
01HPYDXCFJWKY9VENRVBYYDW0R,6/29/2023,wlightbownern@prweb.com,Winny,Lightbowne,0392 Texas Avenue,Uganda,Gloves,XX-Large,1
01HPYDXCYR69CRNN4CRZASRRFW,3/12/2023,sassantero@auda.org.au,Sheena,Assante,26 Redwing Crossing,Argentina,Shorts,Medium,4
01HPYDXCYV0W35NK70FAQMGMYM,1/26/2023,cmazinrp@msu.edu,Concettina,Mazin,38 Sommers Avenue,Argentina,Hoody,Large,1
01HPYDXCYY2KZ2QQRQC4F8T6GV,12/13/2023,cfrantzrq@google.de,Colline,Frantz,7009 Artisan Avenue,Brazil,Hoody,Medium,3
01HPYDXCYZTRR7SN29CJM01B8B,12/25/2023,hbeardsallrr@joomla.org,Humbert,Beardsall,23 Fallview Plaza,France,Jacket,XX-Large,4
01HPYDXJMNQ9J8PWHVKQVZY4S0,1/24/2023,awelds0@foxnews.com,Allyce,Welds,679 Barnett Street,Brazil,Tshirt,Medium,2
01HPYDXJQ0WDD4B01N723MHGYB,11/5/2023,lbernardi1@reference.com,Leontyne,Bernardi,417 Melby Plaza,Peru,Jacket,Large,3
01HPYDXJQ3ZTDAD7HFVT4C7G8T,10/23/2023,aburlingame2@nbcnews.com,Abbott,Burlingame,0 Grover Center,Brazil,Hat,X-Large,4
01HPYDXJQ5W11A5TC3TR14P4H4,8/16/2023,mstanlike3@lycos.com,Mildred,Stanlike,80629 Moose Place,Argentina,Gloves,Medium,4
01HPYDXJQ76D7BSC9PW7JVV2QC,2/10/2023,czambonini4@fc2.com,Clim,Zambonini,04692 Crownhardt Terrace,Sweden,Hat,X-Large,1
01HPYDXJQ9N3H6K9J3C41PTTMW,7/31/2023,cstanlack5@freewebs.com,Charissa,Stanlack,4 Karstens Pass,Argentina,Hoody,Large,1
01HPYDXJQCERT857SZSSRAFDWP,1/1/2023,bickov6@digg.com,Berkeley,Ickov,23730 Macpherson Parkway,Brazil,Jacket,X-Large,3
01HPYDXJQEZPXX8JNDQBNSRQYR,9/24/2023,ahards7@biblegateway.com,Alfie,Hards,6 3rd Drive,Sweden,Tshirt,Medium,2
01HPYDXJQGKFZTRGWA7VG01Y8X,4/10/2023,ejervis8@prlog.org,Euphemia,Jervis,459 Maryland Terrace,France,Tshirt,Medium,4
01HPYDXJQJN99M70ZEJNGJ79P0,10/15/2023,lkeslake9@msu.edu,Les,Keslake,36 Merry Point,France,Tshirt,Large,1
01HPYDXJQMWKF8AHKP4DTSQFZE,2/11/2023,lloosleya@xinhuanet.com,Linoel,Loosley,0 Cascade Center,United States,Hoody,X-Large,4
01HPYDXJQP7RAHGPDTD825VKF8,4/2/2023,rstpierreb@europa.eu,Rebekkah,St Pierre,478 Prairieview Terrace,Brazil,Hat,Medium,4
01HPYDXJQRMX9DQSTNMPC18SC9,7/6/2023,kreynishc@bbb.org,Kleon,Reynish,7 Dennis Junction,Peru,Tshirt,XX-Large,3
01HPYDXJQTN7BWFJAYG5NVEJDK,3/5/2023,ephebyd@lulu.com,Esther,Pheby,473 International Hill,France,Hoody,Large,3
01HPYDXJQW8F70Y2SVNE48MBX0,6/11/2023,cmadgwicke@salon.com,Cam,Madgwick,9 Fremont Pass,United States,Scarf,Large,2
01HPYDXJQY8HB906NVV98YKHVV,9/29/2023,tmclemanf@cbc.ca,Terri-jo,McLeman,042 Anniversary Center,Norway,Hoody,Medium,1
01HPYDXJR00ZG3A3WBPAFKMJKP,2/3/2023,scarwithimg@ebay.com,Stafani,Carwithim,33957 South Road,Nigeria,Tshirt,Medium,3
01HPYDXJR261YP2FVFK69G3JJE,5/25/2023,rbunclarkh@imgur.com,Raimundo,Bunclark,78 Cottonwood Way,Brazil,Hoody,Medium,2
01HPYDXJR55C4D135HQEE917RD,4/22/2023,akelsowi@un.org,Ali,Kelsow,53 Basil Crossing,Brazil,Shorts,Medium,2
01HPYDXJR725VF78K8E694F1PE,7/22/2023,ybletsorj@1und1.de,Yoshi,Bletsor,949 Oak Valley Drive,Brazil,Tshirt,XX-Large,3
01HPYDXJR9N1WJG9E1YBZWQSRK,11/6/2023,wledgewayk@123-reg.co.uk,Wylie,Ledgeway,72 Nova Junction,Canada,Tshirt,Large,3
01HPYDXJRB38DTX60DK5H8NHGQ,4/29/2023,bmalbonl@networkadvertising.org,Blondell,Malbon,586 Pepper Wood Alley,Bosnia and Herzegovina,Tshirt,Medium,1
01HPYDXJRDYP4BPTQE28H34NDH,2/28/2023,nandrieum@youtube.com,Nichole,Andrieu,31 Mendota Avenue,France,Sweater,Small,3
01HPYDXJRFVVZJ57DH8G0FB58D,9/10/2023,nbraimn@creativecommons.org,Nannette,Braim,20 Ludington Crossing,Argentina,Scarf,Medium,4
01HPYDXJRHWG01RKY24935J0AG,8/10/2023,tcunnaho@amazonaws.com,Thain,Cunnah,61 Bultman Drive,Australia,Tshirt,XX-Large,2
01HPYDXJRK734NB9Y5EVNR34SK,3/13/2023,rspellicyp@google.ca,Ruben,Spellicy,46523 Di Loreto Park,Ireland,Hoody,Medium,1
01HPYDXJRN1HQV43SS7BE2FB3G,12/15/2023,jdorwoodq@qq.com,Janene,Dorwood,922 Lakeland Place,United States,Sweater,Small,2
01HPYDXJRQYDVM16N81D6DRHSQ,9/15/2023,lwemyssr@taobao.com,Liz,Wemyss,9 Susan Hill,Peru,Tshirt,X-Large,3
01HPYDXJRSS93DBZ1SVK7BTS85,7/28/2023,dnieces@list-manage.com,Danny,Niece,13136 Pleasure Trail,Nigeria,Hoody,Medium,1
01HPYDXJRW5GBV4XV2G2STAJF6,11/13/2023,gphettet@biglobe.ne.jp,Graehme,Phette,41 Rutledge Plaza,Sweden,Tshirt,X-Large,3
01HPYDXJRYTBWKSPQA9E0TKQEQ,10/30/2023,dmaffeyu@nps.gov,Daron,Maffey,484 Westerfield Alley,Norway,Hoody,X-Large,2
01HPYDXJS081X5EM3HB3EP6815,4/6/2023,ahirthev@github.com,Ainslee,Hirthe,34628 Killdeer Pass,United States,Hoody,XX-Large,3
01HPYDXJS2NJNSWMFCB9N4JW6T,8/11/2023,lklinew@archive.org,Lanette,Kline,5 Lawn Terrace,United Kingdom,Hoody,XX-Large,1
01HPYDXJS4G1S39HMFTCKQ7S4W,12/20/2023,dheckneyx@jugem.jp,Dave,Heckney,20 East Alley,Brazil,Hoody,XX-Large,4
01HPYDXJS6Q760WZXNDM9Q1QGW,11/14/2023,rkramery@redcross.org,Robers,Kramer,696 Anzinger Lane,Argentina,Gloves,Medium,2
01HPYDXJS94RES46AP2DE1X4WG,11/20/2023,twayez@uiuc.edu,Turner,Waye,02274 Porter Lane,Ireland,Hoody,Medium,4
01HPYDXJSB5KTAMN85YK88NHQP,8/15/2023,htrask10@prnewswire.com,Hilly,Trask,888 Quincy Junction,France,Scarf,Large,3
01HPYDXJSDB234A64FVAQ8YSXA,6/2/2023,pgeldard11@tumblr.com,Philippine,Geldard,6 Lakeland Point,Canada,Tshirt,Medium,4
01HPYDXJSGW3SJ1YCZ05ATQGJE,11/27/2023,glamburn12@purevolume.com,Genevieve,Lamburn,2525 Esch Way,Brazil,Tshirt,Medium,3
01HPYDXJSJFESJ4T0V3P3EB1YM,4/9/2023,rbellsham13@goodreads.com,Romola,Bellsham,7678 Warbler Way,United States,Scarf,X-Large,2
01HPYDXJSMK40CP6Z743090EBW,5/19/2023,pawde14@discuz.net,Porter,Awde,923 Golf Pass,United States,Hoody,XX-Large,3
01HPYDXJSP0RFAKGKGGXV2ZW6C,4/19/2023,lstepto15@lulu.com,Linette,Stepto,0556 Maryland Trail,Peru,Jacket,Large,4
01HPYDXJSSDE8RG81QBR6HTG1T,12/5/2023,mmclucas16@shop-pro.jp,Martha,McLucas,2547 Riverside Alley,Brazil,Scarf,Medium,1
01HPYDXJSV806CYTGCXCNJ5RY1,7/30/2023,askacel17@nba.com,Andie,Skacel,2 Tony Lane,France,Hoody,Medium,4
01HPYDXJSX2AGNWCA807AFE7E9,2/19/2023,jmccue18@facebook.com,Jamima,McCue,69 Fulton Circle,United States,Scarf,X-Large,1
01HPYDXJSZ3YFX6YGSZWN4VJ6V,11/30/2023,uabell19@google.ru,Umberto,Abell,1 Westerfield Avenue,Norway,Scarf,XX-Large,4
01HPYDXJT1E5S97E67R7F1B3N2,6/13/2023,jslym1a@wisc.edu,Janot,Slym,84 Loftsgordon Lane,France,Sweater,Large,3
01HPYDXJT4QF0AH9KNZ44MH45D,2/4/2023,kmarginson1b@yellowpages.com,Kelwin,Marginson,2781 Norway Maple Pass,Brazil,Scarf,X-Large,4
01HPYDXJT6TCYY8TATDAQEF1Q3,11/4/2023,jlyosik1c@slate.com,Jessi,Lyosik,74086 Clemons Plaza,Uruguay,Tshirt,Large,4
01HPYDXJT8FA2331CS202TPH90,1/2/2023,sellif1d@multiply.com,Seline,Ellif,6264 Alpine Point,Sweden,Hoody,Large,1
01HPYDXJTB39FA4HN06MJ5QK7G,12/29/2023,mandriessen1e@earthlink.net,Marja,Andriessen,805 Londonderry Place,Sweden,Hoody,Medium,3
01HPYDXJTDRS1BDQ9JG4C7CACD,3/29/2023,broughey1f@scientificamerican.com,Betsey,Roughey,4074 Clyde Gallagher Court,Brazil,Shorts,Medium,1
01HPYDXJTFYW3VN4FSZR8YZRGC,4/12/2023,vstallon1g@scientificamerican.com,Vite,Stallon,5 Pawling Pass,France,Hat,Medium,1
01HPYDXJTHC7M3ZK0C96NQRF3V,8/8/2023,akincaid1h@about.me,Alphonso,Kincaid,32 Katie Terrace,Sweden,Gloves,Medium,1
01HPYDXJTKEFP15MS4EBXC1PZZ,8/19/2023,glemonnier1i@meetup.com,Gareth,Lemonnier,3 Caliangt Hill,Brazil,Sweater,Medium,1
01HPYDXJTN8DAYX46Z0KCRRFTT,7/7/2023,olippiello1j@irs.gov,Otto,Lippiello,47743 Tomscot Avenue,Sweden,Hoody,Medium,3
01HPYDXJTQVZWNYT2YXVZ5ETSA,11/15/2023,gatherton1k@hibu.com,Gladi,Atherton,87644 Dawn Court,United States,Tshirt,Medium,3
01HPYDXJTSFB7K5YZDY907C267,8/25/2023,charesnape1l@cafepress.com,Cissy,Haresnape,45 Swallow Plaza,Peru,Hoody,XX-Large,1
01HPYDXJTWTQVK3PC6RAHGR92F,11/20/2023,bmarzelo1m@cbc.ca,Byran,Marzelo,10410 Melrose Center,Peru,Hoody,X-Large,1
01HPYDXJTYCC1A2363N8F4MRB5,1/7/2023,tkibbye1n@tripod.com,Tynan,Kibbye,31531 Kinsman Avenue,Brazil,Tshirt,Medium,2
01HPYDXJV0YGQKD0JY5A2ADRXG,5/1/2023,smarner1o@multiply.com,Shurlocke,Marner,96 Meadow Valley Road,Brazil,Hoody,XX-Large,4
01HPYDXJV33XH5JXPTXQEK2YHP,11/6/2023,abeaves1p@tinyurl.com,Agretha,Beaves,2300 Messerschmidt Plaza,United Kingdom,Tshirt,XX-Large,1
01HPYDXJV5RQK298YE80KVTBQG,12/12/2023,jolerenshaw1q@bbb.org,Jan,Olerenshaw,829 Mendota Hill,United States,Hoody,XX-Large,4
01HPYDXJV7SSS4NRMFR9Q7HHYQ,2/5/2023,adilley1r@uiuc.edu,Addie,Dilley,6029 Ohio Drive,Sweden,Tshirt,Medium,1
01HPYDXJVAAB0GT0F7NYZDCKDA,10/31/2023,kcaesman1s@goodreads.com,Kiersten,Caesman,09358 Vermont Street,France,Sweater,X-Large,4
01HPYDXJVCTMWJA3ZCD5XZ70X2,12/19/2023,ajenks1t@netlog.com,Allix,Jenks,69724 Hoffman Court,France,Tshirt,Large,3
01HPYDXJVE0WDK2ME1HNXTP2PV,7/7/2023,cmccormick1u@wired.com,Carce,McCormick,8 Daystar Way,Argentina,Scarf,Medium,2
01HPYDXJVHY4K5X1RE286SYJXP,6/16/2023,rhathwood1v@noaa.gov,Rodie,Hathwood,51901 Pierstorff Way,Argentina,Hoody,X-Large,4
01HPYDXJVKRJ25QWSE0GHN6704,4/15/2023,ahurich1w@cbc.ca,Amanda,Hurich,71366 Brentwood Street,United Kingdom,Sweater,Medium,1
01HPYDXJVN9BPV6M92YA73XQKC,9/16/2023,hgudde1x@cbslocal.com,Hollis,Gudde,2 Doe Crossing Pass,France,Gloves,Large,3
01HPYDXJVR9Q6M6C8VWCV56NDY,5/12/2023,bschimke1y@dell.com,Billi,Schimke,4 Oriole Road,Brazil,Jacket,Medium,3
01HPYDXJVT6VT5HA5FGP92R5PC,12/11/2023,sfirmage1z@mayoclinic.com,Sybilla,Firmage,61 Weeping Birch Place,Peru,Hat,Medium,4
01HPYDXJYJX7Y18GFQBWB8TX7E,7/23/2023,mrene20@gmpg.org,Marina,Rene,1 Del Mar Avenue,Argentina,Hat,Medium,3
01HPYDXJYN7N2J85A578WNWHBJ,11/22/2023,ujeenes21@marketwatch.com,Umberto,Jeenes,15 Raven Pass,Brazil,Hat,Large,1
01HPYDXJYQMTHNPWZKJFVEQCXR,8/20/2023,nkepp22@flickr.com,Nelia,Kepp,0 Glacier Hill Trail,Brazil,Tshirt,Small,4
01HPYDXJYSACEQVAD7J9FHDA30,12/1/2023,hwinton23@ow.ly,Hyacinthia,Winton,4979 Logan Center,Sweden,Jacket,Medium,2
01HPYDXJYVFDCTCEM8PVZWASGG,5/31/2023,wemeny24@canalblog.com,Wilhelmine,Emeny,29 Eliot Center,France,Scarf,Small,1
01HPYDXJYX86XSA90EMFQZXA9V,10/4/2023,fakrigg25@jigsy.com,Fawnia,Akrigg,7856 Hanover Way,Germany,Sweater,Medium,1
01HPYDXJYZVQ1PPJRCC5N3HB06,3/30/2023,pakister26@cisco.com,Phaedra,Akister,2 Darwin Road,Brazil,Jacket,Medium,1
01HPYDXJZ1H2F8GSS8DYR0W50C,12/22/2023,ebeldum27@wikispaces.com,Etti,Beldum,42 Manley Alley,United States,Shorts,XX-Large,1
01HPYDXJZ4FNT37TA0EWBHYVPM,9/15/2023,mastling28@constantcontact.com,Massimo,Astling,5 Oakridge Place,Brazil,Jacket,Medium,2
01HPYDXJZ67RCYTM3XQF7G6X4R,2/17/2023,vskellen29@edublogs.org,Valentia,Skellen,4 Mosinee Place,Brazil,Jacket,Medium,4
01HPYDXJZ8K02N17J8PW1MA0RQ,2/4/2023,ppayn2a@answers.com,Petronille,Payn,1078 Shoshone Alley,Sweden,Hoody,Medium,4
01HPYDXJZAXDA8X94T9SEW52GB,5/28/2023,cchimes2b@weather.com,Christoforo,Chimes,058 Warbler Avenue,Brazil,Hoody,Medium,2
01HPYDXJZC08MD3T9R7BYHZ049,10/23/2023,jcantor2c@sphinn.com,Jamie,Cantor,7563 Bartelt Hill,Brazil,Tshirt,Large,4
01HPYDXJZE48RB8SSCBE4Q9D20,2/10/2023,lbrunsdon2d@sohu.com,Laurel,Brunsdon,91 Cascade Road,Canada,Tshirt,Medium,4
01HPYDXJZGXDZXC817ZZMXARZS,6/12/2023,vdunmuir2e@cnn.com,Valentine,Dunmuir,93 Summerview Hill,Peru,Hoody,Small,4
01HPYDXJZJ06D288QND9FB5EXK,5/27/2023,bguilloud2f@oaic.gov.au,Bette-ann,Guilloud,1929 Elka Court,United States,Shorts,Small,4
01HPYDXJZMSM19VJ0FNJWHB4HP,12/18/2023,sniesing2g@baidu.com,Shep,Niesing,018 Green Road,Nigeria,Scarf,XX-Large,4
01HPYDXJZP8JCY38X05DDT647J,9/12/2023,enorwood2h@zimbio.com,Esmeralda,Norwood,26 Mitchell Point,Norway,Scarf,Small,1
01HPYDXJZR0FT3ZTYEMT2V2EWH,3/17/2023,bborsi2i@mediafire.com,Burtie,Borsi,99 Acker Place,Norway,Tshirt,Medium,1
01HPYDXJZTE1MK4YJ0DXYAT415,10/13/2023,khaps2j@shutterfly.com,Kris,Haps,81 Esker Plaza,Brazil,Jacket,X-Large,2
01HPYDXJZWB1R2F8P3WQ9FS77H,7/18/2023,nwinspeare2k@myspace.com,Nico,Winspeare,36966 Nelson Place,Uruguay,Shorts,XX-Large,3
01HPYDXJZZ14AZK824NGCV5830,1/14/2023,ksmidmoor2l@free.fr,Karlene,Smidmoor,87617 Shopko Crossing,France,Hoody,Medium,3
01HPYDXK0165XH7TQG05FNF501,5/12/2023,dosgood2m@netvibes.com,Douglass,Osgood,13 Schurz Park,Canada,Hoody,Medium,2
01HPYDXK0338C1JA42R5V0K8K8,7/23/2023,dbray2n@google.com.hk,Dun,Bray,43 Prairieview Parkway,Bosnia and Herzegovina,Tshirt,Large,3
01HPYDXK05RJFVFDBBCTFTEKN0,8/25/2023,wmcaleese2o@cnbc.com,Winifield,McAleese,2 Westport Center,Sweden,Sweater,XX-Large,4
01HPYDXK07318KDV3AB0M1FBHX,6/9/2023,ttungay2p@typepad.com,Tybalt,Tungay,8429 Roxbury Parkway,Italy,Sweater,Small,2
01HPYDXK09Y9ZMCCNAT7NERP0W,12/8/2023,dosipenko2q@seattletimes.com,Dana,Osipenko,182 Pennsylvania Court,Norway,Scarf,X-Large,4
01HPYDXK0BPXJXAFRRKVME03HB,4/22/2023,lspear2r@people.com.cn,Ludwig,Spear,7339 Hazelcrest Court,Spain,Shorts,XX-Large,2
01HPYDXK0D9H6307YPKVCJEXDB,9/3/2023,fbaldry2s@istockphoto.com,Forbes,Baldry,50987 Mayfield Center,Canada,Scarf,Medium,1
01HPYDXK0FN95KXWZMEZ5JBANA,7/6/2023,wbutterley2t@xinhuanet.com,Woody,Butterley,64 Daystar Crossing,Peru,Tshirt,Medium,3
01HPYDXK0HQJJDNBTGKNCQVVA8,8/14/2023,htenwick2u@shareasale.com,Harold,Tenwick,919 Summit Drive,Brazil,Tshirt,Medium,1
01HPYDXK0KRDJSEHPN0ZG5QA90,1/8/2023,dmcconnulty2v@mail.ru,Dana,McConnulty,00 Anhalt Pass,Sweden,Tshirt,XX-Large,2
01HPYDXK0NCP3MTM4A9WBRFEPX,3/7/2023,mtours2w@umn.edu,Marlena,Tours,5 Knutson Center,Brazil,Jacket,Small,3
01HPYDXK0QTD0HCMVANPXMTWZE,2/12/2023,msprigging2x@last.fm,Melantha,Sprigging,1 Kropf Way,Nigeria,Hoody,X-Large,1
01HPYDXK0SFRYXZM08FRFPQFY1,2/13/2023,rpopham2y@princeton.edu,Rosamond,Popham,84978 Sunnyside Park,Bosnia and Herzegovina,Tshirt,Medium,4
01HPYDXK0VWHYNR2FXPZSYQX9Q,6/8/2023,eacreman2z@newyorker.com,Elli,Acreman,779 Stoughton Avenue,Canada,Hoody,Medium,1
01HPYDXK0XDXR0AMGQC7Q6K5PH,9/17/2023,bgeely30@nsw.gov.au,Bartholemy,Geely,61693 Prairie Rose Way,Senegal,Tshirt,Medium,3
01HPYDXK0ZY7RN2SKP0K9T2BHY,3/26/2023,rgershom31@ycombinator.com,Roth,Gershom,58 Warner Way,Brazil,Shorts,Medium,2
01HPYDXK11QT45MZX2Z5TFYDCE,9/28/2023,cbarles32@oracle.com,Cart,Barles,92941 Myrtle Crossing,France,Shorts,Small,3
01HPYDXK128F9FS9WE2EN2ZXHY,1/30/2023,mbarrows33@cnbc.com,Mariette,Barrows,3 Michigan Junction,Brazil,Hoody,Large,2
01HPYDXK13NFEEWFVBW8M3RYHB,6/26/2023,gbareham34@whitehouse.gov,Gisele,Bareham,27249 Stuart Center,Brazil,Hat,Medium,1
01HPYDXK15QSRVVHAH7Y51QN4N,1/24/2023,fblown35@histats.com,Fae,Blown,4 Raven Park,Canada,Jacket,Large,4
01HPYDXK16YY60WXMNBGM78858,6/2/2023,mbodman36@sun.com,Maurie,Bodman,51 Crest Line Road,Argentina,Scarf,Medium,2
01HPYDXK17W3T0GTYXTEQ0CJ6D,12/20/2023,ppatrie37@theatlantic.com,Peri,Patrie,16 Bashford Crossing,United Kingdom,Tshirt,Large,2
01HPYDXK18TPQA7FPQPRETBE99,4/21/2023,tlansberry38@flickr.com,Tamarra,Lansberry,1149 Clarendon Park,Sweden,Tshirt,Large,4
01HPYDXK19KFM3CN6RB8WG2FHD,12/10/2023,jgarton39@xinhuanet.com,Jasen,Garton,285 Lotheville Court,United States,Jacket,X-Large,4
01HPYDXK1B78QGPF72CV867YDT,7/2/2023,lkemston3a@ycombinator.com,Luce,Kemston,15112 Almo Drive,Sweden,Hoody,XX-Large,3
01HPYDXK1CQAVRD189KD5649ZE,9/29/2023,hbriddle3b@wordpress.com,Haydon,Briddle,70455 Starling Place,Spain,Sweater,Medium,1
01HPYDXK1DG6Y7AH51TRKXKWN3,10/4/2023,wjandak3c@com.com,Winfred,Jandak,39620 Vidon Terrace,Argentina,Shorts,Large,4
01HPYDXK1F7VB0FVJG84XRVEZB,6/11/2023,aknappett3d@google.com,Anjanette,Knappett,8 Hermina Way,Argentina,Hoody,XX-Large,4
01HPYDXK1G8JWSHHH90Q7F7WFP,3/22/2023,ppetzold3e@intel.com,Phyllida,Petzold,0 Trailsway Avenue,Brazil,Hoody,XX-Large,3
01HPYDXK1H34D82ZQ6KZEZYCBA,9/26/2023,hfishburn3f@macromedia.com,Hilde,Fishburn,9 Vernon Park,Canada,Tshirt,Medium,1
01HPYDXK1JQGC6QEQ11C9G5PBW,8/8/2023,rkornousek3g@tumblr.com,Roddy,Kornousek,40829 Redwing Alley,Sweden,Scarf,XX-Large,1
01HPYDXK1KQDS5P67M5FH2BZRD,5/5/2023,mericssen3h@angelfire.com,Moreen,Ericssen,4 Starling Hill,Brazil,Hat,X-Large,4
01HPYDXK1NXWHG3AGFBT0GV6W4,8/23/2023,asillwood3i@discovery.com,Ashleigh,Sillwood,645 Lukken Lane,France,Tshirt,X-Large,2
01HPYDXK1PY2GGP0C79CYN8Q9P,12/26/2023,dsteljes3j@fema.gov,Doe,Steljes,591 Morningstar Point,Peru,Shorts,Small,4
01HPYDXK1QNE61NSNZCK3MRJF9,4/4/2023,gsaura3k@edublogs.org,Geralda,Saura,9 Mockingbird Point,Argentina,Gloves,X-Large,1
01HPYDXK1RPVXJX83T8XM35GY2,6/11/2023,omatveichev3l@desdev.cn,Otto,Matveichev,0877 Birchwood Point,Brazil,Sweater,Small,3
01HPYDXK1T0P4D14YCWSBWT7K8,12/9/2023,clinneman3m@zimbio.com,Conan,Linneman,5483 Village Green Street,Norway,Hoody,XX-Large,3
01HPYDXK1V0894JTDEFZYNFCKV,11/18/2023,chawe3n@ihg.com,Cliff,Hawe,61585 Vernon Avenue,Brazil,Hoody,Medium,4
01HPYDXK1WW4Y73FK8RB7BJX9J,11/19/2023,awaddilove3o@census.gov,Adelle,Waddilove,7 Tennyson Court,Sweden,Tshirt,Large,4
01HPYDXK1YPA19EX8Y1VA2YRN8,7/10/2023,zdewicke3p@freewebs.com,Zita,Dewicke,3 Ryan Junction,Sweden,Tshirt,Small,4
01HPYDXK1ZNQ71HSMHQH6SNC1H,8/18/2023,bvosse3q@youku.com,Byrom,Vosse,0 Scott Place,Nigeria,Tshirt,Small,4
01HPYDXK20FJSYJQFVSFFDXD7W,2/19/2023,cbenterman3r@infoseek.co.jp,Corrine,Benterman,29 Dovetail Terrace,France,Sweater,Medium,4
01HPYDXK21N7MJ9QQ9HVVGKYK3,9/2/2023,merdely3s@cnet.com,Marsiella,Erdely,67 Debs Avenue,Brazil,Scarf,X-Large,1
01HPYDXK23W1HRBRP47DTEM2JT,3/4/2023,kdover3t@tamu.edu,Katrina,Dover,9867 Talisman Center,Brazil,Hat,Medium,2
01HPYDXK252EG20FQZVCK9PJ7Q,6/21/2023,slibby3u@state.tx.us,Sydelle,Libby,18470 Esker Drive,France,Tshirt,Large,1
01HPYDXK264KKFGBZJK1GW1MQV,8/2/2023,cropars3v@fda.gov,Cristi,Ropars,16 Buena Vista Terrace,Brazil,Hoody,Medium,1
01HPYDXK274ABWFW61XBC94R0M,12/11/2023,mtrouel3w@hp.com,Maible,Trouel,28 Chinook Parkway,Brazil,Tshirt,XX-Large,3
01HPYDXK2910T2YMPYV4GQ7AA7,4/11/2023,erichter3x@icio.us,Ellsworth,Richter,0239 Norway Maple Plaza,United States,Gloves,XX-Large,2
01HPYDXK2A5D8CA4RW8WDGSYGF,3/20/2023,wedeler3y@pagesperso-orange.fr,Wanda,Edeler,7 Loeprich Junction,Brazil,Tshirt,Medium,1
01HPYDXK2CY6SN4XPKCETFCV2T,5/13/2023,jsybbe3z@netlog.com,Jard,Sybbe,4737 Michigan Road,Ireland,Shorts,Medium,2
01HPYDXK2E5ZDVGW2DDMA0D7MB,6/22/2023,blenox40@biglobe.ne.jp,Beck,Lenox,919 Bunting Terrace,Sweden,Tshirt,Large,1
01HPYDXK2GMGSVW1SZ99TVQ3PF,9/9/2023,grousel41@meetup.com,Giraldo,Rousel,9318 Ridgeview Street,Uganda,Shorts,Medium,3
01HPYDXK2HG8X4HJVP4J32J99B,4/25/2023,dwyard42@networksolutions.com,Dru,Wyard,95 Meadow Vale Street,Sweden,Hoody,Medium,1
01HPYDXK2KKXA9FSDX1PDN9GX3,12/6/2023,sklishin43@google.es,Susanna,Klishin,14 Moulton Plaza,United States,Scarf,Large,2
01HPYDXK2NJF4KKQ4TG9T09HVM,1/24/2023,twillshee44@google.co.uk,Tris,Willshee,435 Spenser Hill,United States,Tshirt,Large,4
01HPYDXK2PQYEKXFRVK08ZN2VG,6/8/2023,lpablos45@surveymonkey.com,Lindsey,Pablos,62446 Bultman Court,Chile,Hoody,X-Large,3
01HPYDXK2QABR2C5YKMRB7RVF9,5/11/2023,cerley46@wordpress.org,Carr,Erley,404 Holy Cross Center,Argentina,Tshirt,Small,4
01HPYDXK2S3MX03JJ9ACZH7QQW,6/28/2023,jbartram47@imdb.com,Juli,Bartram,923 Manitowish Lane,France,Tshirt,Medium,2
01HPYDXK2T4CR6H3MW3Q776VME,2/3/2023,mgrassi48@storify.com,Mella,Grassi,7 Moose Plaza,Sweden,Hat,Large,2
01HPYDXK2VAFB9HAMJFGQKH69M,11/16/2023,wlandrieu49@dell.com,Wyatt,Landrieu,60583 Lien Court,Peru,Tshirt,Medium,3
01HPYDXK2XZ41HE3SQJ73KVJAA,2/14/2023,akaminski4a@angelfire.com,Alexi,Kaminski,0 Westport Avenue,Peru,Sweater,XX-Large,3
01HPYDXK2YC6EMQ4KDQ8D57MYR,1/30/2023,gfeakins4b@comcast.net,Granthem,Feakins,8 Hanson Avenue,Canada,Hoody,Large,3
01HPYDXK2ZGQV1HABVFY4RNSJ9,6/17/2023,fshearsby4c@liveinternet.ru,Frayda,Shearsby,035 Meadow Valley Plaza,Peru,Tshirt,Small,1
01HPYDXK31H5RFRQX53CJ2S93W,1/17/2023,jblunt4d@desdev.cn,Jasmine,Blunt,64 Ludington Plaza,Ireland,Scarf,XX-Large,2
01HPYDXK32C7PQQHR33B9Z77T3,10/2/2023,oblanchette4e@sfgate.com,Orson,Blanchette,13 Elgar Trail,France,Jacket,Medium,4
01HPYDXK33ZE9GW4RG4K652CES,11/28/2023,nyarnall4f@forbes.com,Nita,Yarnall,1196 Bobwhite Point,Argentina,Tshirt,Medium,4
01HPYDXK34AW2FR1VN0H05TN5K,9/30/2023,vcolvine4g@sakura.ne.jp,Vita,Colvine,8796 5th Center,United States,Sweater,Medium,4
01HPYDXK365MYN65FJ7GWK9XC9,7/7/2023,rbettlestone4h@example.com,Roldan,Bettlestone,27017 Armistice Park,France,Tshirt,Large,1
01HPYDXK374BA2HTRQ0AZA8WM5,6/6/2023,abyas4i@spiegel.de,Anastassia,Byas,8392 Center Avenue,Brazil,Hoody,Medium,2
01HPYDXK3809QE73SGRSEVVSMR,3/15/2023,ideanesy4j@wordpress.com,Ingaberg,De Anesy,97 Onsgard Lane,Sweden,Scarf,Small,4
01HPYDXK39CRGHR4Q1T48FT473,10/4/2023,lbranni4k@edublogs.org,Lindy,Branni,80 Dwight Trail,Sweden,Shorts,Medium,4
01HPYDXK3BS8AEAWK2F6JT4DY2,6/8/2023,smcsweeney4l@sphinn.com,Symon,McSweeney,656 Holy Cross Pass,Sweden,Hoody,Medium,3
01HPYDXK3DJ9SBJT3FZKMW1VW4,7/21/2023,mparzizek4m@fastcompany.com,Martin,Parzizek,68531 Utah Pass,France,Scarf,X-Large,2
01HPYDXK3ESSP0249XWYNVA8TG,7/15/2023,owelds4n@icio.us,Olga,Welds,1 Dawn Way,Brazil,Hoody,Medium,3
01HPYDXK3G1CRKXH7D6HECWJWE,9/22/2023,mchevolleau4o@drupal.org,Monique,Chevolleau,923 Welch Center,United States,Hoody,Large,2
01HPYDXK3H1KA14VMRSWJW2DYH,3/5/2023,lsides4p@tinyurl.com,Layney,Sides,6169 Pierstorff Way,Brazil,Hoody,Large,3
01HPYDXK3JN13D9Y5BRSW0JY8P,5/4/2023,sgreaves4q@hubpages.com,Shandee,Greaves,83347 Esker Pass,Peru,Tshirt,X-Large,3
01HPYDXK3MXC6D3S138EJV117Y,1/17/2023,lshellcross4r@telegraph.co.uk,Lorrin,Shellcross,10725 Tony Crossing,Spain,Sweater,Large,3
01HPYDXK3PW01EYCPEFRC2QTZ9,2/8/2023,bcolliar4s@elegantthemes.com,Brooks,Colliar,2 Mcbride Parkway,France,Tshirt,Medium,2
01HPYDXK3QED2PT6C1BG7KZ7TP,2/6/2023,lglasser4t@ca.gov,Lennie,Glasser,705 Myrtle Plaza,Argentina,Hoody,X-Large,2
01HPYDXK4H446SKCMD5SDCM53D,3/14/2023,rspinley4u@mayoclinic.com,Reiko,Spinley,85692 Green Way,Argentina,Hoody,X-Large,2
01HPYDXK4J73BYBQTTEW7WX84C,2/5/2023,eladds4v@reuters.com,Elfrieda,Ladds,24 Parkside Parkway,Sweden,Tshirt,Large,3
01HPYDXK4KM7Y4F3ZV0H0S2BQQ,4/13/2023,fstobo4w@indiegogo.com,Fonsie,Stobo,12 Daystar Lane,France,Shorts,Medium,1
01HPYDXK4N3BS1BGDS0Z2KE82X,9/27/2023,sramard4x@europa.eu,Staffard,Ramard,60264 Gateway Alley,Brazil,Gloves,Large,4
01HPYDXK4PP4TXWPB9R7VWDJJ2,9/10/2023,nblythe4y@vk.com,Nerissa,Blythe,2091 Porter Park,Sweden,Jacket,X-Large,3
01HPYDXK4Q7WKYM6XKP28K11FM,9/1/2023,cjosephs4z@bloomberg.com,Candis,Josephs,20653 Jenifer Pass,Spain,Hoody,Medium,4
01HPYDXK4S3AGS9VXNTYQSVWYJ,8/8/2023,fszimoni50@pcworld.com,Francois,Szimoni,3 Mayfield Drive,Sweden,Tshirt,Medium,1
01HPYDXK4THMRSJAT7S30MKJ8A,4/13/2023,tjaffray51@kickstarter.com,Trude,Jaffray,600 Arizona Court,Norway,Hat,XX-Large,2
01HPYDXK4WBBVFX8YMTDCAG5PX,8/31/2023,jbassick52@aol.com,Josefina,Bassick,494 Mallard Junction,Uganda,Shorts,Small,2
01HPYDXK4XDV12FSZFZ4RRE0QZ,9/29/2023,rvivers53@wix.com,Raoul,Vivers,31 Kropf Trail,France,Hoody,Large,2
01HPYDXK4Y4TN4H7051J9KH7G3,1/4/2023,tancliff54@google.com,Tonye,Ancliff,794 Green Ridge Lane,Canada,Tshirt,XX-Large,2
01HPYDXK4Z1NCF1P15EW7AE0TH,7/2/2023,npaolacci55@nhs.uk,Norry,Paolacci,33361 Derek Court,Peru,Scarf,Medium,1
01HPYDXK51PPMYKCFTH264TR9K,1/14/2023,gdruce56@yolasite.com,Garner,Druce,22933 Golden Leaf Trail,Canada,Jacket,Medium,3
01HPYDXK522SDDN9Y8SDAV7PQ5,3/18/2023,dgliddon57@newyorker.com,Dion,Gliddon,8865 Parkside Avenue,Norway,Gloves,Medium,3
01HPYDXK533G7T2TRHMKHV12Q1,12/22/2023,rdoutch58@cdc.gov,Rora,Doutch,18144 Talisman Court,Argentina,Hoody,Medium,3
01HPYDXK55JHFR4MF4KZA1K0F5,10/22/2023,wrichardon59@twitpic.com,Waylan,Richardon,61 Montana Street,Sweden,Hoody,XX-Large,3
01HPYDXK56SKYFB0BHMSFPCN8H,6/4/2023,abrownsea5a@cyberchimps.com,Arlen,Brownsea,70940 Graedel Trail,Bosnia and Herzegovina,Hoody,X-Large,3
01HPYDXK57AKGRFTCWPSKFT1YJ,2/13/2023,hmaden5b@wisc.edu,Heinrick,Maden,68 Stang Terrace,Ireland,Scarf,Large,2
01HPYDXK58MPVQDE3H6D86ZPZ1,7/6/2023,bkipping5c@utexas.edu,Blane,Kipping,525 Loomis Parkway,United States,Gloves,Large,4
01HPYDXK5AT1QTCR0SQZ6W8PQZ,9/18/2023,oflucker5d@homestead.com,Odelinda,Flucker,777 Waxwing Point,Norway,Shorts,Large,2
01HPYDXK5BFD9DVQ02RN4CDFJF,2/24/2023,gvardie5e@un.org,Godiva,Vardie,666 Del Mar Parkway,United States,Hoody,XX-Large,2
01HPYDXK5C0WK19JZVEVJ67CZB,5/24/2023,scandish5f@a8.net,Sara-ann,Candish,84600 Cherokee Crossing,Argentina,Hoody,Medium,3
01HPYDXK5D70NW133CK2V58XT4,12/24/2023,rvolk5g@loc.gov,Row,Volk,78453 Dryden Place,Sweden,Gloves,Large,2
01HPYDXK5F4E6F4JSJ68X3C2WQ,3/9/2023,gclemon5h@lycos.com,Gino,Clemon,40485 Kensington Terrace,Canada,Hoody,Large,4
01HPYDXK5HQKV7MPY6PPKR216Z,8/13/2023,tharby5i@usgs.gov,Tiffanie,Harby,0 Blackbird Pass,Canada,Tshirt,Small,2
01HPYDXK5JDB4R54A704KN14BN,12/28/2023,hlosbie5j@disqus.com,Husein,Losbie,96 Saint Paul Center,Sweden,Hoody,X-Large,3
01HPYDXK5K0TJ2B6ETSSGD6NGW,11/11/2023,ssatyford5k@noaa.gov,Susi,Satyford,9 Hallows Avenue,Brazil,Tshirt,Medium,3
01HPYDXK5MWAHPY6WYF1GBBR5T,1/29/2023,tchapman5l@discuz.net,Taite,Chapman,76 Algoma Circle,France,Tshirt,Large,2
01HPYDXK5PB0SXHGTE8CC3671M,4/19/2023,mstenners5m@wikipedia.org,Mohandis,Stenners,738 Buell Junction,Brazil,Tshirt,Medium,4
01HPYDXK5Q9EM1JBYH6GPTVHX1,12/18/2023,mwinslade5n@wikispaces.com,Marjory,Winslade,2 Gale Terrace,Canada,Tshirt,Medium,3
01HPYDXK5R6EKYQJ98K3V7082M,7/26/2023,dbrandli5o@unblog.fr,Denise,Brandli,67843 New Castle Parkway,Argentina,Tshirt,Large,2
01HPYDXK5T4BG0222MFGZ7P9CK,11/3/2023,dbrant5p@msn.com,Donny,Brant,46 Tony Drive,Brazil,Scarf,Small,2
01HPYDXK5VYHV3K7N6M66S8SB9,7/19/2023,mcroxton5q@webeden.co.uk,Myrtie,Croxton,24474 Randy Way,Brazil,Tshirt,Medium,4
01HPYDXK5WC6MS1HADHHBHQNEX,12/7/2023,wpocke5r@ovh.net,Wenona,Pocke,2 Pankratz Center,United Kingdom,Hoody,X-Large,4
01HPYDXK5XKFA61J273JX5SDMG,4/21/2023,rharnetty5s@slashdot.org,Reinhard,Harnetty,5607 Sherman Drive,Brazil,Sweater,Large,1
01HPYDXK5Z829V78YM798PPSZY,12/4/2023,emaccallam5t@yellowbook.com,Edy,MacCallam,1109 Northview Pass,United States,Shorts,Large,1
01HPYDXK60NKEA6M343RVT4GHF,2/2/2023,kfleeman5u@auda.org.au,Karalynn,Fleeman,8992 Lighthouse Bay Point,Brazil,Tshirt,Large,3
01HPYDXK61P7JW9RC9A80N0BS8,7/12/2023,droberts5v@reverbnation.com,Dennis,Roberts,28472 Crowley Junction,Brazil,Scarf,Large,3
01HPYDXK62WF84NZ3VHNNRKE0E,1/6/2023,iward5w@nsw.gov.au,Isidor,Ward,1866 Claremont Park,Canada,Gloves,Large,1
01HPYDXK644AVPN3HFXVFR0Z4B,11/3/2023,sglyssanne5x@macromedia.com,Scarlet,Glyssanne,7 Coolidge Way,Brazil,Hoody,Small,3
01HPYDXK65F86F483BRKZEVPHA,7/8/2023,ldighton5y@fema.gov,Luis,Dighton,49 Cordelia Avenue,Brazil,Scarf,Medium,1
01HPYDXK66CV483DS6D4PTSFDN,5/15/2023,jskerman5z@trellian.com,Jacky,Skerman,511 Twin Pines Junction,Brazil,Tshirt,Large,2
01HPYDXK67HW4HV066RYFHRPYF,5/25/2023,schowne60@bloglines.com,Sandra,Chowne,68 Independence Plaza,Sweden,Tshirt,Medium,1
01HPYDXK69EMT79RCXV4NG9CDB,10/23/2023,fsimmon61@constantcontact.com,Flem,Simmon,3 Rieder Point,United States,Tshirt,Small,1
01HPYDXK6AWX7F1B6GGYR63WB2,9/18/2023,porgel62@ycombinator.com,Parrnell,Orgel,8 Graceland Junction,United States,Tshirt,Large,2
01HPYDXK6BF5KBA9G9TKKHMZ2V,2/21/2023,btrafford63@tinyurl.com,Briney,Trafford,12954 Cascade Alley,Argentina,Hoody,X-Large,2
01HPYDXK6DD09AGVY5TENZ3X28,10/16/2023,ablenkiron64@weather.com,Alia,Blenkiron,66 Independence Point,France,Tshirt,X-Large,3
01HPYDXK6EXDWZCGE8ZDNVYA9B,12/13/2023,sblackmoor65@wsj.com,Sky,Blackmoor,9 Sundown Trail,Brazil,Tshirt,Large,3
01HPYDXK6FG9B3YJR50S2EAPYG,12/1/2023,byeliashev66@joomla.org,Briny,Yeliashev,54 Tony Alley,Bosnia and Herzegovina,Sweater,Large,4
01HPYDXK6G6YMY9F0JGSJS6STM,3/31/2023,sbehling67@hud.gov,Suellen,Behling,27519 Oxford Plaza,Brazil,Hoody,X-Large,2
01HPYDXK6HHPS0FP3ZPEPRMBB0,11/26/2023,tcovotti68@sciencedaily.com,Torin,Covotti,3771 Schmedeman Pass,France,Tshirt,Medium,4
01HPYDXK6K3GSNEP5XA8R5G03D,7/21/2023,rgood69@omniture.com,Reilly,Good,0 Maywood Hill,Chile,Scarf,Small,2
01HPYDXK6PX5VND57P9YF1XBXR,4/28/2023,pprimo6a@google.com.hk,Pincas,Primo,117 Mallard Alley,Sweden,Tshirt,XX-Large,3
01HPYDXK6SZE4HEMV6TN9PN9N9,8/18/2023,fhugenin6b@google.it,Frank,Hugenin,50 Oak Valley Road,Peru,Hoody,Medium,3
01HPYDXK6W7A5AC7D84K3FXDDZ,12/16/2023,ccordery6c@delicious.com,Culley,Cordery,2238 Larry Way,Sweden,Tshirt,Large,2
01HPYDXK6Z3434EYN1YSRRFVMM,6/30/2023,cvandervelden6d@vkontakte.ru,Chlo,Van der Velden,311 Randy Crossing,United States,Sweater,Medium,1
01HPYDXK72566EBSQ1CPEPA892,7/5/2023,agathercole6e@nationalgeographic.com,Audra,Gathercole,4 Moland Center,Sweden,Tshirt,Small,1
01HPYDXK74FJPCEWW89EX7AHNH,8/17/2023,mwhewill6f@ezinearticles.com,Mitchell,Whewill,36623 Stephen Junction,Sweden,Hat,Medium,3
01HPYDXK75Z8ZN0QW2HPYHCM4V,12/19/2023,lmartinek6g@nationalgeographic.com,Lorry,Martinek,2795 Charing Cross Place,United States,Hoody,Small,3
01HPYDXK77FFG8HNT6ARGQZVRK,5/30/2023,hendrizzi6h@merriam-webster.com,Harper,Endrizzi,930 Milwaukee Road,Nigeria,Gloves,Large,1
01HPYDXK78BZMZ77CXKECN79AW,3/12/2023,ktawton6i@marriott.com,Kendricks,Tawton,5959 Ohio Court,France,Tshirt,Large,1
01HPYDXK79QBWFVQHEK0SBMHQ4,1/27/2023,cemmins6j@craigslist.org,Charmion,Emmins,01 Johnson Junction,Nigeria,Gloves,Medium,1
01HPYDXK7AJ5T71G13V4YFR773,2/23/2023,epasby6k@yolasite.com,Eddie,Pasby,82 Continental Court,Brazil,Shorts,Large,1
01HPYDXK7CRGVH5A1Y5SCRNYET,5/1/2023,wryland6l@mediafire.com,Waldo,Ryland,76 Heath Drive,Brazil,Sweater,Small,4
01HPYDXK7DCPMHJX6DFQBR7C5K,11/16/2023,cstratton6m@google.pl,Carolann,Stratton,5 Red Cloud Point,Peru,Hoody,X-Large,4
01HPYDXK7EJ7RR32ZXQQPJKMH5,9/13/2023,hgeraghty6n@parallels.com,Howey,Geraghty,7201 Kipling Center,United States,Shorts,Small,4
01HPYDXK7F2G5J45HNDMNEGCND,5/28/2023,jbeckley6o@state.tx.us,Jemmie,Beckley,44 Fisk Crossing,France,Sweater,Large,2
01HPYDXK7G723650450C0SAF04,10/18/2023,amantione6p@histats.com,Abagael,Mantione,354 Barnett Trail,Chile,Jacket,Medium,3
01HPYDXK7J3PATR76D762Q0BNZ,7/23/2023,emccreery6q@weibo.com,Eada,McCreery,7150 Moland Place,Brazil,Scarf,Medium,2
01HPYDXK7KP317C72N161CKXZ6,3/20/2023,mriepl6r@chicagotribune.com,Melosa,Riepl,27530 Lien Lane,France,Tshirt,X-Large,3
01HPYDXK7MZ4YP7TB5FDXTGQSQ,8/25/2023,borman6s@hhs.gov,Buffy,Orman,5349 Red Cloud Lane,France,Shorts,Small,3
01HPYDXK7NXTK4DKRVNR0VYQRD,11/14/2023,lgascone6t@naver.com,Lalo,Gascone,7343 Southridge Street,United States,Sweater,Medium,2
01HPYDXK7QXYX1ZYRPBSYGCC63,1/2/2023,jlittleproud6u@sbwire.com,Jethro,Littleproud,94384 Burning Wood Circle,Sweden,Tshirt,Medium,1
01HPYDXK7RYTHJPPDT2GK0BX7X,10/26/2023,lanmore6v@va.gov,Lucio,Anmore,908 Dorton Parkway,Peru,Tshirt,Small,3
01HPYDXK7SWDYQRFHKYRBYNCDF,10/8/2023,nambrosoni6w@tuttocitta.it,Nappie,Ambrosoni,02 Helena Circle,France,Shorts,Large,3
01HPYDXK7TF1YB1GDA0F7GFHZX,1/8/2023,vchatel6x@mlb.com,Virgilio,Chatel,283 Luster Drive,Nigeria,Scarf,Medium,4
01HPYDXK7WAGJK5H6QYN45CWRY,11/20/2023,jthornley6y@meetup.com,Jeni,Thornley,63 Texas Crossing,Sweden,Shorts,X-Large,2
01HPYDXK7X0NY3G5D15HK1ESEX,9/1/2023,npea6z@wikia.com,Natalee,Pea,09 Corry Junction,Canada,Tshirt,Medium,2
01HPYDXK7YY0GBPCHVN9DA259C,7/22/2023,fguiet70@friendfeed.com,Francoise,Guiet,100 Ramsey Crossing,France,Tshirt,Large,2
01HPYDXK7ZZPSFX4S2P4B6RDE4,8/23/2023,acarvil71@cnn.com,Aggie,Carvil,42 Elgar Road,Brazil,Tshirt,Large,2
01HPYDXK81MGM55S1ZTBX0NV01,9/15/2023,lmerfin72@apple.com,Lock,Merfin,4678 Grover Road,Peru,Hat,Large,2
01HPYDXK821Y2322T02SZBWJFE,11/7/2023,stritten73@wikimedia.org,Selle,Tritten,05 Golf View Circle,Ireland,Sweater,Large,2
01HPYDXK836C8EEJ9EPT5FWNV1,12/19/2023,mbickerdicke74@thetimes.co.uk,Mattie,Bickerdicke,5646 Blackbird Crossing,Argentina,Hoody,Medium,2
01HPYDXK84TD319CRD82EF18K1,11/9/2023,hllelweln75@hc360.com,Honey,LLelweln,31 Birchwood Lane,United States,Jacket,Large,3
01HPYDXK867NZTBPX8HH6MQ02J,1/25/2023,cgavozzi76@about.com,Cory,Gavozzi,32154 Basil Center,Norway,Scarf,Medium,2
01HPYDXK87XXHEJFXT8RF8FNJ9,3/9/2023,rquilligan77@cargocollective.com,Ramon,Quilligan,0 Buell Alley,Peru,Scarf,Large,4
01HPYDXK88D12AKAGY05VFKS1J,10/27/2023,ecortez78@shinystat.com,Evvie,Cortez,9 Monterey Lane,France,Hat,Small,4
01HPYDXK89NM7254JRGF1K94E1,9/26/2023,eocannavan79@wordpress.org,Elwin,O'Cannavan,32395 Melrose Court,Sweden,Tshirt,Medium,1
01HPYDXK8A4B0XGA0ABNB3M1Q3,10/10/2023,rneath7a@nifty.com,Rosalyn,Neath,79 Dapin Point,Nigeria,Gloves,Medium,4
01HPYDXK8BWE0M05D3ES6YFVXK,7/21/2023,eadrian7b@list-manage.com,Eamon,Adrian,2704 Kings Point,Uganda,Hoody,Medium,1
01HPYDXK8D3Q9Z2CAEEE7R133P,7/23/2023,epeltz7c@merriam-webster.com,Evin,Peltz,5207 Dorton Park,Ireland,Sweater,Large,1
01HPYDXK8EXFCXK3SG643TY486,10/12/2023,dcandlin7d@pinterest.com,Dulsea,Candlin,02 Kenwood Way,Peru,Hoody,Large,4
01HPYDXK8F19BT1GTC46C13EN6,5/12/2023,lbruhnke7e@netscape.com,La verne,Bruhnke,1 Spohn Way,United States,Sweater,Medium,3
01HPYDXK8GVH2NSG72YZN60Q6X,2/12/2023,rgerrard7f@printfriendly.com,Rivy,Gerrard,59124 Lighthouse Bay Park,Nigeria,Tshirt,Large,1
01HPYDXK8HQV74WGVXTHJPW0W5,4/30/2023,hmorrow7g@opera.com,Hewe,Morrow,76 Reinke Plaza,France,Gloves,Large,1
01HPYDXK8KE3NBFMJRNT0HX2SY,10/11/2023,opelchat7h@hatena.ne.jp,Othella,Pelchat,17997 Moland Crossing,Argentina,Scarf,Small,4
01HPYDXK8M09HJ8NENT6G3XF1D,4/25/2023,ppagitt7i@census.gov,Perle,Pagitt,932 Eastlawn Court,United States,Gloves,Medium,3
01HPYDXK8NXHKGA6JC6QDX43EA,8/9/2023,ccroxton7j@usnews.com,Constancy,Croxton,620 Eagle Crest Junction,Argentina,Jacket,XX-Large,4
01HPYDXK8P043XE8VKHN012J8K,2/11/2023,mfenix7k@wordpress.org,Mikel,Fenix,150 American Ash Trail,Ireland,Hoody,Large,3
01HPYDXK8QCFAKTPSCNDFJKV70,6/15/2023,btingle7l@yolasite.com,Brantley,Tingle,27 Artisan Way,United States,Sweater,Large,4
01HPYDXK8SE4ZTKWEFJBGVVKAB,11/7/2023,gkalaher7m@amazonaws.com,Georgine,Kalaher,267 Milwaukee Way,Brazil,Tshirt,Large,4
01HPYDXK8TB1KJBQBZSNTJJZ5K,6/16/2023,elowde7n@geocities.com,Eloisa,Lowde,9583 Waxwing Terrace,Germany,Scarf,Medium,4
01HPYDXK8V11CPFNZV71BC3V3S,5/26/2023,vfranklen7o@businessinsider.com,Verina,Franklen,349 Old Shore Center,Brazil,Hoody,Large,1
01HPYDXK8X1R671DXRGDV8R8ST,6/18/2023,dbuntain7p@phpbb.com,Devinne,Buntain,524 Bobwhite Park,United States,Hat,Medium,3
01HPYDXK90D935HSDGH9DQRT9F,7/9/2023,hreame7q@samsung.com,Hazel,Reame,821 Macpherson Drive,Brazil,Hoody,Large,1
01HPYDXK938YAR4980BPD9XW1V,9/17/2023,aloughman7r@issuu.com,Ardeen,Loughman,10816 Dwight Point,Sweden,Tshirt,XX-Large,3
01HPYDXK962S1RF0149C9ZC4NM,6/18/2023,ctregenza7s@cloudflare.com,Corbin,Tregenza,6 Nelson Court,Nigeria,Tshirt,Medium,4
01HPYDXK98FGS022Z1TZM795XW,9/27/2023,pbuckenhill7t@bbc.co.uk,Paola,Buckenhill,9144 Starling Place,France,Hoody,Large,4
01HPYDXK9BD600330ZT1TGY553,2/18/2023,mcaze7u@123-reg.co.uk,Maressa,Caze,50 Parkside Terrace,United States,Hoody,Medium,3
01HPYDXK9DB0T0FR2MJKDEVF68,5/19/2023,gpook7v@constantcontact.com,Gusella,Pook,14 Artisan Way,Peru,Hoody,Medium,3
01HPYDXK9GA22EF4X41WRS8QS1,7/19/2023,kchomicz7w@dailymail.co.uk,Kay,Chomicz,21198 Cody Park,Canada,Hoody,Large,3
01HPYDXK9JWXR4J6GP0E47TW13,12/23/2023,wmichal7x@nps.gov,Wini,Michal,5756 Oakridge Road,United Kingdom,Sweater,Medium,1
01HPYDXK9NX45AZC3NP9E1SB94,3/8/2023,ldanihel7y@army.mil,Lauryn,Danihel,04870 Columbus Center,Brazil,Hat,Large,3
01HPYDXK9QDNX90ZWZW71KB5NK,4/27/2023,adeleek7z@wisc.edu,Aubert,De Leek,36 Southridge Terrace,Peru,Gloves,X-Large,4
01HPYDXK9SNEQW842RQTQD0XNX,4/21/2023,ahaddy80@eventbrite.com,Aeriel,Haddy,6434 Victoria Trail,Norway,Shorts,Medium,4
01HPYDXK9VZTW77V0YC302ZWHW,8/26/2023,xcoath81@jigsy.com,Ximenes,Coath,44774 Ridgeview Pass,United States,Tshirt,Small,1
01HPYDXK9XW2CXBNS980Z88257,6/6/2023,tandreoletti82@geocities.com,Torrence,Andreoletti,48697 Barnett Avenue,Brazil,Gloves,Medium,2
01HPYDXK9Y1P5X72NR6JY74XMK,2/9/2023,khawksworth83@marketwatch.com,Keri,Hawksworth,69142 Wayridge Circle,France,Tshirt,X-Large,3
01HPYDXKA15WH8040JHPZC1VBW,4/5/2023,sdargie84@prweb.com,Shanie,Dargie,83137 Huxley Plaza,Brazil,Hoody,Medium,4
01HPYDXKA2ZEDQ30ZD6GR9VTFB,8/22/2023,fscones85@un.org,Farly,Scones,94 Helena Street,Bosnia and Herzegovina,Tshirt,XX-Large,3
01HPYDXKA3XFKTWZVNH5PDFPZN,1/24/2023,cthonger86@microsoft.com,Corney,Thonger,92964 Shasta Park,Sweden,Shorts,XX-Large,4
01HPYDXKA4VSR4F6C44Y134EB6,4/9/2023,afriar87@exblog.jp,Alisun,Friar,78 Waywood Place,Canada,Hoody,Small,3
01HPYDXKA666NSHKFQXVAFA5VN,4/15/2023,zdunkerton88@friendfeed.com,Zacherie,Dunkerton,7 Mendota Center,Brazil,Jacket,X-Large,3
01HPYDXKAJJYW65QNJTF6N9KWP,6/12/2023,gthynne89@ustream.tv,Granthem,Thynne,1 Derek Court,Brazil,Hoody,Medium,4
01HPYDXKAK7P0555XQCBX3G5GZ,1/29/2023,kyokel8a@mayoclinic.com,Keelia,Yokel,1065 Stuart Road,Brazil,Hoody,Small,3
01HPYDXKAN07F47GE72EH63801,11/4/2023,pmcnish8b@cafepress.com,Perkin,McNish,21 Mcbride Junction,Sweden,Tshirt,Large,1
01HPYDXKAPPN1F9DBVA73BPESX,5/21/2023,esurgeoner8c@google.co.uk,Elliott,Surgeoner,9471 Warner Plaza,Brazil,Tshirt,XX-Large,1
01HPYDXKAQEMNHQPTGRDT6N5NP,4/7/2023,bbrunnen8d@vistaprint.com,Bette,Brunnen,94 Mayfield Drive,Argentina,Scarf,Small,3
01HPYDXKASQ0G5SDQE9XHC5JHV,11/24/2023,lferrari8e@ovh.net,Lutero,Ferrari,17657 Nobel Center,Peru,Shorts,Medium,4
01HPYDXKATRSK5BS03S0CP86P8,12/18/2023,gstitson8f@ow.ly,Gibby,Stitson,907 Maple Plaza,Sweden,Hoody,Medium,2
01HPYDXKAWPBDY80EX9RXMN9HM,10/23/2023,cfairhead8g@shareasale.com,Cecil,Fairhead,80193 Gateway Pass,United States,Hat,Large,2
01HPYDXKAX0ACTASD2NZAXJHWW,2/17/2023,aledger8h@themeforest.net,Ambrosi,Ledger,21 Bashford Center,Canada,Scarf,Medium,4
01HPYDXKAYZTQY0CP65KK2B0H1,12/25/2023,cfibbens8i@jimdo.com,Chaddie,Fibbens,95584 Sutherland Point,France,Scarf,X-Large,1
01HPYDXKB03E1TM0H7AM9192NN,5/17/2023,ghodge8j@amazon.co.jp,Gayler,Hodge,10 Welch Parkway,Canada,Shorts,Medium,1
01HPYDXKB1CA01615SQGZ8T71J,5/21/2023,gmattinson8k@slate.com,Gustie,Mattinson,90 Novick Plaza,United States,Tshirt,X-Large,3
01HPYDXKB2B6EPCQ5JX9ASGN8G,9/26/2023,rmarusic8l@nydailynews.com,Ryley,Marusic,1128 Esker Terrace,Argentina,Hoody,Small,4
01HPYDXKB32K0CQMAPRXB8Y04P,12/9/2023,pdyment8m@eventbrite.com,Phyllida,Dyment,854 Eagan Parkway,Nigeria,Sweater,Medium,3
01HPYDXKB5PWMNWBC2GSBYKG7Y,3/14/2023,btincey8n@simplemachines.org,Byram,Tincey,36 Fieldstone Point,Sweden,Hoody,Medium,4
01HPYDXKB7KGZXN1YY8TM45B3V,3/18/2023,lcase8o@go.com,Laurens,Case,43 Coleman Junction,Sweden,Tshirt,X-Large,2
01HPYDXKB9TJSFX4XEEFEZA3R8,7/8/2023,etrail8p@ox.ac.uk,Eddie,Trail,9 Warbler Circle,Chile,Hoody,Large,3
01HPYDXKBAHTDYPVEZ6GF700T2,12/1/2023,smacgarvey8q@sphinn.com,Stanly,MacGarvey,19021 Gale Hill,United States,Sweater,Small,2
01HPYDXKBDQMBV8KW0JA545EH0,10/12/2023,kchrstine8r@ox.ac.uk,Karylin,Chrstine,1 Kensington Terrace,Nigeria,Tshirt,Large,2
01HPYDXKBEAFEC8692BDYYW222,11/1/2023,dgrigson8s@cnn.com,Delphine,Grigson,49219 Susan Pass,United States,Scarf,Medium,1
01HPYDXKBFX8QE8MF3GXDAQ73K,10/26/2023,agaraway8t@naver.com,Alejandro,Garaway,5 Killdeer Terrace,United States,Shorts,Medium,1
01HPYDXKBG1TGK2QW2B4NE2Q6B,4/6/2023,sobin8u@psu.edu,Shirlene,Obin,87212 Lukken Center,Brazil,Sweater,XX-Large,1
01HPYDXKBJ5S5ATCHGRW6MP19M,12/9/2023,schesterton8v@slideshare.net,Sharia,Chesterton,44 Schurz Terrace,Peru,Tshirt,Medium,1
01HPYDXKBKTSZX1HPCFQSZJWVY,8/26/2023,clyall8w@e-recht24.de,Clyve,Lyall,0 Lunder Circle,United States,Tshirt,Large,4
01HPYDXKBMRY1CF8VSK7NT62E6,3/11/2023,nbilbie8x@histats.com,Nani,Bilbie,88 American Avenue,United States,Tshirt,Small,4
01HPYDXKBPZ584DW62AH2NHDTX,12/5/2023,dlowther8y@home.pl,Davidson,Lowther,0957 Ruskin Pass,Nigeria,Hoody,Large,3
01HPYDXKBQ3T9A14FRZ3FMFFVK,8/11/2023,kwimp8z@friendfeed.com,Kimberly,Wimp,7 Mariners Cove Pass,Bosnia and Herzegovina,Sweater,Large,4
01HPYDXKBR6M0R9ZTB696J7KPP,2/3/2023,dhixson90@alexa.com,Dud,Hixson,301 Dovetail Center,Brazil,Tshirt,Large,3
01HPYDXKBTM7EZ4FFE3P3NDJ9P,6/29/2023,vbyass91@businessweek.com,Vincent,Byass,33 Gina Center,Sweden,Gloves,XX-Large,1
01HPYDXKBVARNDWYHQEQDCE0SE,8/2/2023,slarive92@tumblr.com,Selia,Larive,029 Knutson Park,Germany,Tshirt,Medium,2
01HPYDXKBWNE642WQXS9BVYYZH,1/7/2023,bkobelt93@redcross.org,Brit,Kobelt,7 Warrior Terrace,Germany,Tshirt,Small,4
01HPYDXKBX699MWHSB4H6SQ9VR,1/29/2023,cmcmonnies94@deliciousdays.com,Cortie,McMonnies,306 Londonderry Place,Uganda,Shorts,X-Large,3
01HPYDXKBZ46X88XD24CFM84G0,1/11/2023,mwanklin95@hp.com,Margalit,Wanklin,7 Eagan Alley,Brazil,Tshirt,Medium,3
01HPYDXKC07483P1S26C3S849A,3/29/2023,mleake96@kickstarter.com,Maureen,Leake,796 Center Circle,Brazil,Tshirt,Large,3
01HPYDXKC1EQA30SWSCQTQA4FH,11/30/2023,cranaghan97@chron.com,Cassy,Ranaghan,926 Pepper Wood Park,Brazil,Sweater,Medium,3
01HPYDXKC2WZFABPSSGDZ73RW8,7/10/2023,mhambrook98@nbcnews.com,Myron,Hambrook,98652 Westridge Drive,Sweden,Hoody,Medium,1
01HPYDXKC43NACN28MV8ERVSKK,7/25/2023,lfurmagier99@blogspot.com,Lenette,Furmagier,93 Leroy Lane,France,Scarf,Medium,1
01HPYDXKC67BA0KHB57VSXX2TM,10/4/2023,rcescotti9a@e-recht24.de,Ranique,Cescotti,8361 Dorton Street,Sweden,Hoody,X-Large,2
01HPYDXKC7842P2E3MAHBYWGPQ,2/8/2023,kvinall9b@bbb.org,Karel,Vinall,74755 Crest Line Center,Norway,Hoody,Medium,3
01HPYDXKC8GYVBX2NRDEACK7E5,8/6/2023,aolech9c@npr.org,Aharon,Olech,7 Tennessee Place,Bosnia and Herzegovina,Tshirt,Large,1
01HPYDXKCAQ8KNRQX74CGZVXXV,1/4/2023,eedson9d@imageshack.us,Ethelyn,Edson,941 Jackson Plaza,Brazil,Hoody,Small,4
01HPYDXKCB37F5G9Y2YWEK4E31,2/28/2023,nmcdiarmid9e@go.com,Nobie,McDiarmid,5 Hanson Hill,United Kingdom,Hat,XX-Large,2
01HPYDXKCCYW32RFQ4ZVC4WP84,2/23/2023,adebold9f@opera.com,Agosto,Debold,22 Onsgard Center,Australia,Jacket,Medium,2
01HPYDXKCE9FRGP6WHHMS82E7S,9/9/2023,lhandrock9g@eepurl.com,Lisa,Handrock,12 Lawn Place,Sweden,Sweater,X-Large,1
01HPYDXKCF70W3VSWSZSRZW9W4,8/5/2023,jsisson9h@businesswire.com,Jerrome,Sisson,10 Maple Point,Nigeria,Sweater,X-Large,2
01HPYDXKCGYWJ52MRR9V6FNPCN,6/15/2023,vmcgennis9i@barnesandnoble.com,Valera,McGennis,2077 Drewry Avenue,Brazil,Hat,Large,1
01HPYDXKCJDPQ2P1K03MJC9EEZ,8/21/2023,hclemitt9j@auda.org.au,Halsy,Clemitt,0 Shopko Point,Canada,Tshirt,Medium,4
01HPYDXKCKTW3N18XAW1AA5ZZC,7/10/2023,kwaddilove9k@stanford.edu,Kaylyn,Waddilove,1265 Talisman Place,Nigeria,Sweater,Medium,2
01HPYDXKCM74SB6T6DP6KXF925,7/19/2023,eaumerle9l@who.int,Edgar,Aumerle,34 Russell Junction,Spain,Hoody,XX-Large,2
01HPYDXKCNFEWSRGP4BKTKPVXG,3/11/2023,bavrahamoff9m@noaa.gov,Brandon,Avrahamoff,5153 Rockefeller Lane,France,Sweater,Medium,1
01HPYDXKCQXP1Q4422JW3FBKP9,2/23/2023,kdongles9n@sfgate.com,Kelley,Dongles,71 Springs Place,Sweden,Sweater,Medium,4
01HPYDXKCRE9P0Z4ZPM5JWVD11,9/22/2023,ballright9o@indiatimes.com,Bonnie,Allright,5 Green Ridge Hill,Sweden,Gloves,Large,2
01HPYDXKCSMYWMZJQXEE9WVE6W,7/21/2023,dnelligan9p@buzzfeed.com,Don,Nelligan,52036 Fuller Trail,Chile,Hoody,Large,2
01HPYDXKCVTNWYGD0F7MQABJVA,3/26/2023,ftheunissen9q@dyndns.org,Fianna,Theunissen,78 Northwestern Drive,Sweden,Hoody,Medium,1
01HPYDXKCWNDV709P4H4BTGA4P,3/6/2023,lbrigden9r@storify.com,Lizzie,Brigden,5148 Fair Oaks Parkway,Peru,Gloves,X-Large,2
01HPYDXKCX552FEXKNDNXQCZMD,4/25/2023,agurley9s@sciencedirect.com,Abagael,Gurley,8 Blackbird Way,Peru,Scarf,Large,3
01HPYDXKCZ45R8KZJCSJ6649A0,7/10/2023,bchancelier9t@newyorker.com,Berta,Chancelier,9 Norway Maple Drive,Peru,Hoody,Small,3
01HPYDXKD0T6BGF1AF4Q9SV97K,4/20/2023,amaccaull9u@answers.com,Ash,MacCaull,152 Tony Court,Ireland,Tshirt,Large,3
01HPYDXKD1HTVRHQJ3851X678C,4/30/2023,sbuddell9v@nbcnews.com,Shana,Buddell,025 Lakewood Gardens Road,Sweden,Shorts,XX-Large,3
01HPYDXKD2PAQGY4DHTHP8CDV7,3/14/2023,bgolagley9w@studiopress.com,Brett,Golagley,44292 Becker Point,Canada,Scarf,XX-Large,4
01HPYDXKD4PCVJJYCGMNWW6NK3,5/31/2023,fhastilow9x@dmoz.org,Fawn,Hastilow,223 Darwin Junction,Nigeria,Scarf,X-Large,1
01HPYDXKD5MQQSBM1D5V02AHR4,10/19/2023,sdronsfield9y@mapquest.com,Sukey,Dronsfield,3 Fremont Lane,Brazil,Shorts,X-Large,2
01HPYDXKD679PDJJXJ02GAXYSD,1/5/2023,swhorton9z@cnbc.com,Sly,Whorton,89529 Merrick Plaza,Sweden,Hat,Small,4
01HPYDXKD74D4DRG6DE6MQHG61,9/11/2023,npolanda0@bbb.org,Nobie,Poland,0093 Marquette Parkway,France,Scarf,Medium,2
01HPYDXKD80JSNY1FXDRWGJF32,9/10/2023,predwina1@nature.com,Peyter,Redwin,34001 Monica Drive,Sweden,Scarf,Large,2
01HPYDXKDBR2B82KXFN68DJRB0,7/5/2023,lnevilla2@mozilla.com,Lief,Nevill,99 Macpherson Circle,United States,Scarf,Large,3
01HPYDXKDEA68CGNQSZYNA2MBB,9/1/2023,sguwera3@columbia.edu,Steve,Guwer,8104 Golf Way,Peru,Scarf,Small,2
01HPYDXKDG00CDS66DRW16WNK9,2/17/2023,ntomasinoa4@toplist.cz,Nevsa,Tomasino,4 Corry Alley,Brazil,Tshirt,X-Large,4
01HPYDXKDKEJ5BN6D0NTH4NJ43,6/25/2023,ssidwortha5@webmd.com,Sukey,Sidworth,191 Melvin Trail,France,Sweater,Large,2
01HPYDXKDPYV9P553N371NGYSM,9/27/2023,vnickolsa6@csmonitor.com,Vin,Nickols,238 Bunting Crossing,Brazil,Sweater,Large,2
01HPYDXKDSECNHHN3B19N8HEQZ,12/1/2023,aflyea7@cornell.edu,Ashbey,Flye,8 Vernon Circle,United States,Hoody,X-Large,1
01HPYDXKDWS9TGYAEAAGYRJ0TH,12/2/2023,hfaichneya8@nsw.gov.au,Harris,Faichney,0036 Riverside Terrace,Ireland,Hat,Large,4
01HPYDXKDXZBRFXYGEAS5EZXA3,4/25/2023,ahassona9@parallels.com,Alejoa,Hasson,91 Mesta Court,Nigeria,Hoody,Medium,2
01HPYDXKDY0D0DZP9A3R922Q3V,7/19/2023,fpickwellaa@eventbrite.com,Fields,Pickwell,09261 School Alley,Argentina,Hoody,X-Large,2
01HPYDXKE0HE69ZMNRBMQTR8NY,12/15/2023,fsingsab@hp.com,Freeland,Sings,857 Cody Alley,Brazil,Hoody,Medium,3
01HPYDXKE1P30DKMK7TBWZ1NQ0,11/24/2023,ckyteac@ameblo.jp,Claudine,Kyte,4478 Schlimgen Hill,Peru,Sweater,Small,1
01HPYDXKE23YAZ35EFFCMYG936,5/27/2023,jdibiagiad@linkedin.com,Joanna,Di Biagi,572 Miller Street,United States,Jacket,Medium,3
01HPYDXKE3BX4GPFTKMZPFYDTC,6/8/2023,gmartinhoae@admin.ch,Germaine,Martinho,5 Gale Center,Brazil,Hoody,Medium,2
01HPYDXKE4VF33EV5A15CH9663,2/19/2023,vferonetaf@ehow.com,Viva,Feronet,3 Sheridan Parkway,France,Tshirt,Medium,2
01HPYDXKE6R3ZGG83KF409792Y,11/1/2023,shadlowag@etsy.com,Shelden,Hadlow,278 Marquette Park,United States,Tshirt,XX-Large,1
01HPYDXKE7Y25RA0Z6EDTHNMM9,7/24/2023,ioxtibyah@constantcontact.com,Idette,Oxtiby,42827 Dawn Park,Sweden,Hoody,Medium,1
01HPYDXKE8B734WS7T02GSQQ9Y,8/29/2023,thanniganai@miitbeian.gov.cn,Tabbatha,Hannigan,8324 Village Green Crossing,Canada,Shorts,Large,2
01HPYDXKE9CGKHPCG17E22GSXR,1/29/2023,jhilleyaj@printfriendly.com,Julienne,Hilley,6361 Rusk Park,Australia,Hoody,XX-Large,4
01HPYDXKEAS9CFDEAKBKKB4YC3,6/5/2023,ohowlerak@xinhuanet.com,Odessa,Howler,806 Ohio Hill,Brazil,Gloves,Medium,1
01HPYDXKEC27HSM7A9Y4HQNAGH,1/17/2023,kmettrickeal@fc2.com,Knox,Mettricke,22 Clemons Drive,Chile,Tshirt,Medium,4
01HPYDXKED4KGP1DANMFVQ2PFY,12/26/2023,rbalstoneam@yahoo.com,Rebekkah,Balstone,5 Express Crossing,Sweden,Hoody,XX-Large,1
01HPYDXKEE5PDG70F1QE3AK3W9,11/22/2023,hmoringan@alibaba.com,Hans,Moring,9 Anhalt Hill,Nigeria,Hoody,XX-Large,3
01HPYDXKEFE035GHTV0HQ3YXKV,7/22/2023,nkestenao@opensource.org,Neel,Kesten,3061 Sachs Way,United States,Tshirt,XX-Large,1
01HPYDXKEHNWRMM9E32A9BG0T9,9/16/2023,mgornalap@dot.gov,Marji,Gornal,33942 Myrtle Court,Nigeria,Tshirt,Medium,4
01HPYDXKEJ7QAADK6M2D5W3YCR,7/30/2023,cscranneyaq@rambler.ru,Cointon,Scranney,695 Schlimgen Parkway,Sweden,Gloves,X-Large,3
01HPYDXKEKT6YBCDNG3Z2C5CBG,8/10/2023,cmackriellar@nasa.gov,Chic,Mackriell,03654 Thackeray Center,Nigeria,Tshirt,Large,3
01HPYDXKEM9BFYP2EHC4E12YP0,7/30/2023,vrosparsas@irs.gov,Valeria,Rospars,86 Florence Circle,United States,Shorts,Small,4
01HPYDXKEN121HPYS5VGWJA0RK,4/29/2023,wderyebarrettat@chronoengine.com,Whittaker,Derye-Barrett,1 Hallows Junction,Brazil,Tshirt,Medium,3
01HPYDXKEQZ8KPWA92WRZKC251,4/23/2023,vcecilau@loc.gov,Vassily,Cecil,0 Pawling Pass,Nigeria,Shorts,XX-Large,4
01HPYDXKERVZCZK3NDEEPVRMC6,6/23/2023,lgrimestoneav@lulu.com,Lucilia,Grimestone,70 Delaware Point,Brazil,Tshirt,Small,1
01HPYDXKETH09KA0S4R0GRBF63,4/14/2023,orubkeaw@weibo.com,Orlan,Rubke,779 Montana Pass,Argentina,Shorts,XX-Large,4
01HPYDXKEWYQGV23BVPYSZJS97,3/23/2023,dkapiloffax@theatlantic.com,Dodie,Kapiloff,8727 Sheridan Road,Peru,Shorts,Medium,4
01HPYDXKEYXKZJKMHJ8SW2MK7D,8/31/2023,mprynay@vistaprint.com,Megen,Pryn,1 Jay Place,France,Tshirt,Medium,2
01HPYDXKEZRA6AQCHCNGZJWGTB,2/10/2023,oflementaz@vimeo.com,Omar,Flement,7 Express Way,Peru,Scarf,Medium,3
01HPYDXKF06AQJC5B7NK6ZYMTM,4/18/2023,tbowersb0@ycombinator.com,Theodosia,Bowers,40 High Crossing Drive,Ireland,Tshirt,Large,3
01HPYDXKF1YAK838S41NSFSFSB,11/24/2023,rcardallb1@economist.com,Ronnie,Cardall,6 Hoard Hill,Senegal,Scarf,Medium,2
01HPYDXKF25089VH0P3DXR57Z3,3/22/2023,gwestripb2@shareasale.com,Gratiana,Westrip,75 Fairfield Place,Peru,Tshirt,Medium,3
01HPYDXKF3QHD9DSHEXBXA4RQK,1/8/2023,smuntb3@dailymotion.com,Sherill,Munt,77055 Northview Plaza,France,Hoody,Small,4
01HPYDXKF5AEH1A7GKTRJ6GR8P,3/7/2023,qpherpsb4@who.int,Quinlan,Pherps,8000 Redwing Point,Argentina,Tshirt,Small,3
01HPYDXKF6AHA8WC1AV6705K5W,10/17/2023,dparsonsb5@hc360.com,Daffy,Parsons,34 Bultman Place,Argentina,Shorts,Large,2
01HPYDXKF7S3RRYH7R15AVMAZ7,4/2/2023,fpaulischb6@gravatar.com,Fifi,Paulisch,982 Brown Point,France,Jacket,Large,2
01HPYDXKF817M24QAN7FP7CE9C,4/1/2023,lsavegeb7@earthlink.net,Lucienne,Savege,9180 3rd Circle,Brazil,Tshirt,Large,3
01HPYDXKF9WF0VKZ1BAJHQ76CM,10/1/2023,wcrocumbeb8@pcworld.com,Warden,Crocumbe,6840 Fordem Crossing,Peru,Shorts,Small,2
01HPYDXKFBXR77GVTF3N2B881T,6/21/2023,churnellb9@jiathis.com,Caralie,Hurnell,1 Brickson Park Street,Bosnia and Herzegovina,Tshirt,Medium,1
01HPYDXKFCF8GVQ4J4NJR69JTZ,1/28/2023,nbuttressba@unblog.fr,Nadeen,Buttress,46 8th Avenue,Sweden,Jacket,Medium,2
01HPYDXKFDGHP0A55ZA0A559DB,7/4/2023,wgyngellbb@vk.com,Westbrook,Gyngell,89 Coleman Parkway,Nigeria,Hoody,Large,3
01HPYDXKFEMBR26BXFBR1X8T6A,2/27/2023,gbrycebc@soup.io,Gan,Bryce,86549 Iowa Avenue,France,Tshirt,X-Large,3
01HPYDXKFFSAKSGFZZV7X8BTB5,8/27/2023,dwellerbd@psu.edu,Donalt,Weller,04046 Kedzie Way,Brazil,Sweater,Large,2
01HPYDXKFH9J1JJ2Q6XJG14KPM,10/6/2023,wbaddileybe@nps.gov,Wilhelm,Baddiley,8097 Ludington Alley,Sweden,Tshirt,Medium,2
01HPYDXKFJVQ0N4PAT16QTNY7N,12/15/2023,jselesnickbf@infoseek.co.jp,Julietta,Selesnick,22 Lindbergh Park,Brazil,Shorts,Small,4
01HPYDXKFKHXCJBRP452SQ487S,2/8/2023,wpichmannbg@aboutads.info,Wyatan,Pichmann,965 Cody Parkway,Brazil,Tshirt,X-Large,3
01HPYDXKFMEN3ZSGZY5FE19WVV,4/21/2023,sdimitrievbh@unblog.fr,Sioux,Dimitriev,290 Debs Center,United States,Scarf,Medium,3
01HPYDXKFNHQZC12AV4RRE1531,4/20/2023,asegravebi@paginegialle.it,Adelice,Segrave,1764 Dryden Trail,United States,Sweater,Medium,3
01HPYDXKFQN0MADK3G052BVJ0S,11/21/2023,gyourellbj@mail.ru,Ginevra,Yourell,9435 Graceland Trail,Canada,Hat,Medium,2
01HPYDXKFRTNV8YK4TJ3JNM62D,9/20/2023,gshrigleybk@sbwire.com,Gordon,Shrigley,29 Cottonwood Drive,Sweden,Hoody,Large,2
01HPYDXKFS0592097E7FDXKM4R,7/29/2023,kburgottbl@uol.com.br,King,Burgott,6544 Packers Hill,France,Tshirt,Medium,1
01HPYDXKFTDZDH492ATNM5ZKA6,1/26/2023,dgeekiebm@mozilla.org,Diane-marie,Geekie,89556 Kedzie Trail,Italy,Scarf,Large,3
01HPYDXKFVV914KWF0YG9JP4JS,8/14/2023,stofanobn@t-online.de,Sigismondo,Tofano,6499 Reinke Avenue,Sweden,Scarf,Medium,4
01HPYDXKFX5C72DZZWKERYC9C2,9/1/2023,gespadabo@cisco.com,Gabrila,Espada,313 Thackeray Point,Canada,Tshirt,Large,2
01HPYDXKFYPJ5NJ60X624K4S6C,10/9/2023,pnapthinebp@weibo.com,Peg,Napthine,7 Mosinee Avenue,Brazil,Sweater,Large,4
01HPYDXKFZ63897Z6ESHFA1BQW,11/7/2023,crendbaekbq@answers.com,Cyb,Rendbaek,53 Shoshone Center,Nigeria,Scarf,Large,4
01HPYDXKG0J25Q82BH8MP73VAS,1/14/2023,tharnerbr@smugmug.com,Towney,Harner,8804 Pierstorff Park,Argentina,Hat,Medium,1
01HPYDXKG1N2C17DCNS9XECEGM,12/11/2023,wdufferbs@meetup.com,Warde,Duffer,1096 Cody Pass,United States,Hoody,Small,3
01HPYDXKG2KZTZJ1QHZXP2QSH6,9/7/2023,fswinburnebt@salon.com,Fancie,Swinburne,2 Carpenter Point,Peru,Hoody,X-Large,4
01HPYDXKG4TCQ5FJ6Q4S4G7X62,5/14/2023,pfuttybu@prweb.com,Pren,Futty,108 Redwing Park,Chile,Shorts,Medium,4
01HPYDXKG5QMDBGDS3SEGBKCGM,10/6/2023,apalphramandbv@cloudflare.com,Augustin,Palphramand,41123 Carioca Street,Bosnia and Herzegovina,Tshirt,XX-Large,4
01HPYDXKG6EYY0CY30C82VPS5X,10/21/2023,broutbw@nymag.com,Bebe,Rout,3 Haas Place,Ireland,Shorts,Medium,2
01HPYDXKG73BK518X64C01KM5T,6/7/2023,cfrancecionebx@nba.com,Conan,Francecione,81137 Gateway Way,United States,Shorts,Large,4
01HPYDXKG9F1ACAZAP764H2TZJ,11/20/2023,mstiveby@dagondesign.com,Morena,Stive,3 Esker Avenue,Brazil,Sweater,XX-Large,2
01HPYDXKGA80WTJFD5HP9TA6AC,2/5/2023,jdjekovicbz@g.co,Janette,Djekovic,3 Sommers Place,Peru,Tshirt,Medium,2
01HPYDXKGB8PYF3JZVVSC40BAD,9/8/2023,bwanleyc0@time.com,Berna,Wanley,11 Grayhawk Lane,United States,Tshirt,XX-Large,2
01HPYDXKGC14XZRN5QCJNQSNF9,4/9/2023,afirbankc1@jigsy.com,Astrix,Firbank,2 Jana Trail,Brazil,Hoody,X-Large,3
01HPYDXKGDZY47JT8QY8P2KJZD,11/26/2023,ihedylstonec2@nature.com,Innis,Hedylstone,54 Vernon Point,Uganda,Scarf,Small,4
01HPYDXKGED89JH08VGHY276RE,11/1/2023,rhamsonc3@sitemeter.com,Rowland,Hamson,20 Moland Lane,United States,Hoody,Medium,3
01HPYDXKGGYH74E30J63G3NV6P,7/13/2023,calejandrec4@shutterfly.com,Cyndy,Alejandre,12926 Anthes Trail,Spain,Hat,Medium,2
01HPYDXKGHX57DN4S1A9G0GBF2,7/8/2023,mfarlambc5@twitter.com,Marrissa,Farlamb,6157 Magdeline Point,Canada,Hat,Large,4
01HPYDXKGJ0S85A19Z7214TANW,5/21/2023,ggerardic6@github.io,Georgie,Gerardi,5 Merchant Junction,France,Tshirt,Medium,2
01HPYDXKGK0W5TE1DEGJ34TPZ1,7/10/2023,sgiovannaccic7@nasa.gov,Syd,Giovannacc@i,8 Marquette Road,Brazil,Hoody,Medium,4
01HPYDXKGN3QEVPHPX7ETEFACQ,8/17/2023,sboulgerc8@freewebs.com,Shannon,Boulger,5 Carberry Way,Peru,Tshirt,Large,2
01HPYDXKGPF29RENAKA6J461VA,7/15/2023,csealc9@paginegialle.it,Calhoun,Seal,99352 3rd Circle,Peru,Sweater,Small,3
01HPYDXKGQFGMTM4VEN4QGY57K,10/17/2023,mprendivilleca@spotify.com,Maximilianus,Prendiville,7 Hayes Junction,Nigeria,Tshirt,Medium,1
01HPYDXKGRKCT143H8K4RPCZH5,9/24/2023,mhabgoodcb@liveinternet.ru,Myrwyn,Habgood,1 Rusk Point,France,Gloves,Large,3
01HPYDXKGSQBXBM3THR4DQR380,5/23/2023,vgotchercc@vimeo.com,Verla,Gotcher,8113 West Court,Argentina,Tshirt,Large,2
01HPYDXKGV31J4G4D4HGFEHZ6A,10/21/2023,dwilkennsoncd@studiopress.com,Dalis,Wilkennson,203 Macpherson Drive,Brazil,Hoody,Medium,2
01HPYDXKGW1N5CRVBP3EZRHFEB,4/9/2023,kcrannellce@usda.gov,Kimbell,Crannell,5873 Dixon Trail,Brazil,Tshirt,Medium,3
01HPYDXKGXAMNF2Z4FRVMP9TMG,7/5/2023,kdmitroviccf@huffingtonpost.com,Keary,Dmitrovic,80330 Spaight Place,France,Scarf,X-Large,3
01HPYDXKGYH94XMSN0V3FC91SE,4/13/2023,bwattinghamcg@bloglovin.com,Butch,Wattingham,55025 Columbus Way,France,Scarf,Large,3
01HPYDXKH0W7EPA7XNMHV93M4H,2/16/2023,nhylandsch@dot.gov,Nicolas,Hylands,5189 Bayside Park,Brazil,Jacket,Small,2
01HPYDXKH14VN9F68QEKRJ3T1N,12/30/2023,agosneyeci@sciencedaily.com,Adolf,Gosneye,77664 Bay Road,Sweden,Tshirt,Large,3
01HPYDXKH467PBE1HJGTWJCSG0,5/5/2023,ebettanaycj@nhs.uk,Elias,Bettanay,380 Tennyson Park,Brazil,Sweater,Small,3
01HPYDXKH794ARWQNKR7MK63VK,9/5/2023,bmadgettck@github.com,Broderic,Madgett,99 Gale Circle,Brazil,Hoody,Small,3
01HPYDXKHAVDPXFK5X4D35FK8Y,9/30/2023,eubsdellcl@opera.com,Elston,Ubsdell,03991 Eastwood Alley,Norway,Hoody,X-Large,2
01HPYDXKHCAVY49F08J9WHD7CF,12/18/2023,mtestocm@adobe.com,Mellisa,Testo,29554 Eastlawn Pass,Chile,Scarf,Small,2
01HPYDXKHERAPREGNR410KT6V8,4/15/2023,fkerswellcn@netlog.com,Fancy,Kerswell,345 Mifflin Trail,France,Hoody,Large,4
01HPYDXKHH4V336TN7N4KCMR62,9/1/2023,ihandforthco@mozilla.com,Ignacius,Handforth,25528 Hanson Junction,Germany,Scarf,Medium,3
01HPYDXKHK92YWYT0SNWC2F6ZV,5/9/2023,swindmillcp@lulu.com,Sol,Windmill,7872 Pankratz Plaza,United States,Scarf,Large,4
01HPYDXKHNB65R6TG9VFECCXQP,3/6/2023,ndyshartcq@craigslist.org,Natasha,Dyshart,65115 Luster Alley,Brazil,Tshirt,Small,1
01HPYDXKHR25S3MWVJNW7WJC7F,3/7/2023,lspofforthcr@i2i.jp,Locke,Spofforth,4835 Melrose Lane,Ireland,Hat,Small,3
01HPYDXKHT6CA9DX97ZSPVV5XT,5/6/2023,dlimercs@columbia.edu,Duncan,Limer,9035 Scoville Center,France,Shorts,Medium,4
01HPYDXKHWF34MHWXA19S72THA,3/1/2023,rskentelburyct@nydailynews.com,Rosemary,Skentelbury,25329 Hagan Way,Senegal,Tshirt,X-Large,1
01HPYDXKHYHRVQ8NG4XVRPE0RP,9/2/2023,thallingcu@zdnet.com,Tammy,Halling,054 Del Sol Lane,France,Hat,Medium,4
01HPYDXKJ1JPKSH7FEYQTA0QJC,3/10/2023,ccrowncv@etsy.com,Clem,Crown,3844 Havey Plaza,France,Sweater,Small,1
01HPYDXKJ3DM2MPH5ASFMTQWND,11/23/2023,alambirdcw@hatena.ne.jp,Annalise,Lambird,201 Loeprich Crossing,Ireland,Hoody,Medium,4
01HPYDXKJ6T6KCZ5PKE5VBMFN5,8/18/2023,wcrevycx@army.mil,Winn,Crevy,77089 Evergreen Crossing,Sweden,Shorts,Large,3
01HPYDXKJ8JZMF53D6HXGMRJSQ,7/28/2023,asugarscy@meetup.com,Almeria,Sugars,279 Marquette Trail,Argentina,Scarf,Small,3
01HPYDXKJAHMJW4FDM9705P2FC,6/30/2023,wallridgecz@newsvine.com,Wally,Allridge,73 Basil Parkway,United States,Scarf,Medium,2
01HPYDXKJC21R7379FD26DRDSX,3/22/2023,agaishd0@webs.com,Ardra,Gaish,81571 Luster Hill,Brazil,Scarf,X-Large,1
01HPYDXKJEMS6Y0DSR9D250F7G,10/21/2023,amackeegd1@reuters.com,Abagael,MacKeeg,6012 Manufacturers Circle,Sweden,Jacket,Medium,1
01HPYDXKJHJKJE7090SDEBM40R,6/18/2023,lobeed2@slate.com,Lyn,Obee,15 Melvin Center,Canada,Tshirt,Medium,3
01HPYDXKJMCS3E2803099BET04,12/16/2023,alaxd3@youku.com,Araldo,Lax,705 Lakewood Gardens Court,Brazil,Scarf,Medium,3
01HPYDXKJQKSSXHS7A5B3MWFXZ,2/9/2023,wgluyusd4@businessweek.com,Warden,Gluyus,36 Luster Terrace,Nigeria,Gloves,Medium,4
01HPYDXKJSR81N43V6HRQBGKS3,8/10/2023,jgegayd5@intel.com,Jesse,Gegay,04 Michigan Lane,Brazil,Tshirt,X-Large,3
01HPYDXKJWWCHVK7HJRDSTRQYN,10/19/2023,dguinand6@fotki.com,Dorothee,Guinan,70476 Larry Trail,Peru,Sweater,Medium,2
01HPYDXKJYB8Q3KK762HX36QQS,4/30/2023,hcobond7@redcross.org,Hedda,Cobon,9 Claremont Place,Nigeria,Tshirt,Small,3
01HPYDXKK01H4JVJH46DXWH5BG,4/9/2023,awakelamd8@nydailynews.com,Archibald,Wakelam,5276 Iowa Junction,Nigeria,Hoody,Medium,4
01HPYDXKK2JG056ENBMRQR9SDM,9/16/2023,pstonnerd9@mtv.com,Pietro,Stonner,383 Grover Circle,Nigeria,Shorts,Large,3
01HPYDXKK5H5P1VHXC8WQP5N3T,9/20/2023,jondricekda@bandcamp.com,Jeromy,Ondricek,8188 Little Fleur Road,Norway,Scarf,Large,4
01HPYDXKK7BPBN4THP12R7FJTK,10/6/2023,parchdeacondb@simplemachines.org,Phylys,Archdeacon,84433 Dixon Alley,France,Shorts,Medium,4
01HPYDXKK9E2KE2ZPSF8720VES,1/3/2023,itofanodc@phoca.cz,Ibrahim,Tofano,8 Kingsford Trail,Peru,Hoody,Small,3
01HPYDXKKC6AFVME48XX5ZNPQQ,10/12/2023,clemarquanddd@google.ru,Cherida,Le Marquand,28195 Orin Parkway,Ireland,Hoody,Medium,3
01HPYDXKKEB4NYPSX2JGQ1NEY7,3/30/2023,ijochende@slashdot.org,Inesita,Jochen,26926 Coolidge Terrace,Brazil,Tshirt,Large,3
01HPYDXKKH3SGG06PGVA2BJQ68,8/20/2023,dscreendf@cbsnews.com,Debra,Screen,16 Washington Way,Sweden,Sweater,Medium,1
01HPYDXKKKW7AWFV6RPSY1AV0T,2/25/2023,dwainedg@friendfeed.com,Dewitt,Waine,475 Texas Drive,Uruguay,Hat,Large,1
01HPYDXKKP6JNHQR2YPAG3RDAJ,10/28/2023,lcorcutdh@icq.com,Lynsey,Corcut,70904 Orin Plaza,United States,Tshirt,Medium,4
01HPYDXKKRGS5BPFWF4EWKEN8K,6/7/2023,aaddicotedi@senate.gov,Alejoa,Addicote,2 Coolidge Lane,France,Scarf,Medium,1
01HPYDXKKT8HE1RXVGPVF41KQ9,12/17/2023,mlamplughdj@utexas.edu,Marleah,Lamplugh,96297 Bluejay Place,Nigeria,Tshirt,Large,4
01HPYDXKKVNVJ8QYVWJV7D9RE3,3/13/2023,trebertdk@sciencedaily.com,Tania,Rebert,365 Brentwood Road,Brazil,Shorts,Medium,3
01HPYDXKKW51MBDD3VSX10WH8X,5/6/2023,sblackallerdl@chronoengine.com,Sibilla,Blackaller,354 Anhalt Park,United States,Scarf,Medium,4
01HPYDXKKXF0RJTEAYGYQNPAGA,7/12/2023,sioselevichdm@npr.org,Shelia,Ioselevich,4 Aberg Lane,United Kingdom,Hat,Medium,1
01HPYDXKKY7SFZA733QTCGY7Q6,7/25/2023,mbigginsdn@paginegialle.it,Miltie,Biggins,1 Armistice Hill,Brazil,Shorts,Medium,3
01HPYDXKM11D6GQ413X7EVJR3Q,6/20/2023,tkeymardo@trellian.com,Tabitha,Keymar,2 Garrison Pass,France,Shorts,Large,4
01HPYDXKM31D5X0N7G5T0P1R2P,1/19/2023,rteulierdp@va.gov,Rozamond,Teulier,53 Heffernan Pass,France,Shorts,Medium,4
01HPYDXKM6WP6NYAT82PKBAFFP,11/20/2023,aguidettidq@360.cn,Alessandra,Guidetti,35 Heath Plaza,Sweden,Gloves,Medium,4
01HPYDXKMB2P5NMHF9M68B2QT0,5/25/2023,ctilbrookdr@ning.com,Cristie,Tilbrook,0057 Beilfuss Street,France,Scarf,X-Large,3
01HPYDXKMDFCFFT2H8GV3X1VJ4,7/1/2023,tcholertonds@comsenz.com,Theresita,Cholerton,0 Kropf Place,United States,Shorts,XX-Large,4
01HPYDXKME9N2MF88HTG52Z041,10/23/2023,agrazierdt@archive.org,Alasdair,Grazier,13152 Banding Lane,Peru,Tshirt,X-Large,1
01HPYDXKMF5CR36YM0R2N29C9H,11/24/2023,bouldcottdu@so-net.ne.jp,Bert,Ouldcott,48086 Westend Drive,Sweden,Hoody,Medium,3
01HPYDXKMGZCTXZTCBQS2MZAFA,1/16/2023,lscollarddv@bloomberg.com,Lana,Scollard,3 Emmet Park,Brazil,Hoody,Small,2
01HPYDXKMJ5F4FD725ZKX757CV,5/17/2023,avenediktovdw@apple.com,Augustina,Venediktov,6343 Tony Lane,France,Tshirt,X-Large,1
01HPYDXKMKNJKBG2W2DDY6DW64,7/20/2023,molunneydx@rakuten.co.jp,Madalena,O'Lunney,03415 Melrose Park,Sweden,Shorts,Medium,1
01HPYDXKMMEWDAEFR5WX7P8BSJ,7/29/2023,lgrzegoreckidy@studiopress.com,Lishe,Grzegorecki,28676 Sutteridge Road,Canada,Hoody,Medium,2
01HPYDXKMP1GT5D89E7ANPVBVG,1/28/2023,lisgardz@patch.com,Les,Isgar,6101 Talisman Park,Nigeria,Sweater,Large,4
01HPYDXKMRT002NP6FNAP8Z5JG,1/3/2023,mcafferye0@apple.com,Maridel,Caffery,414 Kings Terrace,Canada,Hat,Medium,3
01HPYDXKMT9ZEPYDVVAZEZF9TQ,12/13/2023,cmccaghane1@ft.com,Coralie,Mc Caghan,190 Scott Road,Canada,Hoody,Small,3
01HPYDXKMWD9EQ0D068BP39052,2/15/2023,calentyeve2@chicagotribune.com,Clarinda,Alentyev,44 Dexter Place,Nigeria,Tshirt,X-Large,2
01HPYDXKMZ432CMX81X14RTQZP,4/8/2023,lhatherleye3@amazon.co.jp,Lock,Hatherley,237 Loomis Place,United States,Sweater,Large,2
01HPYDXKN1Y3XWGTP25V1DEADP,6/16/2023,gfrusharde4@delicious.com,Gretta,Frushard,00023 Badeau Plaza,Sweden,Tshirt,Medium,3
01HPYDXKN3ZK524FSZQ8R0F6H9,12/5/2023,krookese5@craigslist.org,Keelia,Rookes,36483 Almo Avenue,Argentina,Tshirt,Large,2
01HPYDXKN5DHZ6BKK27AWRYYXY,4/30/2023,abinese6@icio.us,Antoinette,Bines,1639 Bultman Pass,Brazil,Gloves,Medium,3
01HPYDXKN7K022KFRW9YCC9A3F,5/30/2023,gdelhaye7@pinterest.com,Gayel,Delhay,52308 Norway Maple Court,United States,Hat,Large,3
01HPYDXKN91F3DPG2SCQTCKT2Y,7/8/2023,khammere8@booking.com,Katusha,Hammer,35250 Columbus Drive,France,Tshirt,XX-Large,4
01HPYDXKNBN0X93EQARZEFWBV7,2/21/2023,ttemle9@wiley.com,Taffy,Teml,45699 Waywood Street,Brazil,Sweater,Small,3
01HPYDXKNDWRCZKQFR6309NNQC,11/16/2023,pbilesea@soundcloud.com,Palm,Biles,98 Spaight Crossing,United States,Tshirt,Large,1
01HPYDXKNE3K3X7QCBQ7WRT86V,10/13/2023,slabatieeb@go.com,Staffard,La Batie,35214 Cody Park,Argentina,Tshirt,Large,3
01HPYDXKNH8J3WFBEPF4ZXWJW8,3/28/2023,bgrivoriec@cam.ac.uk,Bibbye,Grivori,0 East Lane,Sweden,Shorts,Large,2
01HPYDXKNJP690MTP93GXCEP6A,2/10/2023,gsankeyed@bing.com,Giovanni,Sankey,7146 Prairie Rose Place,Argentina,Hoody,Medium,4
01HPYDXKNNCT3WKQ568XM29CV8,1/7/2023,weverallee@cisco.com,Winnie,Everall,20 East Lane,Argentina,Shorts,Medium,3
01HPYDXKNPDKDTTFBPSWN1Z3ET,1/13/2023,wjeromeef@cbsnews.com,Wylie,Jerome,19 David Lane,Italy,Shorts,Medium,2
01HPYDXKNSRY677QAHPR4EWAJD,3/5/2023,sgroveeg@ebay.com,Shaw,Grove,651 Cardinal Terrace,Canada,Tshirt,Large,2
01HPYDXKNVXTF82X944Z5Z5VGF,3/30/2023,kverekereh@blogger.com,Kylen,Vereker,309 Mallory Avenue,Peru,Tshirt,Large,2
01HPYDXKNX38T08XVWEZNBPA94,9/9/2023,bkmicickiei@wisc.edu,Beverly,Kmicicki,16 Esker Street,United States,Tshirt,Medium,2
01HPYDXKNZWE5Q22TQ2R5M6HTB,3/14/2023,abenedictej@netscape.com,Ashlie,Benedict,7970 Warner Plaza,Sweden,Tshirt,XX-Large,2
01HPYDXKPQVG2JXS4DN7MBP059,12/13/2023,awoodwinek@1und1.de,Anna-diane,Woodwin,748 Karstens Drive,United States,Hoody,Small,1
01HPYDXKPSXTWT9R4BZVT21KC2,12/8/2023,cgeckeel@smugmug.com,Cornelius,Gecke,248 Carey Pass,Brazil,Scarf,XX-Large,2
01HPYDXKPWN9TVCZSJC8XCJ5GF,6/19/2023,ltongeem@rediff.com,Leonora,Tonge,71321 Rigney Circle,Argentina,Scarf,Large,3
01HPYDXKPYB0VJV7H3KSCN3FQ2,12/6/2023,jgumbrellen@godaddy.com,Jeffy,Gumbrell,25 Nancy Junction,Canada,Jacket,Medium,4
01HPYDXKQ0SXSZRFMD5EYBG13Z,4/20/2023,gcreaneyeo@twitpic.com,Gloriana,Creaney,415 Meadow Ridge Park,Nigeria,Scarf,Medium,1
01HPYDXKQ25GYWRJ50ZXZ95ZE2,7/28/2023,asowerbyep@reverbnation.com,Ania,Sowerby,99 Hauk Terrace,Sweden,Shorts,Large,4
01HPYDXKQ443VVTGASMG10TEMW,1/24/2023,fjephsoneq@yolasite.com,Freddy,Jephson,6253 Dawn Road,Peru,Scarf,Medium,3
01HPYDXKQ6TH5837NZC42XZVJR,3/31/2023,rditter@cbsnews.com,Rogers,Ditt,78 Browning Terrace,Brazil,Shorts,Small,1
01HPYDXKQ8RVGTP6YSB06F9V43,7/21/2023,ngreeneres@archive.org,Nicola,Greener,867 Derek Circle,France,Tshirt,X-Large,4
01HPYDXKQAFHMA7HGHDFQZ2JFY,11/15/2023,jhonschet@cpanel.net,Joanna,Honsch,31 Holmberg Center,Canada,Tshirt,Large,3
01HPYDXKQC8HE36VA5RZ88BSE6,9/2/2023,bgiacovazzoeu@amazon.de,Brien,Giacovazzo,122 Weeping Birch Park,France,Tshirt,XX-Large,1
01HPYDXKQEH1MMC1B90VAV72K2,7/4/2023,agasperoev@reference.com,Aldwin,Gaspero,87116 Aberg Road,Brazil,Hoody,XX-Large,1
01HPYDXKQHMMMZF3VNR3AYX48S,12/24/2023,rbreitlingew@ucoz.com,Randi,Breitling,3402 Crownhardt Hill,Brazil,Shorts,Large,4
01HPYDXKQKJ4VTG46TG41P09X4,3/21/2023,hfaustianex@businessweek.com,Hermy,Faustian,4 Russell Place,Brazil,Hoody,Medium,3
01HPYDXKQPP931CTK68FVE3MEN,5/6/2023,amackisoney@virginia.edu,Amity,Mackison,09675 Meadow Vale Lane,Nigeria,Tshirt,X-Large,4
01HPYDXKQQ3Y8FYVX37350W24H,6/2/2023,abransbyez@state.tx.us,Alwin,Bransby,295 Starling Park,Peru,Hoody,Small,1
01HPYDXKQSBPTCXDG9JTT0C8C6,11/12/2023,wreallyf0@freewebs.com,Wernher,Really,8 Novick Trail,Brazil,Scarf,Large,1
01HPYDXKQWKBYG0BMBCYKZY9XA,10/9/2023,ltootinf1@vimeo.com,Lanni,Tootin,26 Cherokee Pass,Germany,Hoody,Medium,4
01HPYDXKQYMGFHVXV8SHWFDG3H,10/23/2023,bbackshawf2@state.tx.us,Betsey,Backshaw,6 Loomis Circle,France,Tshirt,X-Large,3
01HPYDXKQZWQXX4NH2ETW4J2H8,1/25/2023,cbartleyf3@buzzfeed.com,Clary,Bartley,4 Glendale Street,Canada,Scarf,Large,1
01HPYDXKR28V1GMCKVMNKQTKG7,9/20/2023,traisonf4@a8.net,Taddeo,Raison,220 6th Park,France,Tshirt,Medium,4
01HPYDXKR437ZWVNWA2A2CYH3S,4/8/2023,gbeningfieldf5@xing.com,Glynda,Beningfield,870 Park Meadow Court,Canada,Tshirt,XX-Large,3
01HPYDXKR6ZGZPA36YQGVA3YZ3,10/8/2023,jbadsworthf6@sina.com.cn,Judon,Badsworth,0900 Coolidge Center,Sweden,Jacket,Medium,2
01HPYDXKR8T0WZYP95J7P4DZT9,11/8/2023,jweatheyf7@skyrock.com,Janeta,Weathey,1 Duke Pass,France,Tshirt,X-Large,1
01HPYDXKRA2PFC7JZ3Y58HT25T,7/6/2023,epetrassof8@freewebs.com,Emilia,Petrasso,7989 Emmet Pass,Australia,Hoody,XX-Large,1
01HPYDXKRDZYAJQ5ZBS5409JT5,10/30/2023,kyanovf9@imgur.com,Kikelia,Yanov,4009 Bellgrove Pass,France,Sweater,Large,1
01HPYDXKRG2CZW79D1C6GSM0G5,1/14/2023,lruddomfa@google.fr,Lezley,Ruddom,14 Comanche Lane,Canada,Hat,Medium,3
01HPYDXKRJ5RA4JP4MP1RE2DE8,11/10/2023,jmacwilliamfb@harvard.edu,Janith,MacWilliam,94 Roth Pass,France,Sweater,Medium,1
01HPYDXKRNFBW7Q74DMN8YDSR4,10/8/2023,btolcharfc@flickr.com,Barclay,Tolchar,613 Messerschmidt Road,France,Sweater,Medium,2
01HPYDXKRQ0M7CYXCDZSV8JYQA,2/21/2023,aanglimfd@symantec.com,Adelbert,Anglim,930 Mallard Trail,United States,Hoody,Medium,2
01HPYDXKRSESDRSJ9641A1S2F1,1/21/2023,lcluckiefe@tinypic.com,Leighton,Cluckie,73342 Green Center,Nigeria,Shorts,Small,4
01HPYDXKRWAHYZ9MMSGY8SNQ5K,3/16/2023,glembrickff@ca.gov,George,Lembrick,469 Burrows Crossing,Norway,Scarf,Large,1
01HPYDXKRZQ1V5QMY24A6ZC2A4,12/11/2023,cstidstonfg@amazon.co.uk,Charmian,Stidston,89 Eggendart Lane,Canada,Tshirt,X-Large,3
01HPYDXKS2W6KV476VQ2AAH0PZ,8/13/2023,emacareefh@dedecms.com,Ernst,MacAree,208 Waxwing Alley,Nigeria,Hoody,Medium,1
01HPYDXKS46GTMB46PRQ8AKX0A,12/30/2023,hmedlandfi@google.com.br,Henrik,Medland,9224 Forest Dale Park,Argentina,Sweater,Large,4
01HPYDXKS760ME0NFKAT9RDBGY,1/27/2023,rmcmakinfj@tinypic.com,Rodie,McMakin,71252 Bartelt Avenue,Canada,Hoody,XX-Large,3
01HPYDXKSAZ09E9WDSS08WTCT5,11/21/2023,lruskinfk@51.la,Lennie,Ruskin,095 Old Shore Terrace,United States,Hat,X-Large,4
01HPYDXKSDARJQJD51GY1HFF4M,3/24/2023,bmewburnfl@gov.uk,Bancroft,Mewburn,1 Luster Crossing,Sweden,Scarf,Small,3
01HPYDXKSFTZ52PW6PVXNX2MN1,6/2/2023,aolubyfm@sourceforge.net,Adan,O'Luby,0548 Elmside Center,Brazil,Sweater,Large,1
01HPYDXKSJVT5W8HPRBDK72S8J,2/18/2023,lrentcomefn@timesonline.co.uk,Laryssa,Rentcome,749 Park Meadow Center,Sweden,Hat,X-Large,3
01HPYDXKSKMQ1FSVJFWX0JVYA8,1/14/2023,codeafo@furl.net,Casi,O'Dea,4 Milwaukee Crossing,Senegal,Scarf,Large,2
01HPYDXKSNFXFAZFVYZ2DR30FW,7/6/2023,lblissfp@pagesperso-orange.fr,Leighton,Bliss,62 Homewood Pass,Canada,Hoody,X-Large,4
01HPYDXKSP2QQ40ZMTZXMYPGSY,1/22/2023,fgrinnikovfq@php.net,Franchot,Grinnikov,461 Mariners Cove Road,Nigeria,Sweater,Large,2
01HPYDXKSR7Q50A50BVQ7RCEFX,9/9/2023,kcupittfr@go.com,Kirstin,Cupitt,083 Hansons Parkway,Sweden,Hoody,X-Large,3
01HPYDXKSS1H4C3B6R2EP1B7HJ,5/31/2023,cbirtlesfs@icio.us,Clare,Birtles,460 Canary Street,Brazil,Hoody,Medium,2
01HPYDXKSTS1BWYM97S9MJB4G8,5/23/2023,gdebruynft@icio.us,Giraud,De Bruyn,55848 Jana Park,Argentina,Hat,Large,3
01HPYDXKSVDEY6VSRPHZY40MX9,1/5/2023,jbonnickfu@wikispaces.com,Jennilee,Bonnick,701 Chive Street,France,Hoody,Large,2
01HPYDXKSXW1KP7613GBFPVKZG,1/21/2023,jarminfv@amazon.com,Jermayne,Armin,5030 Dorton Trail,Sweden,Tshirt,XX-Large,2
01HPYDXKSYYHR04T4JD5JH7B6W,1/14/2023,csetchellfw@ucoz.ru,Corny,Setchell,4161 Graedel Center,Sweden,Hoody,Small,4
01HPYDXKT0EH2EFQQXP98FM42B,4/28/2023,cmoizerfx@tamu.edu,Cathryn,Moizer,10 Logan Crossing,Ireland,Gloves,Medium,1
01HPYDXKT2EJR4RGY4CEY84G7W,11/4/2023,ndyosfy@archive.org,Nicholas,Dyos,0283 Burrows Terrace,Ireland,Hoody,Small,4
01HPYDXKT3B974R5J60654AW28,8/15/2023,xbuscherfz@sbwire.com,Xaviera,Buscher,57648 Fisk Pass,Nigeria,Tshirt,Small,2
01HPYDXKT432VFHEXC36YEGXEJ,11/9/2023,mmcpeiceg0@ehow.com,Moses,McPeice,327 Almo Road,United States,Hoody,Small,3
01HPYDXKT5NX34JWGY8PEGFKAY,10/22/2023,leyesg1@yandex.ru,Lurlene,Eyes,4071 Dottie Park,United States,Hoody,Small,4
01HPYDXKT7FNQ057MV7J877BCP,12/27/2023,skingsworthg2@creativecommons.org,Stewart,Kingsworth,2206 Arapahoe Point,Sweden,Tshirt,X-Large,1
01HPYDXKT9KYV9B97CADS20N9P,6/2/2023,apettendrichg3@newsvine.com,Allyn,Pettendrich,3160 Granby Crossing,Canada,Tshirt,Medium,1
01HPYDXKTBFG0YQ4P4YQX2F816,7/5/2023,tosbaldstoneg4@elpais.com,Trenton,Osbaldstone,32045 Swallow Alley,Peru,Hoody,Medium,2
01HPYDXKTC8JKHDTTSHGHS4DP8,7/25/2023,aselcraigg5@amazonaws.com,Artemis,Selcraig,8868 Swallow Park,Brazil,Shorts,Large,2
01HPYDXKTDBT90RAXFRJTGNM5J,9/20/2023,bfrancillog6@businessweek.com,Brandi,Francillo,85 Weeping Birch Court,Uganda,Tshirt,Large,3
01HPYDXKTFA6H4SZS2Y38JC773,11/6/2023,abolstridgeg7@joomla.org,Ambrosius,Bolstridge,17 Bellgrove Parkway,France,Hat,Medium,3
01HPYDXKTG8TWV23RRFA9HJV18,6/6/2023,kperfittg8@stanford.edu,Kelila,Perfitt,5 Kings Road,Peru,Gloves,Medium,3
01HPYDXKTHN9FX64HE171KR54Y,1/26/2023,tmayzesg9@themeforest.net,Tiena,Mayzes,442 Ridgeway Pass,Canada,Gloves,Large,3
01HPYDXKTKXPPK0GAA3XW8WJV3,1/1/2023,kstockfordga@mozilla.org,Keely,Stockford,5911 Lighthouse Bay Avenue,Brazil,Scarf,Small,4
01HPYDXKTM8C9KBW3AV518ZHDA,8/10/2023,ngumerygb@ask.com,Nicky,Gumery,07346 Westend Center,Sweden,Scarf,X-Large,4
01HPYDXKTNK03N486ANFBY2J96,7/6/2023,vdanksgc@independent.co.uk,Verene,Danks,4 Bultman Plaza,Sweden,Scarf,Medium,3
01HPYDXKTQASVRJRZGPWY1GXVM,9/7/2023,hmckibbingd@ning.com,Henri,McKibbin,698 Cordelia Lane,United States,Scarf,XX-Large,3
01HPYDXKTRMG181KG13HGGSATJ,8/2/2023,mphippsge@nps.gov,Maire,Phipps,968 Golf Alley,Argentina,Hat,Large,3
01HPYDXKTT4DV6Q8VM8443A5R3,9/1/2023,igreenshielsgf@yahoo.co.jp,Ike,Greenshiels,42 Michigan Point,Brazil,Shorts,Small,2
01HPYDXKTVH7673TXK31W6KCDF,9/8/2023,ngainsburygg@sina.com.cn,Nap,Gainsbury,03 Arkansas Park,France,Sweater,XX-Large,4
01HPYDXKTW6P1J1G3D3QRQ5GK5,6/29/2023,ecowlamgh@reverbnation.com,Evanne,Cowlam,28162 Rockefeller Avenue,Canada,Tshirt,Medium,2
01HPYDXKTYBRXJ0XN0EQFB3ZYY,2/9/2023,rmoodeygi@trellian.com,Raffaello,Moodey,36597 Bluestem Street,Peru,Sweater,Medium,2
01HPYDXKTZSXK4MZSV8F3TYZGG,5/16/2023,gcamiergj@illinois.edu,Gianni,Camier,781 Nancy Terrace,Sweden,Hat,Large,2
01HPYDXKV1NE03KK8Z4C2D9RFZ,8/1/2023,dsugargk@instagram.com,Der,Sugar,3 Westport Circle,Brazil,Jacket,Medium,4
01HPYDXKV27S7AWAV24YRZTWKT,5/25/2023,iwestovergl@furl.net,Ida,Westover,604 Canary Road,France,Hoody,Medium,3
01HPYDXKV3K2TVWCE2M1WT0TTQ,6/2/2023,cmeahgm@jigsy.com,Caresse,Meah,249 Prairie Rose Plaza,Canada,Sweater,Large,3
01HPYDXKV5QFYEAMJZ12FE0QSN,10/24/2023,kgowansgn@home.pl,Krystal,Gowans,6282 Graedel Drive,Brazil,Hat,Medium,3
01HPYDXKV6KKPRZ9DFD1ZHSAS0,12/28/2023,laxtengo@cloudflare.com,Lissie,Axten,511 Valley Edge Plaza,Sweden,Shorts,Small,3
01HPYDXKV7VANFTRK9Y184HV99,4/2/2023,bmazziagp@ehow.com,Barbaraanne,Mazzia,5660 Veith Junction,Sweden,Jacket,Medium,3
01HPYDXKV8DRB6KA86YC9GQW8M,5/11/2023,cgethyngq@yellowbook.com,Cacilia,Gethyn,7869 Redwing Pass,Ireland,Sweater,Large,4
01HPYDXKVADB1EB0XPPW9B16C7,6/10/2023,smcilwainegr@angelfire.com,Stepha,McIlwaine,307 Ludington Point,United States,Scarf,X-Large,3
01HPYDXKVB0XCHX0CBXYPA91W9,4/9/2023,atabrettgs@howstuffworks.com,Adah,Tabrett,88 Ridgeway Junction,Sweden,Tshirt,Large,2
01HPYDXKVCE8NMBSVVQGN5XEDJ,10/14/2023,csimonetongt@mayoclinic.com,Carla,Simoneton,8787 5th Street,Sweden,Hat,Large,2
01HPYDXKVDQY7PQA2N35M1E5R2,11/6/2023,hbrodwaygu@ox.ac.uk,Hildy,Brodway,44507 Myrtle Street,Sweden,Jacket,XX-Large,4
01HPYDXKVFC1PP9ZDTVG6B26RQ,10/26/2023,fbrabangv@google.ru,Franzen,Braban,8 Montana Avenue,Sweden,Sweater,Large,1
01HPYDXKVGW848ZWF26K8Z4E9H,2/11/2023,cinglibygw@ftc.gov,Care,Ingliby,3986 Northwestern Trail,France,Scarf,Medium,3
01HPYDXKVHBV6P7NFTE0PQ11V4,10/21/2023,gewergx@dion.ne.jp,Gussi,Ewer,85944 Southridge Center,Brazil,Hoody,Medium,1
01HPYDXKVJ5EQHRFAXG2SX5JQW,8/18/2023,rburlessgy@163.com,Randy,Burless,8 Manufacturers Drive,Sweden,Jacket,Medium,1
01HPYDXKVKMVN5BVXX7G7QSAR8,12/29/2023,dcabblegz@aol.com,Douglas,Cabble,27020 Anhalt Terrace,Sweden,Tshirt,Small,3
01HPYDXKVN250GE0WD3YS2VBS7,3/23/2023,mdesantosh0@cargocollective.com,Murielle,De Santos,8 Chive Hill,Peru,Hoody,Large,2
01HPYDXKVPJTF7SEPJTD426B0Y,11/18/2023,hfrietth1@unc.edu,Homerus,Friett,94 Fallview Hill,Sweden,Gloves,Small,3
01HPYDXKVQGEVB9ZJ1HKAEGRZ7,6/5/2023,mduinbletonh2@desdev.cn,Marlow,Duinbleton,33 Welch Drive,Argentina,Hoody,Medium,3
01HPYDXKVRSMRVSEVA4FMSM6DD,8/12/2023,aminchellah3@cbc.ca,Anita,Minchella,63145 Morrow Crossing,France,Shorts,Medium,2
01HPYDXKVSQGCCTV0EF8QJJHKG,9/29/2023,edumbreckh4@oaic.gov.au,Elmo,Dumbreck,9 Green Place,Germany,Tshirt,Large,4
01HPYDXKVTYEY0F8FDDH53AYA4,4/25/2023,theseyh5@discuz.net,Talbert,Hesey,2355 Kings Terrace,Sweden,Hat,Medium,4
01HPYDXKVWABYFBQBA08HZ3680,10/23/2023,dparradineh6@smugmug.com,Dolph,Parradine,086 Sommers Junction,France,Tshirt,XX-Large,4
01HPYDXKVXJKQGQMQAF2DKF1XN,6/29/2023,smcgreilh7@youtube.com,Stefano,McGreil,17110 Russell Court,Brazil,Hoody,Medium,2
01HPYDXKVY1KDFCA2RA92H5F6T,8/25/2023,oaldwickh8@bloglovin.com,Owen,Aldwick,79 Westport Alley,Brazil,Sweater,XX-Large,2
01HPYDXKW14A40PF7QCCZ9HK8W,12/17/2023,dfugereh9@omniture.com,Denis,Fugere,7271 Armistice Center,France,Shorts,Medium,3
01HPYDXKW4RPVDC57MYWSK2H5J,1/26/2023,dhattoha@tumblr.com,Dorine,Hatto,6577 Hudson Court,Sweden,Scarf,XX-Large,1
01HPYDXKW6ZRSV1YAHZPMMYGDB,1/31/2023,jalibonehb@over-blog.com,Jedidiah,Alibone,41811 Thackeray Street,Brazil,Tshirt,X-Large,4
01HPYDXKW7A6NCSV10MHEBGREZ,6/24/2023,klewinhc@google.es,Kiah,Lewin,65529 Reindahl Drive,United States,Tshirt,XX-Large,2
01HPYDXKW8A7805FHXAC5CMAK0,6/26/2023,tboheahd@addthis.com,Tatum,Bohea,52 Stone Corner Hill,France,Sweater,Medium,2
01HPYDXKWAAZGD42GWWCY1CVZF,9/20/2023,rgomezhe@eepurl.com,Roland,Gomez,65 Gale Street,United States,Tshirt,Large,3
01HPYDXKWBEGCK5ZVN1QY3ZTJF,5/29/2023,pnorthbridgehf@ca.gov,Prescott,Northbridge,0 Hoard Park,Sweden,Shorts,XX-Large,1
01HPYDXKWCPA9P94MY3GM7ZQZE,4/25/2023,lemertonhg@ca.gov,Lee,Emerton,5938 Service Circle,France,Scarf,X-Large,1
01HPYDXKWD63VRXY3T5PBTRYRT,9/23/2023,zsudranhh@vkontakte.ru,Zahara,Sudran,536 Hagan Hill,Ireland,Gloves,Medium,1
01HPYDXKWF6HXPV6CB1X5K54M3,9/18/2023,tseallyhi@canalblog.com,Tabitha,Seally,491 Dapin Terrace,Nigeria,Gloves,XX-Large,2
01HPYDXKWG0A9ZYARBHC5QBXYN,5/7/2023,lpertonhj@dailymotion.com,Lonee,Perton,84 Spenser Hill,Brazil,Gloves,Small,2
01HPYDXKWH6VQJFR85Y6JEEX6Z,10/22/2023,mcohanehk@bbc.co.uk,Marisa,Cohane,73 Emmet Center,Canada,Tshirt,X-Large,4
01HPYDXKWJZWY681K0NKFKG13E,5/25/2023,bphebeehl@so-net.ne.jp,Bret,Phebee,0 Glendale Park,Brazil,Sweater,X-Large,3
01HPYDXKWKH6H0ZCNS6X7689W7,11/18/2023,csinclairehm@businessinsider.com,Crosby,Sinclaire,785 Mariners Cove Plaza,United States,Gloves,Large,4
01HPYDXKWMBF5VPD3CVW5FY3N8,6/10/2023,lcasottihn@wikia.com,Lelia,Casotti,11 Thierer Center,Norway,Tshirt,Large,1
01HPYDXKWP1E9BVSYSFPZ2R2MD,3/31/2023,pohearho@ning.com,Pollyanna,O'Hear,5 Corry Avenue,Argentina,Hat,X-Large,2
01HPYDXKWQQHFQCWE7KPW90YH9,6/26/2023,slloydwilliamshp@discovery.com,Sascha,Lloyd-Williams,7 Columbus Terrace,Bosnia and Herzegovina,Hoody,X-Large,1
01HPYDXKWRXSXJ7CEFXRZVRSV1,6/30/2023,tkinghornhq@twitter.com,Tiffanie,Kinghorn,5 Jana Trail,United States,Tshirt,Small,1
01HPYDXKWT9FAVA10F3HDDMCXH,3/16/2023,qpayshr@g.co,Quintus,Pays,782 Onsgard Parkway,France,Scarf,XX-Large,3
01HPYDXKWV35BRMPBZK1MHDST1,1/27/2023,riuoriohs@prlog.org,Rosella,Iuorio,36 Dorton Junction,Brazil,Hoody,Medium,3
01HPYDXKWW6CC1TAS01HFJKGRY,12/28/2023,cfulcherht@abc.net.au,Calli,Fulcher,24002 Old Gate Terrace,Brazil,Sweater,Medium,3
01HPYDXKWX58T53N8KSYKR3XCM,12/14/2023,abarbourhu@globo.com,Andreas,Barbour,68 Browning Park,Brazil,Scarf,XX-Large,4
01HPYDXKWZ45DRAVSVB5Q2HHH1,5/21/2023,dmattamhv@homestead.com,Dur,Mattam,1408 Tennyson Junction,Norway,Hoody,Medium,2
01HPYDXKX03FPD4WP15133Z6P3,12/19/2023,mvigershw@narod.ru,Mal,Vigers,7 Westerfield Park,Spain,Scarf,Medium,2
01HPYDXKX1QQJ2Y23BKVV0V9KX,10/27/2023,fbohlerhx@mapy.cz,Fanchon,Bohler,4012 Union Pass,France,Tshirt,Medium,3
01HPYDXKX2TY52H63K7SF8FFNS,10/8/2023,icrandonhy@spotify.com,Ignatius,Crandon,3 Ohio Drive,Peru,Tshirt,Medium,2
01HPYDXKX328ZKE5HHP0V81VPY,11/28/2023,lbrandhamhz@timesonline.co.uk,Louisa,Brandham,90394 Jackson Park,Canada,Tshirt,Medium,2
01HPYDXKX50VSFTCETQHD872H1,1/15/2023,bhurlestonei0@zdnet.com,Barris,Hurlestone,6802 Granby Plaza,Canada,Hoody,XX-Large,2
01HPYDXKX6ZZ6568YFTM1XPSNQ,1/2/2023,aimminsi1@utexas.edu,Anestassia,Immins,1 Colorado Way,Argentina,Hoody,Small,3
01HPYDXKX7YBEVX7CMEKBFA6EZ,5/10/2023,eandricki2@dot.gov,Emmi,Andrick,9 Butterfield Place,Brazil,Hoody,Medium,3
01HPYDXKX835BMTK00NHNSH7H0,4/17/2023,obamfieldi3@w3.org,Olwen,Bamfield,71 Cordelia Alley,Brazil,Hoody,XX-Large,1
01HPYDXKXH0JZ76ZAG1VFKTAPV,11/10/2023,emorstoni4@icq.com,Ephraim,Morston,9433 Commercial Trail,Brazil,Hoody,Medium,4
01HPYDXKXK3RP8GFGAY4YXG7R3,4/7/2023,dwreyi5@cbsnews.com,Demetre,Wrey,7102 West Pass,France,Tshirt,Large,2
01HPYDXKXMRZ7TSTVW9BTHV50K,6/28/2023,bbenduhni6@ted.com,Bram,Benduhn,60876 Kinsman Court,Sweden,Jacket,Large,3
01HPYDXKXN6A8KJXPGNEDN46Y3,3/25/2023,rbecomi7@europa.eu,Riley,Becom,24158 1st Center,France,Scarf,Medium,4
01HPYDXKXPCBETFQ7VA1J476R9,3/29/2023,csmalmani8@statcounter.com,Cinderella,Smalman,2038 Dorton Pass,United States,Hat,XX-Large,1
01HPYDXKXQBRKQFBFSVNRY2ZA9,12/29/2023,ahoxeyi9@home.pl,Abigael,Hoxey,1349 Delladonna Junction,Sweden,Sweater,Medium,3
01HPYDXKXSC6ENY7JJ1D6XRPY9,12/18/2023,lbrockherstia@bigcartel.com,Lainey,Brockherst,2 Acker Parkway,Chile,Sweater,XX-Large,4
01HPYDXKXTGJRM4TEHPFK1P6AA,12/13/2023,ecorkettib@sakura.ne.jp,Eugene,Corkett,8045 Northfield Parkway,Brazil,Tshirt,Large,1
01HPYDXKXV1VGZZ4GK6V6EAT0C,6/17/2023,mkarshic@a8.net,Melicent,Karsh,52 Bowman Parkway,Spain,Hoody,Medium,1
01HPYDXKXXZZ985QS13G8K9XTA,7/14/2023,rsilverthorneid@themeforest.net,Raychel,Silverthorne,0497 Elmside Hill,Germany,Sweater,Medium,3
01HPYDXKXYHDAR74JQ2NFHADAV,4/20/2023,fattersollie@github.io,Fred,Attersoll,23 Judy Junction,France,Hoody,Large,1
01HPYDXKY0CPR6NK9EJCX2HXQ4,2/9/2023,jduckhouseif@histats.com,Jerrine,Duckhouse,04394 Packers Point,Brazil,Shorts,Medium,4
01HPYDXKY1K3YX81CACZV6JEQ7,5/30/2023,wwolfordig@google.com.au,Wallache,Wolford,24 Paget Circle,Brazil,Hoody,Small,2
01HPYDXKY3D9AQETFJ2AC9929B,4/18/2023,efiddlerih@reverbnation.com,Emelda,Fiddler,04216 Cascade Court,Argentina,Hoody,Large,1
01HPYDXKY4FXDFS717SXMRM902,2/3/2023,ocombenii@cmu.edu,Ogdan,Comben,9 Hoard Center,Nigeria,Jacket,Medium,1
01HPYDXKY55EJ06KNXVCYKGCBK,9/12/2023,fjanuszewskiij@delicious.com,Fae,Januszewski,81126 Anniversary Plaza,Peru,Scarf,Medium,2
01HPYDXKY6AJVBK4CM21VG0K4H,6/24/2023,rhogganik@histats.com,Rolfe,Hoggan,75473 Karstens Way,United States,Shorts,Small,2
01HPYDXKY72MXSGX6MNCD97MFF,8/11/2023,bpepleril@dot.gov,Biddie,Pepler,838 Dunning Trail,Senegal,Sweater,Small,1
01HPYDXKY8ZNR7ZM6HT3HEEE75,2/8/2023,calekseicikim@facebook.com,Cloris,Alekseicik,22913 Lukken Way,Sweden,Tshirt,Large,1
01HPYDXKYA232NX38JMEC24RYK,6/14/2023,cwoanin@dedecms.com,Ciro,Woan,83 Ohio Point,Brazil,Tshirt,Medium,2
01HPYDXKYBT5MKFZ2SPM633V8N,6/26/2023,cgatrillio@accuweather.com,Clare,Gatrill,199 Magdeline Center,France,Hoody,Large,1
01HPYDXKYCCXKPPED48A3W8JB9,10/11/2023,kmackeanip@utexas.edu,Katina,MacKean,3981 Main Park,Brazil,Tshirt,Medium,1
01HPYDXKYDFBP5523AA1GN5F5B,8/30/2023,lbreemiq@taobao.com,Lilas,Breem,3 Summit Way,Brazil,Scarf,Large,1
01HPYDXKYEXAF2CRJQWWPA1GSK,12/11/2023,bwoolfendenir@irs.gov,Broddy,Woolfenden,4488 Melrose Center,France,Gloves,Large,1
01HPYDXKYF9N4GTVZA2NAWCGB5,1/15/2023,dgatheris@uiuc.edu,Dwayne,Gather,43061 Doe Crossing Way,United States,Shorts,X-Large,1
01HPYDXKYHYAQP7B8QT80BDP9X,12/28/2023,vscopynit@e-recht24.de,Virginie,Scopyn,164 Monica Court,Bosnia and Herzegovina,Hat,Medium,4
01HPYDXKYJ0PTX5S6A8TVE9BS7,2/21/2023,nwellbankiu@fda.gov,Nike,Wellbank,748 Merchant Pass,France,Gloves,Large,4
01HPYDXKYKX9PE9BZ86QZEH3C9,1/22/2023,nzanassiiv@ca.gov,Noak,Zanassi,98661 Mariners Cove Point,United States,Hoody,Large,2
01HPYDXKYM5BFN7BP6Q7BT5D3W,8/27/2023,gcorkhilliw@apple.com,Gallard,Corkhill,85 Rigney Road,United States,Sweater,Medium,2
01HPYDXKYNSXR2HFSSG4K7P52V,2/17/2023,jgresteix@networksolutions.com,Juliana,Greste,7 Utah Circle,Argentina,Hoody,X-Large,2
01HPYDXKYPBQM8GZFQ9R8HTE7S,9/8/2023,fmellenbyiy@washington.edu,Fedora,Mellenby,52 Del Mar Center,Bosnia and Herzegovina,Tshirt,XX-Large,1
01HPYDXKYRRBJ04BZX3EGRVA19,7/30/2023,cwaythingiz@uiuc.edu,Chrystel,Waything,1 Pearson Plaza,Norway,Hoody,Small,2
01HPYDXKYS0TVMB740TTN48C01,5/22/2023,dwillowbyj0@sciencedirect.com,Dulcia,Willowby,3 Carpenter Way,United States,Tshirt,Medium,2
01HPYDXKYTNK7P55A7M3GKK7G8,6/19/2023,egladwishj1@google.es,Ebeneser,Gladwish,14 2nd Terrace,France,Shorts,Medium,4
01HPYDXKYVYB4QYHG82WHVKEQ2,4/21/2023,gsansunj2@google.com,Gothart,Sansun,2 High Crossing Park,Brazil,Hoody,Large,2
01HPYDXKYWW8RQTRY30A8X6VBJ,11/5/2023,ihatterj3@artisteer.com,Idell,Hatter,497 Carioca Drive,United States,Sweater,XX-Large,1
01HPYDXKYXEMN9KPP6WJQJA2DS,5/10/2023,cbrazelj4@java.com,Carmel,Brazel,7826 Jana Place,France,Tshirt,Large,2
01HPYDXKYZFF62YM7HXFEC5RWM,3/24/2023,eackensonj5@theguardian.com,Euphemia,Ackenson,55 Ridgeview Road,Canada,Tshirt,Medium,3
01HPYDXKZ1693F1F1S2FNG174Z,12/29/2023,mhabbinj6@independent.co.uk,Mahmoud,Habbin,697 Morning Point,France,Sweater,Medium,1
01HPYDXKZ2K8K5QNXEQQE74ZV7,1/20/2023,ypreedyj7@cisco.com,Yvette,Preedy,88 Florence Trail,Brazil,Tshirt,XX-Large,3
01HPYDXKZ3E4BG75ERKZKXSJJG,6/28/2023,mmartinj8@discuz.net,Morganne,Martin,73038 Heffernan Alley,Norway,Sweater,X-Large,2
01HPYDXKZ5QH7B71D2Z9R4T1A4,4/30/2023,hferniej9@marketwatch.com,Hymie,Fernie,85 Village Green Lane,Argentina,Tshirt,Large,1
01HPYDXKZ61W2NAVEFFK2HBFZQ,10/24/2023,mfavelleja@imageshack.us,Mano,Favelle,79 Charing Cross Pass,France,Shorts,Small,2
01HPYDXKZ7D9N991TZX2HAEJ4D,8/19/2023,eshankjb@xinhuanet.com,Emmalee,Shank,9385 Cherokee Alley,Canada,Tshirt,Large,3
01HPYDXKZ8ER7QMAV0669623BJ,2/8/2023,stomaschkejc@github.com,Siegfried,Tomaschke,7367 Susan Place,Uruguay,Scarf,Large,1
01HPYDXKZ94MN9GYTPWFJP5T80,10/22/2023,lcowlinjd@timesonline.co.uk,Lee,Cowlin,59442 Ridge Oak Street,United States,Scarf,X-Large,1
01HPYDXKZAR76MGTY8D6DGP0P6,12/19/2023,sthurnhamje@cdbaby.com,Simonette,Thurnham,181 Nancy Place,United States,Hat,Small,3
01HPYDXKZCD1ZPV4SHSN04FZVE,3/17/2023,tredmaynejf@fastcompany.com,Tull,Redmayne,3 Upham Terrace,Brazil,Tshirt,X-Large,3
01HPYDXKZDRYAQTNMCF2MYRNQX,4/13/2023,cdalejg@typepad.com,Caprice,Dale,88057 Miller Drive,Brazil,Hoody,Medium,4
01HPYDXKZEG6BA01VHWT4J2ZNM,9/2/2023,dbarbejh@exblog.jp,Derron,Barbe,7 Riverside Lane,Peru,Scarf,Small,4
01HPYDXKZFB4JWQDW5DBAXZHN3,7/22/2023,jferreiraji@aboutads.info,Jocko,Ferreira,54 Buena Vista Street,Brazil,Scarf,X-Large,4
01HPYDXKZG5FK5XFRSEW7J5SD6,10/1/2023,rmaccrackanjj@chron.com,Radcliffe,MacCrackan,92028 Schurz Trail,Norway,Hat,Medium,3
01HPYDXKZH9ZA4BSA2D6TVZDP2,5/17/2023,cgladdishjk@homestead.com,Cissiee,Gladdish,794 Shopko Terrace,United States,Hat,Medium,1
01HPYDXKZKWWXV6DDE6AAYH4JG,6/16/2023,fsavoryjl@csmonitor.com,Frans,Savory,91 Talisman Circle,Senegal,Shorts,X-Large,2
01HPYDXKZMMWNDRVHYSK6WXBBM,7/22/2023,cbirchettjm@photobucket.com,Coreen,Birchett,2321 John Wall Lane,Sweden,Tshirt,Large,3
01HPYDXKZN4K1T3E4N2ZJ5MNMD,4/11/2023,sswadlingejn@vkontakte.ru,Sauveur,Swadlinge,5690 Harbort Trail,Italy,Tshirt,Medium,1
01HPYDXKZPWPC488PS8B6E6TS1,2/23/2023,dianiellojo@bandcamp.com,Dela,Ianiello,239 Burning Wood Plaza,United States,Hoody,XX-Large,2
01HPYDXKZQCK4AR7J5VESBNJRX,11/13/2023,lbendejp@tumblr.com,Leodora,Bende,4 Weeping Birch Drive,United States,Hat,Large,4
01HPYDXKZSS8NF7P87R35SSA75,1/15/2023,jgillicejq@unicef.org,Julietta,Gillice,51151 Jackson Circle,Peru,Sweater,Large,2
01HPYDXKZT5T0VQBJBX4FDGDBA,5/5/2023,atryjr@chron.com,Arlena,Try,1 Schurz Way,Sweden,Jacket,Medium,3
01HPYDXKZVSJ9869BD2W9EAA76,1/30/2023,gpykejs@xrea.com,Gianina,Pyke,52 Meadow Ridge Way,Uganda,Shorts,Medium,1
01HPYDXKZXD1KWM1CSM7NQ5JB1,8/12/2023,lmcnuffjt@ning.com,Lorrayne,McNuff,64158 Hanson Terrace,Nigeria,Scarf,X-Large,2
01HPYDXKZY6AMHAP9ATV8FSY9V,8/5/2023,smarrowju@scribd.com,Simonette,Marrow,1 Eastlawn Street,Ireland,Shorts,X-Large,3
01HPYDXKZZS14RHBBP2QS2GJVY,1/20/2023,wyurevichjv@purevolume.com,Wynnie,Yurevich,4118 Pine View Road,Brazil,Tshirt,Medium,1
01HPYDXM00JPFJSJTZAD58WDWR,3/11/2023,imcspirronjw@infoseek.co.jp,Isadora,McSpirron,83 6th Terrace,Argentina,Tshirt,Small,3
01HPYDXM02ER9DWWKJPM15K3GK,5/11/2023,fpeealessjx@jugem.jp,Floyd,Peealess,4586 Schmedeman Alley,France,Hoody,XX-Large,2
01HPYDXM0389Q18H6E09ZG1N04,12/7/2023,gjansensjy@reddit.com,Garik,Jansens,6 New Castle Way,Brazil,Sweater,Medium,1
01HPYDXM048CYJR6Y5PKFXYZ8R,3/5/2023,maberchirderjz@state.tx.us,Matelda,Aberchirder,25119 Dottie Junction,Brazil,Shorts,Large,4
01HPYDXM05JXQW2EDZ72NB1V53,11/25/2023,degginsk0@dropbox.com,Dominic,Eggins,7857 Raven Pass,Italy,Jacket,Large,4
01HPYDXM0747ZKXNZFF9A0CEQS,9/23/2023,gsaynork1@house.gov,Giulio,Saynor,38235 Chive Center,United States,Hoody,XX-Large,4
01HPYDXM08YAG860ZCQHZCASAS,10/11/2023,mmayberryk2@barnesandnoble.com,Merry,Mayberry,11 Goodland Alley,Uruguay,Hoody,Large,2
01HPYDXM0951Z65G4C7232APYS,1/9/2023,eayrtonk3@oaic.gov.au,Elyse,Ayrton,60 La Follette Way,Brazil,Hat,Medium,2
01HPYDXM0APWKR82D4W4VM0HXT,9/16/2023,ereutherk4@toplist.cz,Ethelind,Reuther,3283 Crest Line Hill,United States,Tshirt,Medium,1
01HPYDXM0CGCYGXG38SYZZRZJ8,6/1/2023,htutchellk5@amazon.co.jp,Henry,Tutchell,780 Dawn Plaza,Sweden,Shorts,Medium,3
01HPYDXM0DZS8W6NYMCDG208B8,3/13/2023,kbaystingk6@goo.gl,Kris,Baysting,58 Cardinal Crossing,Brazil,Gloves,Small,1
01HPYDXM0ES9Q0AEKHCHXEWEEP,10/11/2023,ltrevonk7@umich.edu,Lorna,Trevon,87496 Pennsylvania Drive,United States,Jacket,Medium,4
01HPYDXM0GV6A0HP0T4H6E7HW7,3/6/2023,lsawerk8@utexas.edu,Lynnea,Sawer,3 Shasta Terrace,Brazil,Tshirt,Medium,1
01HPYDXM0HRGAEH7489GZPDTC8,3/5/2023,jglassoppk9@51.la,Jacky,Glassopp,3 Eagan Place,Sweden,Hoody,Large,4
01HPYDXM0JKPPAXVENS4TGWMVC,1/1/2023,aboiseka@nbcnews.com,Agnola,Boise,9832 Stuart Avenue,Uruguay,Tshirt,XX-Large,1
01HPYDXM0K7YHFMFNCS7HN3B4K,3/21/2023,gdalbeykb@scribd.com,Garrick,Dalbey,01519 Golf Place,Peru,Hoody,Large,1
01HPYDXM0NBCVN76K78R1NT7QY,1/10/2023,atheuffkc@t.co,Ameline,Theuff,642 Northview Pass,Brazil,Hoody,Large,4
01HPYDXM0QFCAHDQKD3NW1QCQK,12/13/2023,mgeraghtykd@dropbox.com,Marsiella,Geraghty,7611 Burning Wood Road,Canada,Hoody,Small,3
01HPYDXM0SRF17M3FMZQ5MGFPG,1/24/2023,smcteagueke@ted.com,Shaylah,McTeague,6264 Summerview Pass,Brazil,Scarf,Medium,3
01HPYDXM0TJFJ6EB5D30NRQJD7,9/6/2023,jmcdonoughkf@issuu.com,Jeniece,McDonough,6139 Michigan Trail,Argentina,Hat,Medium,1
01HPYDXM0W6CDYQBZS9DP7KBBE,5/9/2023,lllewhellinkg@biglobe.ne.jp,Lurette,Llewhellin,00 Petterle Place,Sweden,Hoody,Large,3
01HPYDXM0XP19H329CYDEG7CDJ,5/4/2023,bgivekh@merriam-webster.com,Bevin,Give,615 Shelley Park,Argentina,Tshirt,Medium,1
01HPYDXM0YJ3QADX3VWNFFMD8T,10/7/2023,rsimionescuki@paginegialle.it,Robbyn,Simionescu,29423 Lakewood Gardens Junction,Brazil,Hoody,Large,3
01HPYDXM0ZBRA6EVVS4515BAPV,4/18/2023,atessymankj@diigo.com,Ara,Tessyman,6118 Fuller Hill,Brazil,Hoody,Large,1
01HPYDXM11P18XHVQAB83MM3ZK,7/15/2023,cboulgerkk@arstechnica.com,Colene,Boulger,1411 Harper Hill,Argentina,Hoody,Small,1
01HPYDXM12AWE2DYFNXHSYNH46,10/22/2023,tbeldumkl@bigcartel.com,Townie,Beldum,0149 Crest Line Trail,Nigeria,Hoody,Large,1
01HPYDXM13V8XVSVM16SKD479V,5/12/2023,geastgatekm@elegantthemes.com,Guss,Eastgate,676 Eagan Junction,United States,Jacket,Large,2
01HPYDXM14VD7H5R832WWZ85Q2,8/3/2023,kennionkn@sciencedirect.com,Kate,Ennion,58373 Cottonwood Pass,Bosnia and Herzegovina,Jacket,Large,4
01HPYDXM15N9SAEN8M4JCA8ZJM,10/8/2023,bcornelissenko@ustream.tv,Bogey,Cornelissen,47029 Eggendart Trail,France,Tshirt,XX-Large,4
01HPYDXM17TXG1DSYY2GYN54WQ,2/4/2023,kmacclanceykp@yandex.ru,Kurtis,MacClancey,7037 Iowa Avenue,Brazil,Scarf,Large,1
01HPYDXM18HAXR9CRYH1FW8EAK,6/28/2023,akirkbykq@google.pl,Anny,Kirkby,0 Reindahl Center,Argentina,Shorts,Medium,2
01HPYDXM19J87R76VK81JCJ3PJ,11/17/2023,nwooffindenkr@cyberchimps.com,Nikkie,Wooffinden,05596 David Terrace,Brazil,Jacket,Small,1
01HPYDXM1A7P2HAPH2A5M3Z4SG,11/24/2023,jgwylltks@freewebs.com,Jedediah,Gwyllt,257 Shelley Parkway,Norway,Gloves,Medium,4
01HPYDXM1CH33AK9AWQG1BCK99,12/5/2023,ggwyerkt@state.tx.us,Georgiana,Gwyer,092 Donald Drive,Brazil,Sweater,Medium,3
01HPYDXM1DHN7DZ0VCQHMMZAV7,3/1/2023,shouchinku@ucoz.com,Sandy,Houchin,63 Aberg Trail,Brazil,Tshirt,Large,2
01HPYDXM1E1H9VD0MYN50T1R0J,3/28/2023,fcreevykv@gravatar.com,Fraze,Creevy,74 Kings Junction,Sweden,Hoody,XX-Large,4
01HPYDXM1FN61VMKZMENSDVMTH,2/22/2023,dclemkw@sitemeter.com,Daryl,Clem,727 Coolidge Junction,Chile,Jacket,Large,4
01HPYDXM1HBB2C1YGNBGFN4N6H,4/27/2023,tneilandkx@deviantart.com,Thomas,Neiland,6 Grasskamp Hill,France,Sweater,Large,3
01HPYDXM1JP6M60VWCZM6GNEV7,10/16/2023,cmcgarryky@auda.org.au,Car,McGarry,92 Blue Bill Park Junction,Brazil,Tshirt,Medium,3
01HPYDXM1K1ZF5CJD640CCQRYS,7/14/2023,gdavenhallkz@marketwatch.com,Glen,Davenhall,3 Division Circle,Sweden,Tshirt,Medium,4
01HPYDXM1M4WCXB9JS1FZTN66M,11/10/2023,fbradderl0@nytimes.com,Frannie,Bradder,0333 Paget Street,United States,Hoody,Medium,1
01HPYDXM1NDCQ42ZJG6YZFQ2ND,7/26/2023,achristoul1@sakura.ne.jp,Aubry,Christou,5959 Briar Crest Parkway,Brazil,Tshirt,Large,4
01HPYDXM1QQRCZF29NQ9G367XF,6/12/2023,fgentl2@stumbleupon.com,Franny,Gent,47430 Scofield Court,Nigeria,Hoody,X-Large,1
01HPYDXM1R63KJ191W1G1B9RQ3,1/21/2023,strottl3@senate.gov,Sallyanne,Trott,4 Petterle Point,Sweden,Scarf,Large,2
01HPYDXM1VTCFTE89RHKXFC1VM,1/26/2023,pcanterol4@reference.com,Pammie,Cantero,42572 Brown Park,United States,Hoody,XX-Large,4
01HPYDXM1X7B9DGRZCK78FW85K,6/7/2023,bperrinchiefl5@cocolog-nifty.com,Blair,Perrinchief,6758 Fordem Street,Germany,Tshirt,X-Large,2
01HPYDXM1Z4JMDJSCRW5EPPBJX,9/2/2023,scrusl6@un.org,Shellie,Crus,98359 Linden Plaza,Brazil,Tshirt,Small,4
01HPYDXM21N99WH11R9JDDNDJ5,12/29/2023,jlittledykel7@senate.gov,Jonis,Littledyke,0 Memorial Avenue,Brazil,Jacket,Medium,1
01HPYDXM24NRPNEPBWDDWJTSK8,5/22/2023,dearwickerl8@ebay.co.uk,Dahlia,Earwicker,43185 Anzinger Hill,France,Shorts,Small,3
01HPYDXM26JEGQBNJ1AKBA9GES,9/19/2023,mstariesl9@livejournal.com,Massimiliano,Staries,02495 Bunker Hill Road,Brazil,Tshirt,Large,2
01HPYDXM27MTBQTQB0G3XQKQHJ,9/2/2023,aolleyla@lycos.com,Arv,Olley,155 Oriole Lane,Brazil,Tshirt,Medium,3
01HPYDXM29VGMSQZK2B3FQ8JQE,1/24/2023,vblakedenlb@google.ca,Verine,Blakeden,61857 Delladonna Place,United States,Tshirt,Large,2
01HPYDXM2AJMHVCX53ARX2A9R6,8/29/2023,csiebertlc@stanford.edu,Ceil,Siebert,7877 Hazelcrest Hill,Nigeria,Sweater,Large,4
01HPYDXM2CDDKJ86S7C43MG5NZ,12/4/2023,gbabberld@gravatar.com,Gordan,Babber,15 Mosinee Center,Argentina,Tshirt,Medium,3
01HPYDXM2F0V5Y6GHS33BG239A,11/30/2023,mnaldrettle@theguardian.com,Marcus,Naldrett,03255 Valley Edge Place,Peru,Sweater,X-Large,1
01HPYDXM2HFTJHXAKY040MK2E4,1/25/2023,mbrennandlf@nature.com,Marita,Brennand,5 Elka Pass,Brazil,Hoody,X-Large,1
01HPYDXM2KW4HE9V31A7JYQHN3,6/29/2023,pstobbslg@google.nl,Pace,Stobbs,8 Cherokee Junction,United States,Jacket,Medium,4
01HPYDXM2PP7QTM4MH5B7HG9K7,3/1/2023,smcalllh@youku.com,Shaine,Mcall,86523 Sugar Avenue,Uganda,Hoody,Medium,4
01HPYDXM2S5DPV9DRCHE8XSS9J,5/19/2023,kbarrowcliffli@illinois.edu,Keane,Barrowcliff,12856 Linden Point,Brazil,Tshirt,Medium,2
01HPYDXM2WMDPDBDF5WCAW5RYH,8/11/2023,mjeckslj@phpbb.com,Mattie,Jecks,11109 Lighthouse Bay Avenue,Brazil,Shorts,Large,4
01HPYDXM2Z1WW8G7AAMQPY2KWD,7/21/2023,adunkertonlk@uol.com.br,Aleksandr,Dunkerton,79 Shopko Point,Argentina,Jacket,Medium,2
01HPYDXM319MSEQF5GQNKBJ65Q,3/23/2023,abelmontll@unicef.org,Ammamaria,Belmont,1203 Porter Point,Nigeria,Hoody,Large,2
01HPYDXM33JJGYZWZS3FPDGD8A,7/16/2023,ghawkeslm@mapy.cz,Gino,Hawkes,67450 Monument Center,United States,Tshirt,Medium,4
01HPYDXM354GB06VAAW4SHZKMA,6/28/2023,ddaverinln@furl.net,Dominica,Daverin,0211 Briar Crest Court,Ireland,Hoody,XX-Large,1
01HPYDXM36S5NPD4ADWCNWPRPB,1/10/2023,mlardgelo@hexun.com,Minerva,Lardge,5383 Carberry Place,France,Hat,Medium,2
01HPYDXM376FQSRX36AXD393T5,1/17/2023,dforkanlp@house.gov,Devland,Forkan,37 Gina Pass,France,Gloves,Medium,2
01HPYDXM392JQWN8857HT5GFS6,8/28/2023,bmatlocklq@cpanel.net,Bernarr,Matlock,64 Lerdahl Point,France,Gloves,Medium,2
01HPYDXM3AAG4XY7TB9H0G1N0C,5/27/2023,wjanawaylr@soundcloud.com,Will,Janaway,635 Iowa Trail,Brazil,Tshirt,XX-Large,4
01HPYDXM3BQH7YA4MDZ2Y53N41,1/9/2023,lpentlowls@ucla.edu,Levey,Pentlow,4870 Dennis Street,United States,Tshirt,Large,3
01HPYDXM3C9SQPJ52QJTF6MJW5,3/30/2023,ostopplt@goo.gl,Onfre,Stopp,829 Summer Ridge Drive,Brazil,Scarf,Medium,1
01HPYDXM3EV9Q7N1YJ5Z2MS6WS,11/22/2023,mlettslu@unicef.org,Maribel,Letts,70 Welch Lane,Brazil,Sweater,Small,4
01HPYDXM3GK5FCDFVM5P4XK8AD,11/13/2023,mohingertylv@ihg.com,Mathias,O'Hingerty,173 Riverside Center,Brazil,Jacket,Large,2
01HPYDXM3JVGK2KTYHVYBBP8BQ,7/7/2023,flafrentzlw@nymag.com,Faye,Lafrentz,8 Memorial Point,Peru,Shorts,Large,1
01HPYDXM3M8D7C5E8MZ2HR73WE,1/7/2023,mraynardlx@dedecms.com,Maurise,Raynard,9661 Sutteridge Plaza,Argentina,Shorts,Large,4
01HPYDXM3P33SG7KJ72SV8QYW3,2/16/2023,agierkely@nba.com,Arline,Gierke,80 Eliot Terrace,United States,Tshirt,Medium,2
01HPYDXM3RKGAKESQJ688HX64C,1/14/2023,radamowiczlz@cbslocal.com,Rosabella,Adamowicz,75 Judy Avenue,France,Hoody,Medium,2
01HPYDXM3SDRG6PPVEW3V2NQSQ,10/24/2023,mlodinm0@google.co.jp,Meryl,Lodin,6 Morning Alley,France,Scarf,X-Large,4
01HPYDXM3T90D7YNZMYHFVC2JW,2/23/2023,belphinstonm1@boston.com,Benni,Elphinston,2939 Sachs Alley,Peru,Jacket,Medium,3
01HPYDXM3WKNB0C3QDTA3MFKT2,11/19/2023,bvandijkm2@qq.com,Bogart,Van Dijk,8482 Maple Wood Place,France,Tshirt,Medium,1
01HPYDXM3X3HP0N19EVZHEV3N0,4/20/2023,hhalstedm3@mayoclinic.com,Husein,Halsted,80 Dovetail Alley,Peru,Tshirt,Medium,4
01HPYDXM405PTXB63MDAVQ58GJ,6/29/2023,rmolsonm4@deviantart.com,Roxine,Molson,40196 Steensland Street,Australia,Sweater,Medium,2
01HPYDXM42Z712Y65W6M0M8S0J,2/22/2023,cdrynanm5@biblegateway.com,Cori,Drynan,4052 Annamark Pass,United Kingdom,Hat,XX-Large,3
01HPYDXM44V4B84KQY6W4TKVFS,10/24/2023,hyoullm6@nifty.com,Helen,Youll,6 Leroy Road,Nigeria,Scarf,Medium,1
01HPYDXM46APPKWQ9EA8BEFTPH,12/9/2023,cdreganm7@howstuffworks.com,Catie,Dregan,62 Columbus Lane,France,Hoody,Large,4
01HPYDXM493RSXSEMXTA0X4KZ6,1/9/2023,nmcvittym8@php.net,Nolan,McVitty,55 Kenwood Hill,Germany,Hoody,Medium,2
01HPYDXM4BBTPH2ZGT4MQ4PH0E,4/12/2023,isimeolim9@bloglines.com,Innis,Simeoli,9841 Dunning Way,Nigeria,Tshirt,Large,2
01HPYDXM4DSC3TGDR2GBP4RGP9,12/25/2023,scrowsonma@dagondesign.com,Si,Crowson,6249 Vidon Parkway,France,Tshirt,Medium,3
01HPYDXM4EAREBSWZM3V3GNDW9,7/27/2023,jternemb@google.com,Juliana,Terne,88 Morning Avenue,France,Gloves,XX-Large,3
01HPYDXM4F9SZW3F7Y17BD6WSA,2/20/2023,pburthommc@rediff.com,Philis,Burthom,5695 Corben Lane,Sweden,Hat,Medium,4
01HPYDXM4HXN1A06HG5QW5XDK1,9/21/2023,kromneymd@topsy.com,Kittie,Romney,61024 Cardinal Way,Brazil,Hat,Large,2
01HPYDXM4JJED8NN50K32XHCJ8,6/25/2023,khalpineme@hugedomains.com,Kippie,Halpine,02 Coleman Point,Australia,Sweater,Large,4
01HPYDXM4KFRPRH819BRFXYS75,8/27/2023,arakestrawmf@dyndns.org,Alexio,Rakestraw,0 Banding Plaza,Canada,Sweater,X-Large,4
01HPYDXM4NJ1WFZX15132NRC6T,3/26/2023,atowellmg@samsung.com,Alica,Towell,254 Leroy Circle,Argentina,Tshirt,Small,4
01HPYDXM4P6DSNMKXMZH3EG24Y,4/10/2023,bricoaldmh@phoca.cz,Bill,Ricoald,7336 Nancy Hill,Sweden,Hat,X-Large,1
01HPYDXM4QNVH8JN76YNE1MG7C,2/5/2023,iflackemi@vinaora.com,Isobel,Flacke,2392 Northview Street,Brazil,Sweater,Large,4
01HPYDXM4SY7BKW89CK1WAF333,7/31/2023,jdunridgemj@aol.com,Jo ann,Dunridge,7645 Evergreen Road,Brazil,Sweater,Large,3
01HPYDXM4T4GFQWZJWS89D9KQ6,11/4/2023,adememk@wix.com,Abigail,Deme,270 Magdeline Pass,Sweden,Scarf,Large,4
01HPYDXM4V60TB6NHWKA27Q775,1/25/2023,hshearmurml@wsj.com,Henrik,Shearmur,40 Sugar Court,Brazil,Scarf,Large,1
01HPYDXM4W05KVTEFJGF5T5F47,2/19/2023,aanthillmm@hc360.com,Angelika,Anthill,09327 Harper Crossing,France,Scarf,Large,4
01HPYDXM4YPCGX5M5BE47TZCW7,6/27/2023,lgerardetmn@free.fr,Lorene,Gerardet,61 Glacier Hill Lane,Brazil,Shorts,Large,3
01HPYDXM4ZT6PFQMB1RPTF8ER9,10/30/2023,aouchterlonymo@google.cn,Anna-diane,Ouchterlony,81 Stuart Street,Argentina,Tshirt,Medium,2
01HPYDXM51QB0RZ65STTM28EE3,1/6/2023,egoschalkmp@artisteer.com,Erasmus,Goschalk,913 Lawn Way,France,Tshirt,Large,3
01HPYDXM52KFTNBKJXVN669ARR,1/18/2023,lmainzmq@jugem.jp,Lazar,Mainz,1 Armistice Trail,Brazil,Hoody,XX-Large,3
01HPYDXM5471MX0HCA7RYNV431,7/17/2023,egablemr@yale.edu,Ealasaid,Gable,53 Messerschmidt Drive,Peru,Hoody,Large,1
01HPYDXM56C1FMV998NFNS4DWR,11/12/2023,tstangems@flickr.com,Trixi,St Ange,6679 Scoville Center,Brazil,Scarf,Small,4
01HPYDXM58BJHC78W70WRTM30J,9/21/2023,ldebernardismt@delicious.com,Leonelle,De Bernardis,1496 Becker Circle,Sweden,Shorts,Medium,4
01HPYDXM5B91MEZC5BGT9445ZQ,11/27/2023,tmccomiskeymu@biblegateway.com,Theda,McComiskey,1 Spenser Park,Brazil,Tshirt,Small,2
01HPYDXM5C6QYTMCF7MY78XRAP,2/20/2023,cdallonmv@myspace.com,Clerkclaude,Dallon,99779 Dovetail Hill,Sweden,Gloves,X-Large,3
01HPYDXM5DKWWCH3397VXK2FK1,10/20/2023,msetchfieldmw@wsj.com,Maressa,Setchfield,942 Brentwood Parkway,Italy,Hoody,Medium,2
01HPYDXM5E5T304EDQ7QYH01ZP,12/29/2023,cchalklymx@blogspot.com,Cloe,Chalkly,0345 Burning Wood Street,Brazil,Scarf,Medium,3
01HPYDXM5FZY8R06RWG5REGYVZ,2/3/2023,hdaymentmy@prnewswire.com,Hamnet,Dayment,75 Saint Paul Street,United States,Hoody,Small,2
01HPYDXM5HVQZQVMJMZJPTBV5M,12/12/2023,mmacgownmz@nifty.com,Marlin,MacGown,6277 Moose Junction,Sweden,Hoody,Medium,4
01HPYDXM5JY9ZTVQ7J3Y6XR76Y,11/19/2023,amcgillivrayn0@mapquest.com,Alisun,McGillivray,0 Rusk Alley,Peru,Tshirt,Large,1
01HPYDXM5NGRFD1TGRJENVSXFC,3/15/2023,lmaundn1@devhub.com,Levin,Maund,61 Summer Ridge Trail,Sweden,Shorts,Medium,2
01HPYDXM5PNY8R50SRYGEZ4E0M,4/28/2023,sredsulln2@flavors.me,Sheffield,Redsull,0 Hintze Point,Canada,Jacket,Small,3
01HPYDXM5QMDAS9HBCM33WA14V,8/1/2023,kfouracren3@va.gov,Kiel,Fouracre,613 Bunting Street,Nigeria,Tshirt,Medium,1
01HPYDXM5SY2JX74TC6SAQQZX1,4/26/2023,apinchbackn4@cbslocal.com,Aliza,Pinchback,557 Evergreen Junction,Chile,Scarf,X-Large,4
01HPYDXM5VGSRYFMT44KHD02GC,2/1/2023,tbecclesn5@ed.gov,Tracey,Beccles,95230 West Hill,Nigeria,Tshirt,Large,4
01HPYDXM5WVDE52EGBGQ3KHPM5,8/22/2023,rgoachern6@arizona.edu,Reinwald,Goacher,50429 Continental Terrace,Sweden,Gloves,Medium,4
01HPYDXM5X1JQY87HHF9BYKDYS,1/16/2023,ddarbishiren7@shinystat.com,Dewey,Darbishire,58736 Dwight Trail,Brazil,Jacket,Medium,2
01HPYDXM5YZR9V5M5Q5N30V5Q1,3/29/2023,tgilligann8@utexas.edu,Tadd,Gilligan,05 Cambridge Crossing,France,Hoody,Medium,2
01HPYDXM60AW49TTVATDVVGGQB,1/18/2023,lheadleyn9@bravesites.com,Lennie,Headley,148 Sheridan Street,Chile,Tshirt,Large,3
01HPYDXM61BGT7GAKS1APHXYEM,2/13/2023,hratchfordna@state.tx.us,Hamnet,Ratchford,5 Mesta Crossing,Nigeria,Tshirt,Large,2
01HPYDXM6337QPKDF1ATZFGJR8,2/21/2023,cgammetnb@mashable.com,Candide,Gammet,5 Continental Terrace,United States,Hoody,X-Large,2
01HPYDXM6492KGYWD3CW0XF7H2,5/17/2023,kvalerinc@yahoo.com,Kimberlyn,Valeri,5893 Artisan Terrace,Uganda,Hoody,Small,4
01HPYDXM65V4SDM21M55Q6C6QV,3/28/2023,rlovemorend@sakura.ne.jp,Riane,Lovemore,2 Trailsway Hill,Bosnia and Herzegovina,Hoody,Small,4
01HPYDXM66GF9PKXKN0CGXV271,9/29/2023,acounihanne@cisco.com,Alys,Counihan,69709 Pine View Plaza,France,Hoody,XX-Large,3
01HPYDXM68DQDJ27VFX492NWBC,10/26/2023,bcarncrossnf@google.fr,Brendis,Carncross,88 Schlimgen Place,France,Shorts,X-Large,1
01HPYDXM699DV0VWEXSYCABMKB,1/16/2023,stooheyng@gizmodo.com,Shanie,Toohey,04011 Ridge Oak Terrace,France,Gloves,Medium,3
01HPYDXM6ABDB1D3CV5QVK5TTE,6/17/2023,mzorzenoninh@nifty.com,Mattheus,Zorzenoni,050 Homewood Hill,France,Tshirt,Medium,1
01HPYDXM6DN9G4J6W7B0P0ZBNJ,10/22/2023,rebertsni@guardian.co.uk,Rhodie,Eberts,20 John Wall Street,Sweden,Hoody,Large,1
01HPYDXM6FW8TVDBK29ZXM2K5J,2/14/2023,drenihannj@sbwire.com,Doroteya,Renihan,081 Summerview Drive,Brazil,Hat,Medium,1
01HPYDXM6H58KJEQRGCV16A364,4/13/2023,lloffillnk@patch.com,Loralyn,Loffill,7108 Milwaukee Road,Sweden,Tshirt,Small,1
01HPYDXM6J7TA4XG9G6QBV3AR0,10/27/2023,jquiggnl@wordpress.com,Jule,Quigg,4 Cardinal Plaza,Germany,Tshirt,Small,4
01HPYDXM6MWB6K5YCFBRBQSS0M,12/6/2023,eglewnm@bbb.org,Eulalie,Glew,32 Merchant Center,Brazil,Scarf,Medium,1
01HPYDXM6NAQ60P5HPPJC75PNS,8/27/2023,qyerrallnn@bloglovin.com,Quinton,Yerrall,3 Thackeray Drive,Brazil,Shorts,Small,4
01HPYDXM6QW2BHAWZZ85DTJE3F,7/22/2023,mninottino@amazon.de,Maddie,Ninotti,7558 Park Meadow Avenue,Peru,Shorts,XX-Large,4
01HPYDXM6SET2TRKCP647BZB73,11/4/2023,igriffeynp@dailymotion.com,Iorgo,Griffey,0 Lake View Park,Sweden,Jacket,X-Large,4
01HPYDXM6TYKTCFZ3VZ6EW9PAF,1/2/2023,crapsonnq@theglobeandmail.com,Corrine,Rapson,8908 Sugar Alley,Brazil,Tshirt,X-Large,1
01HPYDXM6V2V6N6KGV2A1NB19S,10/22/2023,dlownr@nifty.com,Donovan,Low,1 Bowman Point,Argentina,Shorts,Large,2
01HPYDXM6XSVKVE02CTGHCMY40,7/27/2023,rferronins@twitter.com,Randolf,Ferroni,008 Sage Park,United States,Shorts,X-Large,4
01HPYDXM6ZD4QZN7EZNH83YCZ8,12/3/2023,bpondernt@walmart.com,Bobine,Ponder,591 Springs Place,Argentina,Scarf,Medium,1
01HPYDXM706N5S2A7AP3PSFEGW,9/2/2023,eparkissonnu@unblog.fr,Elmer,Parkisson,15 Melby Plaza,Canada,Hoody,Medium,2
01HPYDXM72576K654053C6CYKP,7/12/2023,msissenv@slate.com,Morty,Sisse,3771 Hanson Place,Argentina,Scarf,Large,2
01HPYDXM73JHF6C5J983P0YT3H,7/2/2023,jlustynw@telegraph.co.uk,Jed,Lusty,633 Delaware Avenue,Nigeria,Sweater,Medium,3
01HPYDXM75RYW9VXNXN1WH3YYJ,4/20/2023,ksoniernx@joomla.org,Karlotte,Sonier,2233 Union Hill,Germany,Shorts,Large,4
01HPYDXM765WD7VH5TGYVXWV0F,5/15/2023,lcohnny@google.co.uk,Luca,Cohn,380 Artisan Pass,Spain,Hoody,Small,2
01HPYDXM77E7GRV2TZF08WNQYS,12/29/2023,mmcmillannz@soundcloud.com,Mina,McMillan,800 Di Loreto Hill,United States,Scarf,Large,4
01HPYDXM792WEZNYKDF1B6D2EJ,3/4/2023,cbonno0@github.io,Chick,Bonn,104 Cody Trail,Peru,Gloves,Large,1
01HPYDXM7BPJPY1JQY4VXT831Z,9/17/2023,nsoutherano1@printfriendly.com,Naomi,Southeran,428 Florence Center,Brazil,Shorts,XX-Large,4
01HPYDXM7CN1JAAMVHTVZQNCC8,7/27/2023,ofriskeyo2@slideshare.net,Obidiah,Friskey,30 Bartillon Pass,United States,Tshirt,XX-Large,2
01HPYDXM7DMXAZ6NNT9GPY6959,2/5/2023,kchanto3@reuters.com,Katrine,Chant,315 Merry Street,Brazil,Shorts,Large,3
01HPYDXM7EMD4BNP06XGHWZEA0,6/25/2023,rdreweto4@cbslocal.com,Rutger,Drewet,2255 Hintze Street,Sweden,Tshirt,Medium,4
01HPYDXM7GCMS8S20P0B1MM0H8,8/2/2023,gpitkethlyo5@vimeo.com,Germana,Pitkethly,8947 Summer Ridge Parkway,Sweden,Tshirt,Medium,1
01HPYDXM7HRKEZY6VJK9GBCS1K,10/24/2023,malsopo6@desdev.cn,Merrily,Alsop,6776 Moulton Avenue,Peru,Tshirt,Medium,4
01HPYDXM7J7SCPFHFVXT0JRJ2E,3/17/2023,dmandersono7@imdb.com,Darnell,Manderson,722 Alpine Avenue,Germany,Shorts,Large,3
01HPYDXM7MD781SK4YVTKV82ST,12/14/2023,jbispoo8@thetimes.co.uk,Jori,Bispo,6 Kennedy Pass,Argentina,Jacket,X-Large,1
01HPYDXM7N0J3F8WKPW2MFWQ4F,2/15/2023,nkwieteko9@epa.gov,Noami,Kwietek,6442 Sunnyside Park,Brazil,Tshirt,XX-Large,4
01HPYDXM7P86GT4QVX6SQBXRVH,9/27/2023,zkorousoa@virginia.edu,Zabrina,Korous,334 Grim Alley,France,Hat,Large,1
01HPYDXM7RN9EQYDB3ZP82V0G8,8/20/2023,gsurmanwellsob@skyrock.com,Gabe,Surman-Wells,5070 Myrtle Crossing,Nigeria,Shorts,Small,2
01HPYDXM7S8BZ3JJ6ERVHN6XJM,5/12/2023,sdranceoc@netlog.com,Shea,Drance,71 Artisan Pass,United States,Tshirt,XX-Large,3
01HPYDXM7TC3S59YZGJPXS6HA9,3/3/2023,cclistod@rakuten.co.jp,Cammy,Clist,44345 La Follette Pass,Brazil,Hoody,Medium,3
01HPYDXM7WN51AK9M28R7CBG4N,2/9/2023,aagronskioe@gizmodo.com,Anita,Agronski,1212 Riverside Street,Canada,Sweater,Large,1
01HPYDXM7Y2KPR8KS654WMEK10,12/4/2023,jpilpovicof@sciencedaily.com,Jemimah,Pilpovic,89 Shelley Point,Brazil,Tshirt,XX-Large,3
01HPYDXM7ZMCFWT177HXP40QFG,1/29/2023,mcoyteog@sohu.com,Mitchel,Coyte,984 Meadow Valley Crossing,Argentina,Tshirt,Medium,3
01HPYDXM80R9RBHMEG4HMJA9QH,3/16/2023,sglynnoh@google.it,Shaughn,Glynn,46404 Moulton Park,Argentina,Sweater,XX-Large,1
01HPYDXM82NYX5TXVB0NGVTAZV,10/21/2023,rvarnsoi@nydailynews.com,Reinold,Varns,47 Briar Crest Pass,France,Sweater,X-Large,2
01HPYDXM836W5YQYFFZCFBG951,10/26/2023,rflaniganoj@hugedomains.com,Ravi,Flanigan,2 Rowland Park,Sweden,Sweater,Medium,1
01HPYDXM85KFGWQ3JBF0XSG1J5,3/16/2023,khutchinok@about.me,Kai,Hutchin,224 Iowa Place,Sweden,Hoody,Small,3
01HPYDXM874JFAVBMYRZJDMM4R,8/10/2023,glabordeol@theglobeandmail.com,Graehme,Laborde,95 Heffernan Road,France,Tshirt,Large,3
01HPYDXM896AG1MRK89NV5B5D5,11/15/2023,kbeasantom@techcrunch.com,Kinna,Beasant,1992 Michigan Way,Peru,Scarf,Medium,2
01HPYDXM8CHFHX4Z2FCPPWYH50,2/9/2023,otinmanon@theguardian.com,Olympe,Tinman,9 Sage Alley,Argentina,Sweater,Large,2
01HPYDXM8DRDBEXZ9468E2NJA1,9/12/2023,mpidwelloo@shop-pro.jp,Marsha,Pidwell,3 Drewry Alley,Italy,Sweater,X-Large,1
01HPYDXM8EXJTVC7QE7VG8R701,5/23/2023,rlerouxop@dot.gov,Rikki,Leroux,5488 Scott Terrace,Peru,Shorts,Small,3
01HPYDXM8G8XCDQ39JZP5DB92V,12/1/2023,dcarffoq@admin.ch,Dotty,Carff,05 Sachtjen Court,Sweden,Hat,Small,4
01HPYDXM8HX2E3KG2WWYZS1BJ3,12/2/2023,wmellonbyor@yahoo.com,Willy,Mellonby,7418 Annamark Avenue,United States,Scarf,XX-Large,4
01HPYDXM8JDAY3RHVHDE77ANHH,12/15/2023,srisboroughos@people.com.cn,Samaria,Risborough,01 Service Avenue,United States,Hoody,Medium,4
01HPYDXM8KY98GE0HM6JTR62JE,5/5/2023,tschollot@utexas.edu,Tad,Scholl,1739 Vernon Road,Argentina,Scarf,Medium,3
01HPYDXM8MJJPS1A5RF5NVVBC3,7/1/2023,visaakou@wikispaces.com,Veriee,Isaak,68 Kinsman Point,France,Jacket,Medium,2
01HPYDXM8PAVB9P86GQKBQQ203,1/13/2023,ebrackpoolov@timesonline.co.uk,Eugenie,Brackpool,26 Hoard Circle,France,Hat,Medium,3
01HPYDXM8QYMXPYR0542EZ0YBF,7/21/2023,rkuzmaow@hibu.com,Roderich,Kuzma,861 Debs Hill,Canada,Scarf,Large,1
01HPYDXM8RS2QBZZW0R36CCDBR,2/15/2023,afarlamox@addthis.com,Amity,Farlam,1 Eastlawn Pass,Sweden,Scarf,Large,2
01HPYDXM8SXEGV7D4SNRKC6K0H,11/22/2023,barnaldoy@furl.net,Byrle,Arnald,65421 Vermont Place,Argentina,Hoody,Medium,4
01HPYDXM8VDYRXZ2WG079PG8G8,8/26/2023,egarroz@reddit.com,Em,Garr,86519 Veith Circle,Sweden,Tshirt,Medium,1
01HPYDXM8WTC8RD6ZGNSZB76R6,10/15/2023,glovattp0@gravatar.com,Greta,Lovatt,98522 Norway Maple Lane,Spain,Scarf,Small,1
01HPYDXM8XG5YYHVMMRER28J87,11/18/2023,kdunphyp1@nature.com,Kylila,Dunphy,8 7th Pass,Argentina,Tshirt,Large,3
01HPYDXM8YDQCB3X08VSNV7CCX,6/9/2023,mcasselp2@indiegogo.com,Mia,Cassel,191 Spohn Alley,Sweden,Sweater,Medium,4
01HPYDXM8Z4W3FQAK5TKWX3MCZ,7/9/2023,apetrovicp3@cpanel.net,Alanson,Petrovic,6783 Vidon Plaza,Sweden,Sweater,Large,4
01HPYDXM91V009ZXKKZR94ZSXB,2/13/2023,pboyallp4@youtube.com,Patty,Boyall,561 Anthes Circle,Brazil,Tshirt,Medium,3
01HPYDXM923H6YBK9HRTWQJHRE,9/24/2023,areilingerp5@bigcartel.com,Archibald,Reilinger,886 Crowley Crossing,United States,Hoody,Medium,4
01HPYDXM93X1EPC2CW86W1A61X,3/26/2023,knibloep6@people.com.cn,Kingsley,Nibloe,795 Transport Place,Argentina,Hat,Medium,4
01HPYDXM94MEWPHH128KQR1J2N,5/23/2023,tlegallp7@drupal.org,Tisha,Le Gall,2 Arizona Hill,Sweden,Gloves,Large,1
01HPYDXM96GVRNQWC26YG2QJ8W,5/2/2023,dlainp8@weibo.com,Durante,Lain,0346 5th Pass,Sweden,Scarf,Medium,3
01HPYDXM972WVNXWH1YAMEKENP,6/26/2023,mdalessandrop9@liveinternet.ru,Minna,D'Alessandro,18267 Heffernan Junction,United States,Tshirt,Large,2
01HPYDXM98AWSEQACTY41FEK2E,10/10/2023,pmortimerpa@ca.gov,Park,Mortimer,044 Homewood Center,France,Hoody,Medium,3
01HPYDXM99V5X099NHBPWM5XN6,7/27/2023,fcestardpb@jimdo.com,Farra,Cestard,1 Crowley Crossing,Peru,Shorts,Large,2
01HPYDXM9BND70A0X627NSFHQG,10/28/2023,wdrewpc@theglobeandmail.com,Winny,Drew,47 Oxford Court,Chile,Scarf,Medium,1
01HPYDXM9CVWKZMXGFBXQM0ASZ,10/3/2023,slightbownpd@adobe.com,Shelagh,Lightbown,864 Grim Crossing,Norway,Hat,Medium,2
01HPYDXM9DN4J0Y7WWXAGHY11C,12/10/2023,bheersmape@ox.ac.uk,Bernard,Heersma,94328 Everett Junction,Peru,Shorts,Large,1
01HPYDXM9EJHPDMEB37XMVHBQV,3/20/2023,ldenkpf@chicagotribune.com,Linea,Denk,0676 Judy Avenue,United States,Hat,Large,3
01HPYDXM9GE74PA705NC1ZWPJE,4/18/2023,mmantlepg@sphinn.com,Myrtia,Mantle,1 Shasta Way,France,Tshirt,XX-Large,4
01HPYDXM9HCEBBTE9KW6MATF77,12/1/2023,orisdallph@clickbank.net,Octavia,Risdall,63075 Prairie Rose Hill,Brazil,Tshirt,Large,3
01HPYDXM9JHSSMD9TG7HDZSP54,8/3/2023,baldwichpi@spotify.com,Bethanne,Aldwich,880 Toban Point,Nigeria,Scarf,Medium,2
01HPYDXMAB6XDJJDAA5WANC420,12/10/2023,tlabbepj@histats.com,Thor,Labbe,6476 Northview Road,France,Hoody,Medium,4
01HPYDXMAKD1YGJZ5E115F6A6H,9/8/2023,bwalkdenpk@t.co,Bebe,Walkden,1 8th Court,Brazil,Tshirt,Large,2
01HPYDXMAPWFEETZXVGYECDSMZ,11/21/2023,jvincepl@pcworld.com,Jeremy,Vince,11 Namekagon Hill,Nigeria,Scarf,X-Large,3
01HPYDXMAS50SFBYVE8AX9KA7Z,5/10/2023,areyepm@reuters.com,Alison,Reye,37 Michigan Street,Peru,Sweater,Large,4
01HPYDXMAWJP4ZSYGHJ8P44VKM,1/29/2023,apauerpn@hexun.com,Axel,Pauer,6 Garrison Alley,Brazil,Shorts,Medium,2
01HPYDXMAY4ZP87887ED64Y4CK,3/31/2023,wbaruchpo@engadget.com,West,Baruch,7 Lakewood Gardens Plaza,Brazil,Scarf,XX-Large,1
01HPYDXMB2KMAGWXWXQZHQ8XVC,11/25/2023,gblurtonpp@unc.edu,Garfield,Blurton,3 Merchant Trail,Norway,Tshirt,XX-Large,1
01HPYDXMB4CVVTN9BNVZD7SPMC,7/6/2023,lbodleypq@naver.com,Liliane,Bodley,812 Elgar Pass,United States,Hoody,Medium,1
01HPYDXMB7Q6HBFDX30W9MESPN,1/25/2023,iecobpr@pcworld.com,Isabel,Ecob,10 Mariners Cove Alley,Ireland,Tshirt,Large,2
01HPYDXMB9SHXJHYQ8TK57RSYE,8/31/2023,aseyfartps@myspace.com,Averil,Seyfart,71359 Doe Crossing Circle,United States,Tshirt,Small,3
01HPYDXMBBD5SKMKAAAQH7X2SP,12/8/2023,prudingerpt@cpanel.net,Paloma,Rudinger,241 Mallory Road,United States,Tshirt,Small,4
01HPYDXMBDFEAKZRB4FA9AVY2D,3/22/2023,dquickendenpu@cisco.com,Daloris,Quickenden,71 Fremont Way,France,Scarf,Medium,2
01HPYDXMBG0A3X6C25Q3W8H2H6,6/27/2023,rdieganpv@toplist.cz,Rafaelita,Diegan,048 Thackeray Junction,Sweden,Scarf,XX-Large,2
01HPYDXMBKEVWZH313P9RK45CM,1/12/2023,wprattpw@yolasite.com,Wally,Pratt,47 Hooker Street,Sweden,Tshirt,X-Large,3
01HPYDXMBNZEAQB463CCV79ZKC,12/13/2023,vamnerpx@google.nl,Vanny,Amner,25329 Sunnyside Street,France,Scarf,Medium,4
01HPYDXMBPTP9K2R5QDWVCGD0J,5/12/2023,gblazewskipy@discuz.net,Gene,Blazewski,6237 Swallow Drive,United States,Hoody,Large,2
01HPYDXMBQA3C43YWNJZD4NN10,6/3/2023,rhayhoepz@cnet.com,Raychel,Hayhoe,747 Dixon Terrace,Nigeria,Scarf,Medium,1
01HPYDXMBSMQMVBCZ40CZCN80M,11/19/2023,mcampesq0@paypal.com,Meaghan,Campes,03378 Corry Court,France,Tshirt,Small,2
01HPYDXMBTCVGHH5WJ06KYMW0P,11/15/2023,mdikelinq1@free.fr,Midge,Dikelin,2 Banding Junction,Canada,Jacket,XX-Large,2
01HPYDXMBVMYYJQ8J65DB2P9K1,12/6/2023,kstaiteq2@xing.com,Kaylyn,Staite,98 Transport Parkway,United Kingdom,Gloves,Small,2
01HPYDXMBYXYB32KE1H8THJKF8,11/12/2023,skelingq3@si.edu,Sigismondo,Keling,4 Miller Junction,Brazil,Sweater,Large,2
01HPYDXMBZEK94PBQX9ZYT0NFK,8/8/2023,jeadenq4@sohu.com,Jacquetta,Eaden,23 Pond Terrace,Brazil,Jacket,Medium,2
01HPYDXMC1RNESKJVJCF1A3CFH,4/4/2023,aknudsenq5@timesonline.co.uk,Adam,Knudsen,3353 Acker Court,Brazil,Hoody,Large,1
01HPYDXMC2W8ZN2W0E78BEA3N8,2/10/2023,tdagworthyq6@accuweather.com,Teirtza,Dagworthy,59154 Crescent Oaks Parkway,Nigeria,Hoody,Medium,1
01HPYDXMC5PE4T3VQH35WBEFWF,12/24/2023,rmacqueenq7@dropbox.com,Renell,MacQueen,11 Warrior Trail,United States,Scarf,Large,4
01HPYDXMC68NZC57YZT90SGX7Y,12/4/2023,hcovottiq8@google.cn,Harrie,Covotti,807 Rutledge Pass,France,Tshirt,X-Large,3
01HPYDXMC7C5EZ1HDJ6V2RAKX0,7/22/2023,thackforthq9@google.nl,Tome,Hackforth,62 Lawn Place,Nigeria,Shorts,Small,2
01HPYDXMC945E5VEPQM6A6SATJ,5/25/2023,bhannisqa@guardian.co.uk,Berni,Hannis,8019 Grasskamp Street,United States,Jacket,Medium,2
01HPYDXMCA6X8QR44CVAXX0A5Z,11/24/2023,gsundinqb@bloomberg.com,Gillian,Sundin,90 Hauk Terrace,Sweden,Tshirt,Large,3
01HPYDXMCB0KWYWKX4BZGXNZRZ,9/20/2023,ffrauloqc@google.it,Florette,Fraulo,09710 Ilene Junction,United Kingdom,Hoody,Large,2
01HPYDXMCDMF0139H8DNWB7Z17,5/23/2023,vverriourqd@hostgator.com,Violette,Verriour,466 Troy Junction,United States,Tshirt,Large,4
01HPYDXMCF5ZFZDGQWW7HCT5YY,3/20/2023,ybanaszewskiqe@clickbank.net,Yehudit,Banaszewski,37 Monica Center,Brazil,Gloves,XX-Large,1
01HPYDXMCGTW9284KJ2P8G1W5T,4/8/2023,gcampanyqf@harvard.edu,Gradey,Campany,1606 Meadow Ridge Parkway,France,Hoody,Medium,1
01HPYDXMCJXABYB0BAYX97MQJ5,1/18/2023,jrollettqg@multiply.com,Jori,Rollett,65011 Oak Trail,Canada,Shorts,Large,3
01HPYDXMCMW984Y23ZJW4QPNRM,12/28/2023,emogenotqh@infoseek.co.jp,Edd,Mogenot,797 Northfield Trail,Canada,Hat,Medium,2
01HPYDXMCNT48DADSY6C45RTYJ,2/21/2023,cmorchqi@china.com.cn,Cathleen,Morch,01 Arkansas Street,Sweden,Sweater,X-Large,1
01HPYDXMCPK9CSRATXWJX99T61,1/29/2023,gsestonqj@statcounter.com,Gayleen,Seston,45 Melrose Lane,Sweden,Hoody,Medium,4
01HPYDXMCQ8DV454GV46BBEQYR,9/13/2023,xgentyqk@exblog.jp,Xenos,Genty,10 Twin Pines Point,France,Sweater,Medium,1
01HPYDXMCS52NYMY1T6SYAY121,10/31/2023,mvaldesql@biblegateway.com,Marketa,Valdes,5355 Sunnyside Street,Nigeria,Jacket,Large,4
01HPYDXMCTNW9CTNB11Y3CH2QK,6/12/2023,bplanqueqm@e-recht24.de,Briggs,Planque,626 Ludington Terrace,Nigeria,Gloves,Large,3
01HPYDXMCXA1KT4QPTKDFH29R9,9/28/2023,cfiginqn@pen.io,Cesaro,Figin,94 Becker Point,Brazil,Hoody,Large,3
01HPYDXMCZJF3HZNRDW3855ESC,1/21/2023,thardernqo@cdbaby.com,Tiertza,Hardern,961 Daystar Terrace,Peru,Scarf,XX-Large,2
01HPYDXMD2X2V4C2K4WFQAX3Y3,6/13/2023,mmcgarelqp@who.int,Millie,McGarel,659 Upham Terrace,Sweden,Tshirt,Large,2
01HPYDXMD4WFF2Z53E42PNTNTN,3/6/2023,mcrissilqq@loc.gov,Marc,Crissil,154 Katie Avenue,United States,Scarf,XX-Large,1
01HPYDXMD7T478XBVMGD7XPJW5,1/4/2023,celsmereqr@answers.com,Cash,Elsmere,27380 Debs Lane,Peru,Scarf,Large,4
01HPYDXMD9VX003NBMK5ATX8V0,2/24/2023,vchecoqs@statcounter.com,Valera,Checo,1539 Pennsylvania Park,France,Hoody,Small,2
01HPYDXMDBM1V3DQNRZ4ZGWA49,5/4/2023,rwasielqt@domainmarket.com,Raviv,Wasiel,551 Nancy Hill,Brazil,Gloves,X-Large,1
01HPYDXMDEACK5PB11W71C2HCH,4/1/2023,totteequ@unicef.org,Trescha,Ottee,338 Stoughton Lane,Sweden,Scarf,XX-Large,1
01HPYDXMDHXPZ7B0BQ827Z4VJT,3/23/2023,tmouldenqv@jimdo.com,Tiebold,Moulden,3002 Debs Point,Brazil,Tshirt,Large,3
01HPYDXMDMPQ7SVWAMMD98EBZ1,11/7/2023,hnewsonqw@japanpost.jp,Hyatt,Newson,558 Westend Circle,Brazil,Tshirt,Small,3
01HPYDXMDNZQT43R5YP17ZWHDZ,8/6/2023,krichfieldqx@baidu.com,Katina,Richfield,41886 Chive Junction,Argentina,Sweater,Medium,3
01HPYDXMDPXTQF06K0QY6XKG1N,9/26/2023,bleverqy@fc2.com,Benjy,Lever,0 Hollow Ridge Crossing,Brazil,Hoody,Medium,2
01HPYDXMDRKC1QAWTMNF0G6SQ8,8/17/2023,ttowerqz@msn.com,Tani,Tower,217 Comanche Park,Brazil,Tshirt,Medium,4
01HPYDXMDSBGNA0W5WQB3CFCW3,4/23/2023,mogradyr0@dailymail.co.uk,Meredith,O'Grady,19 Marquette Point,United States,Sweater,XX-Large,4
01HPYDXMDTDTGP547XK4YTMZ6A,12/2/2023,lcumberlandr1@ehow.com,Leonardo,Cumberland,11 Bowman Plaza,United States,Gloves,X-Large,4
01HPYDXMDWWS1PAZ8QHT5VFC22,11/25/2023,tgierokr2@com.com,Tasia,Gierok,28651 Norway Maple Drive,France,Tshirt,Large,1
01HPYDXMDXFZ6GRANJHAG746DD,11/15/2023,cmccluinr3@arstechnica.com,Carlo,McCluin,07 Springs Crossing,Nigeria,Scarf,Small,1
01HPYDXMDYJF02VAT4N91R6N01,5/27/2023,echavesr4@netscape.com,Euell,Chaves,0767 Talisman Pass,Brazil,Shorts,X-Large,4
01HPYDXMDZG7BG69B4JYCJ8W70,2/4/2023,scorradengor5@ucsd.edu,Saloma,Corradengo,2480 Washington Center,United States,Sweater,Medium,4
01HPYDXME1HY108QHZFX1TV1R4,4/24/2023,hbedminsterr6@squidoo.com,Hailee,Bedminster,64 Nancy Point,Argentina,Gloves,Medium,4
01HPYDXME27F2MJJDVHJQFG8HR,4/17/2023,tnormantr7@oracle.com,Talbert,Normant,560 Butternut Place,France,Hoody,Small,3
01HPYDXME351JMSBN7TQZHCX0K,11/2/2023,jcastilljor8@ucsd.edu,Judi,Castilljo,72820 Sheridan Street,Ireland,Tshirt,Medium,2
01HPYDXME4Z4FB0YP65JZW5Y98,10/31/2023,msandesr9@narod.ru,Marlin,Sandes,89 Ruskin Circle,Chile,Jacket,XX-Large,4
01HPYDXME6RPZ9VPAVWMEVY66H,11/21/2023,wlawreyra@businessweek.com,Westleigh,Lawrey,03721 Sachs Street,Brazil,Tshirt,Medium,1
01HPYDXME8BAA5BQQP3AYJJV0W,2/19/2023,speironerb@adobe.com,Sampson,Peirone,0582 Becker Road,Sweden,Tshirt,Small,1
01HPYDXMEBK5NK9D3VC8ZSVCMP,10/22/2023,tgowlettrc@sakura.ne.jp,Tybi,Gowlett,0011 Summerview Lane,Sweden,Hoody,Large,2
01HPYDXMEEJQW9XB308VYAVD98,10/23/2023,tmathewrd@mit.edu,Tiffani,Mathew,78111 Kings Hill,Brazil,Hoody,Large,4
01HPYDXMEHAM6JAYAPBK22V174,1/30/2023,wsprigingsre@1und1.de,Wallie,Sprigings,741 Forest Park,United States,Shorts,Medium,3
01HPYDXMEKHRAXY28447TCZ28H,2/15/2023,arossirf@taobao.com,Artur,Rossi,56 Dayton Drive,Sweden,Tshirt,Small,4
01HPYDXMEN3HQW8KH0F1CK6MVC,6/20/2023,enocklesrg@stumbleupon.com,Eustace,Nockles,01759 Eggendart Street,Brazil,Hoody,XX-Large,1
01HPYDXMEQF7XKMKW59K7CMDM2,5/23/2023,pcowsbyrh@senate.gov,Pierrette,Cowsby,47234 Jenna Place,France,Scarf,Large,2
01HPYDXMET002QWS3T2TJT6CMW,3/29/2023,hvassallri@hostgator.com,Henry,Vassall,2 Dexter Terrace,Peru,Gloves,XX-Large,4
01HPYDXMEWFRAAE8YCN9H3YEED,4/2/2023,owerndlyrj@ucla.edu,Oneida,Werndly,68 Thierer Pass,Brazil,Sweater,Small,2
01HPYDXMEZNVMYCXGACXGKCMJA,2/25/2023,fchasneyrk@stanford.edu,Flin,Chasney,772 Mayfield Hill,Sweden,Shorts,Large,3
01HPYDXMF1864KJRBDMHAEBNJE,3/15/2023,jwilprechtrl@ocn.ne.jp,Jerry,Wilprecht,06243 North Road,Brazil,Sweater,X-Large,3
01HPYDXMF4K84Y2TANDRY6YFC9,11/12/2023,fmaccarterrm@cnn.com,Fidole,MacCarter,8 Service Park,United States,Hoody,Medium,3
01HPYDXMF628FVMQNB6K1YFBQA,5/19/2023,mdenecamprn@columbia.edu,Marla,Denecamp,6 Corben Plaza,Brazil,Shorts,X-Large,3
01HPYDXMF8HW15NXNNJSJZCBCA,11/12/2023,kriemero@paypal.com,Ki,Rieme,29 Butterfield Circle,Brazil,Scarf,XX-Large,2
01HPYDXMFAF03060QFZFQSKD9Z,12/29/2023,ladamikrp@oaic.gov.au,Layton,Adamik,6 Anniversary Road,Uruguay,Hoody,Small,1
01HPYDXMFBZF1CD0D6CZ89NXHY,5/12/2023,fjagelsrq@china.com.cn,Ferdinand,Jagels,98 Sachtjen Court,Sweden,Hoody,Small,3
01HPYDXMFDK0XDNMT15SPKZJ3F,11/27/2023,lhobsonrr@twitpic.com,Lars,Hobson,0 Sutherland Terrace,France,Shorts,Large,3
01HPYDXS45SJBT7RD0MENACEVX,6/9/2023,lhobbert0@angelfire.com,Langsdon,Hobbert,59 Dakota Street,France,Tshirt,Large,4
01HPYDXS6A9JYC49PYP7AFQ3GA,4/21/2023,ddellorto1@liveinternet.ru,Dotti,Dell 'Orto,2943 Vahlen Trail,Brazil,Hoody,Large,2
01HPYDXS6DNEB1GCAFKV8Z5B4C,2/8/2023,wrowntree2@uiuc.edu,Wakefield,Rowntree,82 Heath Center,Sweden,Tshirt,Large,2
01HPYDXS6G3Y8FE7M9ZJ8WF8V4,11/15/2023,tchidley3@t-online.de,Terry,Chidley,2833 Pearson Crossing,Norway,Shorts,XX-Large,2
01HPYDXS6KCWKC6MG17D5WXRMZ,8/12/2023,hconyard4@dell.com,Hadrian,Conyard,0 Village Pass,France,Tshirt,XX-Large,4
01HPYDXS6PZ55JXRSAZX8DW89V,9/9/2023,agirardez5@sogou.com,Alyssa,Girardez,6663 Saint Paul Alley,France,Hoody,XX-Large,2
01HPYDXS6S5W06PHQ41ZQ302FQ,9/2/2023,dsillis6@feedburner.com,Dareen,Sillis,3 Birchwood Trail,Germany,Scarf,Large,1
01HPYDXS6VKZ4BGQBKNQCMDYJ8,1/29/2023,gtomasik7@cornell.edu,Gavrielle,Tomasik,67 Sherman Plaza,Brazil,Shorts,Small,2
01HPYDXS6YD1K1PGSDWR0HACCJ,10/12/2023,rbonn8@amazon.co.uk,Rachelle,Bonn,448 Hazelcrest Hill,Peru,Jacket,Large,2
01HPYDXS719JPTFQW5G0FGW06S,6/28/2023,kbowich9@gnu.org,Kile,Bowich,73831 Jenna Center,Canada,Hat,Medium,2
01HPYDXS74J1B8TZ6P3SK3D41H,8/1/2023,gryala@google.com.hk,Georgianne,Ryal,40 Jackson Terrace,Sweden,Gloves,Medium,4
01HPYDXS772B7ZAERX7R3KFAM5,12/10/2023,whuygheb@g.co,Winny,Huyghe,04 Dunning Parkway,France,Tshirt,Medium,3
01HPYDXS7AAVFZAHMGCRSWTPPQ,2/12/2023,bfelipc@squarespace.com,Brooke,felip,523 Walton Place,Sweden,Tshirt,Medium,4
01HPYDXS7BXKZ03AHBPAVRVWE8,5/3/2023,gburnalld@chron.com,Gibbie,Burnall,92653 Messerschmidt Lane,Sweden,Jacket,Small,1
01HPYDXS7E6HGGZ6V3E7R8Y4S6,3/2/2023,farnaude@wufoo.com,Fiorenze,Arnaud,2 High Crossing Place,Brazil,Hat,Medium,1
01HPYDXS7F7CJS6YC7Q7YNQTDJ,12/6/2023,cpencostf@zimbio.com,Christel,Pencost,9 Tennessee Alley,Canada,Tshirt,Medium,2
01HPYDXS7HW8KJ80FQ7FEH4HNA,1/20/2023,gnolderg@redcross.org,Galvin,Nolder,808 8th Circle,United Kingdom,Tshirt,XX-Large,4
01HPYDXS7N9C228SD2Z3W23Z1G,4/30/2023,rautryh@engadget.com,Richie,Autry,58354 Ronald Regan Alley,Canada,Jacket,Large,1
01HPYDXS7QK6CQ4GVRGBPQQ9MX,5/26/2023,skirvini@weather.com,Shepard,Kirvin,1088 Hoard Street,Sweden,Tshirt,Large,3
01HPYDXS7SDHRRX5JQ0BS9BWS8,1/30/2023,ralcidej@washingtonpost.com,Reilly,Alcide,9 Menomonie Park,Norway,Hoody,XX-Large,4
01HPYDXS7V7N6F3RK3TBPT08QK,4/9/2023,kpacittik@creativecommons.org,Kaiser,Pacitti,69647 Gateway Center,Brazil,Tshirt,Large,3
01HPYDXS7X9TCSECWRVS9WXKBX,2/24/2023,ebithelll@weibo.com,Eugenius,Bithell,8 Washington Center,Chile,Hoody,X-Large,2
01HPYDXS80B8CWJ4VBW4J1Z765,8/23/2023,ceassonm@squidoo.com,Carlin,Easson,48298 Calypso Parkway,Chile,Tshirt,Large,1
01HPYDXS83D7ZACJXSP1WF2B1Q,5/18/2023,jcregann@google.co.uk,Jocelyn,Cregan,6 Cottonwood Plaza,Brazil,Hat,Medium,4
01HPYDXS861KW3X0CPFEMVRPAD,8/10/2023,vhellicaro@icq.com,Verge,Hellicar,8 Waxwing Place,Spain,Tshirt,Large,1
01HPYDXS89A35XK6JA4JZNCTED,7/3/2023,tfinckenp@zimbio.com,Theodora,Fincken,6 Dahle Parkway,Brazil,Sweater,Medium,3
01HPYDXS8CJXWV6ED5KNETBPSY,3/19/2023,hleggingq@sogou.com,Harmonie,Legging,5 Hoepker Circle,Brazil,Tshirt,XX-Large,4
01HPYDXS8F1YPZQDX42B31ZM6S,8/21/2023,jgrasonr@cyberchimps.com,Jase,Grason,97 Fordem Park,France,Hoody,Medium,4
01HPYDXS8HWX0V30GTP47SGQ7Y,11/5/2023,nwindowss@comcast.net,Nels,Windows,002 Ridgeview Junction,United States,Tshirt,Medium,3
01HPYDXS8KCV93YAHJ8P80FZZJ,1/9/2023,gmurrhauptt@networkadvertising.org,Gayleen,Murrhaupt,0 Valley Edge Road,Uganda,Shorts,Medium,4
01HPYDXS8ND903P0J43ZNF6FFP,4/24/2023,ewrassellu@columbia.edu,Errick,Wrassell,31814 Dakota Avenue,Brazil,Hoody,Medium,4
01HPYDXS8RAAHZ1A4JZ9WZ279X,5/29/2023,edeathv@unc.edu,Ezekiel,Death,54560 Walton Street,United States,Tshirt,Medium,4
01HPYDXS8T0NQ78H9N7T2NPX25,11/28/2023,erainardw@ameblo.jp,Ellis,Rainard,5662 Loomis Drive,United States,Sweater,Large,4
01HPYDXS8W659NHZTB2S89C0A8,10/27/2023,mtrenemanx@nih.gov,Mark,Treneman,67043 Eagan Place,Nigeria,Hoody,Small,1
01HPYDXS8YSH416DRQYE4QYFC2,8/7/2023,treaveyy@answers.com,Teriann,Reavey,516 Dexter Alley,Germany,Hoody,Medium,1
01HPYDXS8Z5AA9D2H7RSH69EVE,5/1/2023,ltoupez@japanpost.jp,Lizzie,Toupe,2 Bayside Alley,Senegal,Tshirt,Large,1
01HPYDXS914T5VZC6QE1WVD865,3/5/2023,iissett10@ihg.com,Ivor,Issett,54 Hoard Way,Argentina,Hoody,Medium,4
01HPYDXS92G3HGZ7PQ9GX8X6ZG,5/6/2023,khealings11@ihg.com,Kris,Healings,34704 Eggendart Way,Sweden,Hoody,Medium,2
01HPYDXS9489WAY4G6YKN0MTWG,11/29/2023,bjendricke12@bizjournals.com,Barby,Jendricke,2 Merrick Street,Brazil,Shorts,Large,4
01HPYDXS96S6K8W8T6PTS0R0XK,2/17/2023,ikleinstern13@wisc.edu,Idelle,Kleinstern,6257 Parkside Road,Sweden,Tshirt,Medium,4
01HPYDXS991MPB83ESFR6ZR987,6/18/2023,sgershom14@theglobeandmail.com,Susan,Gershom,0128 Bluejay Drive,Brazil,Hoody,Medium,1
01HPYDXS9CF03BD7ZBCX8X4K8F,9/18/2023,osouten15@topsy.com,Oby,Souten,96005 Crest Line Park,Brazil,Hat,Medium,2
01HPYDXS9EHGM7ZB45QJ4ZPZ5X,9/22/2023,vforbear16@github.io,Victoria,Forbear,332 Oakridge Circle,France,Tshirt,XX-Large,4
01HPYDXS9H1FCHT79GK7MFD1F1,11/15/2023,ppeaseman17@independent.co.uk,Pascale,Peaseman,24 Grover Trail,Sweden,Tshirt,Large,4
01HPYDXS9K6ZN8V00BE87ZCQ7D,1/11/2023,fgaroghan18@exblog.jp,Fanchon,Garoghan,38097 Muir Junction,France,Tshirt,Small,4
01HPYDXS9P8S4Y3ZY1GGJ6BF07,6/1/2023,cbedlington19@weebly.com,Creigh,Bedlington,9821 Sachs Lane,Sweden,Tshirt,Large,4
01HPYDXS9QZFT4WS3FFXKB988M,6/5/2023,rpauli1a@barnesandnoble.com,Redd,Pauli,08259 Northridge Center,Peru,Hoody,Small,1
01HPYDXS9R1N1DY189SN9QN79K,12/17/2023,vsaffran1b@networkadvertising.org,Virge,Saffran,09 Acker Plaza,Nigeria,Sweater,Large,1
01HPYDXS9TGD4C3D4Q84C4SN5M,4/16/2023,eelbourn1c@usa.gov,Edwina,Elbourn,9 Killdeer Circle,Argentina,Hoody,Medium,3
01HPYDXS9VSQ1XPFKNW4CETY7J,1/23/2023,nternent1d@xrea.com,Nevil,Ternent,48673 Logan Way,Peru,Scarf,Small,1
01HPYDXS9Y7NGEMWS0QXGNJ2R6,4/29/2023,feagan1e@globo.com,Freeman,Eagan,8366 Hagan Hill,Sweden,Hoody,Large,1
01HPYDXSA17HHRS2FBY2VTE8EA,9/2/2023,mdevlin1f@cocolog-nifty.com,Millard,Devlin,395 Burning Wood Alley,Sweden,Sweater,Large,3
01HPYDXSA58BSF51K1C14V82NC,12/29/2023,began1g@google.pl,Bertha,Egan,0 Village Crossing,Ireland,Jacket,Large,2
01HPYDXSA80F7HERJQK759VFV2,3/12/2023,lbernlin1h@artisteer.com,Lorilyn,Bernlin,9 Grover Drive,Brazil,Shorts,Large,2
01HPYDXSACSYZTG5SDA4P3GGEB,5/4/2023,fwyre1i@illinois.edu,Flinn,Wyre,51 Reinke Crossing,Peru,Tshirt,XX-Large,2
01HPYDXSAFZA5JT3XE67Z67AVK,5/9/2023,jcarden1j@comcast.net,Jacob,Carden,61 Orin Avenue,France,Scarf,XX-Large,3
01HPYDXSAK00YBDNCC1DC8NSDF,9/10/2023,jginglell1k@instagram.com,Jesse,Ginglell,33367 Armistice Avenue,France,Tshirt,Large,4
01HPYDXSAN9GQB47Y1J1EP4DAP,6/25/2023,kgarnett1l@google.co.jp,Kev,Garnett,572 Atwood Terrace,Brazil,Hoody,Medium,4
01HPYDXSARNHHRW5M0XJ0ZV79J,7/4/2023,gdrysdall1m@unblog.fr,Gwennie,Drysdall,61 Cascade Junction,Brazil,Gloves,Small,4
01HPYDXSAVEKBTQTFSPJY0G8RD,7/12/2023,acammish1n@vinaora.com,Angel,Cammish,557 Wayridge Point,United States,Hoody,XX-Large,1
01HPYDXSAX11BNMVBS4YVECT65,6/15/2023,aruhben1o@state.tx.us,Antonetta,Ruhben,30 Luster Avenue,Peru,Hoody,Large,2
01HPYDXSAZ2KMMEFXSYGY3ENRG,7/6/2023,cfendlen1p@networkadvertising.org,Chen,Fendlen,63607 Atwood Center,Switzerland,Hoody,Medium,1
01HPYDXSB0ZEXPVHHPG9NZCAJQ,12/8/2023,gharnetty1q@reverbnation.com,Glynda,Harnetty,4 Transport Road,Chile,Gloves,Large,1
01HPYDXSB2YMWZNPDGQ96EX2CF,1/18/2023,kfinnis1r@bloomberg.com,Kelvin,Finnis,8 Shoshone Center,United States,Hoody,XX-Large,2
01HPYDXSB4MBX0WEW0TDPSZK7V,1/19/2023,jogriffin1s@etsy.com,Jessamine,O'Griffin,82 Merry Pass,Germany,Scarf,Medium,1
01HPYDXSB5QHZ94AE8TXEX2FG3,8/16/2023,ncaustick1t@addthis.com,Noby,Caustick,8890 School Junction,Nigeria,Sweater,Medium,2
01HPYDXSB7SRH3DJWW4M461QW3,10/25/2023,soakly1u@quantcast.com,Sonnie,Oakly,12670 Oakridge Alley,Canada,Sweater,XX-Large,1
01HPYDXSB8KMD73PDVCJGTZK9K,10/11/2023,fmasterton1v@chronoengine.com,Francesco,Masterton,13938 Hollow Ridge Center,Sweden,Hat,Large,2
01HPYDXSB95NDE6AF1RC06P0G8,1/27/2023,pwindous1w@sfgate.com,Perla,Windous,1 Waywood Hill,United States,Tshirt,Large,1
01HPYDXSBAW6WDZ3DESKJ39DKY,9/4/2023,jbarras1x@about.com,Jania,Barras,342 Ruskin Junction,Ireland,Jacket,Large,1
01HPYDXSBB0GA8TP4N7C9NY0WB,9/2/2023,vmarielle1y@pcworld.com,Vivian,Marielle,3961 Butterfield Point,France,Gloves,Large,2
01HPYDXSBDBXR3BS7MVJ2R1NXA,4/22/2023,mmccandless1z@google.com,Maddy,McCandless,880 Crest Line Lane,Brazil,Scarf,Medium,4
01HPYDXSBEV003139EF79S3Y84,2/15/2023,stollerton20@yandex.ru,Sibyl,Tollerton,9 Marcy Street,United States,Gloves,Small,3
01HPYDXSBF73NYHKW33RZBS6Z6,3/22/2023,swalak21@ucla.edu,Shandra,Walak,81129 Farmco Trail,Brazil,Hoody,Medium,1
01HPYDXSBG61V6SY75N0PAR28F,2/12/2023,mscholard22@jugem.jp,Merwin,Scholard,643 Delladonna Point,Sweden,Jacket,X-Large,3
01HPYDXSBJF55818MN0AYVDTRH,5/5/2023,rtichelaar23@fda.gov,Rosamund,Tichelaar,64 Sherman Crossing,Brazil,Hat,Medium,1
01HPYDXSBKBACM95CTV39167GM,1/2/2023,ppugsley24@unicef.org,Pandora,Pugsley,611 Twin Pines Drive,Brazil,Sweater,Large,4
01HPYDXSBMH6KDK9MQNCWBYP9H,7/24/2023,gbradbeer25@hubpages.com,Gale,Bradbeer,60 Hoard Terrace,France,Tshirt,Large,1
01HPYDXSBNK2GZBFME5P0AJ80C,7/21/2023,knetherclift26@ocn.ne.jp,Katya,Netherclift,1 Jana Crossing,Brazil,Hat,X-Large,3
01HPYDXSBQ47DKEFHG77KYFHW0,10/16/2023,jbottomer27@dion.ne.jp,Joanie,Bottomer,3 Center Street,Sweden,Tshirt,Medium,4
01HPYDXSBRE589RBC2PZ15CP5R,12/17/2023,mrapson28@xinhuanet.com,Meghann,Rapson,1 Logan Lane,Chile,Gloves,Small,4
01HPYDXSBSGQKKM425VN0367HD,4/14/2023,cguiton29@facebook.com,Carole,Guiton,63283 Schlimgen Circle,Uganda,Sweater,Medium,1
01HPYDXSBT86JWT60T92TBF2EP,4/8/2023,pashness2a@sogou.com,Prent,Ashness,28 Jackson Circle,France,Scarf,Large,3
01HPYDXSBWJB0PZR0XA9H3FMQ4,5/25/2023,mzannelli2b@wix.com,Merci,Zannelli,8 Crescent Oaks Trail,Argentina,Gloves,XX-Large,4
01HPYDXSKTT73M3XNDJ8AX60CH,4/6/2023,bbonin2c@globo.com,Becky,Bonin,8 Steensland Circle,Brazil,Hat,Medium,4
01HPYDXSKX9AXC6DJ6T7XXHWMR,12/30/2023,khyam2d@google.ru,Koral,Hyam,4533 Toban Place,Sweden,Shorts,Large,3
01HPYDXSM0QS7Q9AJVH19TEJFY,9/28/2023,sheighway2e@blog.com,Stacie,Heighway,3362 Graedel Road,Nigeria,Hoody,Medium,2
01HPYDXSM3QAFQTC185FPA5EC2,5/4/2023,agallatly2f@sphinn.com,Asher,Gallatly,991 Kropf Park,Brazil,Tshirt,Large,3
01HPYDXSM62ETKDVG0Q6YD4N5X,5/15/2023,rmawhinney2g@netscape.com,Raymund,Mawhinney,443 Burrows Trail,Spain,Hoody,Medium,3
01HPYDXSM9XYAZWKH8JX9MFKEK,8/22/2023,yceeley2h@acquirethisname.com,Yanaton,Ceeley,52 Ruskin Trail,Sweden,Tshirt,Large,3
01HPYDXSMB43AF2SMZ9YFSF8NN,9/24/2023,afredi2i@bandcamp.com,Arlette,Fredi,34752 Hanson Hill,Canada,Gloves,Medium,1
01HPYDXSME6GCDKD7QZQ2MYB2B,6/25/2023,lcornuau2j@guardian.co.uk,Lurline,Cornuau,020 Warrior Road,Sweden,Jacket,Medium,1
01HPYDXSMHN5Q45PQP728FHCJ8,1/31/2023,bbaffin2k@twitpic.com,Blondell,Baffin,39 Donald Lane,Chile,Jacket,Small,2
01HPYDXSMM7XHNV9BCZYVEMFJN,11/8/2023,ejakucewicz2l@usnews.com,Eugenio,Jakucewicz,8478 Talmadge Junction,France,Hat,XX-Large,3
01HPYDXSMQZNGCCH3X3AB114SW,5/22/2023,knorree2m@yelp.com,Kori,Norree,67170 Anhalt Avenue,Bosnia and Herzegovina,Scarf,Large,3
01HPYDXSMS6E9CEVX71JCC54VG,11/7/2023,mauckland2n@dot.gov,Meryl,Auckland,1361 Calypso Avenue,Ireland,Tshirt,XX-Large,4
01HPYDXSMWZ8NFB6A91BW171TG,11/7/2023,apecey2o@sfgate.com,Ardeen,Pecey,8 Eggendart Trail,France,Hoody,Large,4
01HPYDXSMZ2X81HVXGJY9RGVJR,1/5/2023,dheight2p@wikispaces.com,Darby,Height,19401 Hagan Parkway,Uganda,Sweater,Small,1
01HPYDXSN20VZ7XW9NMW71B671,9/11/2023,ujohanchon2q@nydailynews.com,Ursala,Johanchon,00 Bluestem Point,Argentina,Hoody,XX-Large,4
01HPYDXSN45AWKQRD2RDA13CVQ,6/27/2023,opimm2r@altervista.org,Olivero,Pimm,3 8th Hill,Peru,Tshirt,X-Large,4
01HPYDXSN6H2MCRJZ3BVM83N3W,7/31/2023,ascotchford2s@apple.com,Auberon,Scotchford,837 Manley Street,United States,Sweater,Large,4
01HPYDXSN7ATR1S4EX35871W8K,4/4/2023,kcalderonello2t@scientificamerican.com,Krishna,Calderonello,8 Loftsgordon Pass,United States,Scarf,Large,4
01HPYDXSN80MTRP3KY37E52FW8,12/19/2023,smcpherson2u@ihg.com,Serena,McPherson,5 Arizona Drive,Australia,Scarf,Medium,4
01HPYDXSN9P6SNZHA8NX6RK84P,11/11/2023,amongain2v@pinterest.com,Alysia,Mongain,117 Gerald Point,Canada,Hat,Medium,2
01HPYDXSNATFTCRA8WJZPRKACP,9/14/2023,abinnes2w@reuters.com,Anstice,Binnes,37060 David Drive,United States,Hoody,XX-Large,4
01HPYDXSNCN4ZE78D4GM17PCAR,6/17/2023,gchritchley2x@mayoclinic.com,Grier,Chritchley,3629 Lakewood Gardens Alley,Brazil,Hat,XX-Large,4
01HPYDXSNDPZ46335YQ1HKXB4S,5/20/2023,aleadley2y@answers.com,Ambrosius,Leadley,478 Sachtjen Road,Ireland,Hoody,Large,1
01HPYDXSNE7XHNAF67F9Y8KE4M,4/11/2023,hmcquilkin2z@hubpages.com,Hamish,McQuilkin,7 Kensington Terrace,France,Hoody,Large,2
01HPYDXSNFZQ7PGHDWFYDQ43Y4,4/13/2023,mfarney30@blogger.com,Mei,Farney,21809 Oakridge Avenue,Argentina,Hoody,Medium,4
01HPYDXSNGGJHMDC2A9531HS1F,11/5/2023,djanu31@twitpic.com,Dorice,Janu,0705 Merry Trail,Peru,Scarf,Large,3
01HPYDXSNK4NR62PJJENT7Y43J,11/25/2023,vglasscoe32@yellowbook.com,Valentine,Glasscoe,98647 Annamark Way,Sweden,Shorts,Small,3
01HPYDXSNNWGVY61NGKNZGPDWK,6/30/2023,pmcelory33@xinhuanet.com,Pearl,McElory,5 Dorton Road,Sweden,Tshirt,Medium,1
01HPYDXSNQKCCDM3K3AZA96NAS,1/19/2023,kcromer34@live.com,Kippar,Cromer,34 Dakota Avenue,Sweden,Hat,X-Large,1
01HPYDXSNRZZ332PJCW3TJ51CQ,7/29/2023,ksilkstone35@army.mil,Katuscha,Silkstone,02 Heffernan Way,Brazil,Shorts,XX-Large,3
01HPYDXSNVMYX5C05C7NYV4JY0,11/19/2023,faslam36@reverbnation.com,Fletcher,Aslam,44 Bayside Hill,United States,Jacket,XX-Large,4
01HPYDXSNYXKGY7ER6AT72FBC5,7/16/2023,flapthorne37@europa.eu,Freddy,Lapthorne,4 Briar Crest Street,Sweden,Hoody,Medium,4
01HPYDXSNZSRDX34SQD3M35NTG,9/26/2023,jbaskett38@gizmodo.com,Jerome,Baskett,025 Anhalt Center,France,Tshirt,XX-Large,1
01HPYDXSP14MF209CWYNN5RQNV,4/5/2023,sgoudard39@timesonline.co.uk,Skippie,Goudard,29726 Pond Terrace,Argentina,Hoody,Medium,1
01HPYDXSP26TSMVA8KBZNCD862,2/11/2023,tschroeder3a@blog.com,Tamar,Schroeder,55 David Parkway,Argentina,Scarf,Medium,3
01HPYDXSP3JYG1RGCHG1VGKME6,3/31/2023,amattiazzi3b@nsw.gov.au,Alidia,Mattiazzi,702 Bowman Pass,France,Hoody,XX-Large,1
01HPYDXSP530CP9NDY4ZN0WNNN,6/16/2023,ispaldin3c@geocities.jp,Ivor,Spaldin,557 Mandrake Center,United States,Sweater,Large,1
01HPYDXSP6MZYZH3VV3MPSWD8N,8/21/2023,bmckune3d@accuweather.com,Brook,McKune,20705 Lyons Pass,United States,Scarf,X-Large,1
01HPYDXSP7YZPZS4EFD66P4BZ1,10/31/2023,gpelos3e@pinterest.com,Gerek,Pelos,578 Main Center,Sweden,Hoody,Large,1
01HPYDXSP9564Y58RJD2YVKF0G,5/23/2023,qcathrall3f@adobe.com,Quinn,Cathrall,7 Sundown Lane,Sweden,Tshirt,XX-Large,2
01HPYDXSPAZ2HJZ7MCKCRK4CRP,3/17/2023,nkristufek3g@pen.io,Nowell,Kristufek,321 Pine View Pass,Nigeria,Scarf,Large,4
01HPYDXSPBGEHMS64MAH5H77VC,7/9/2023,ccallaghan3h@tumblr.com,Collin,Callaghan,07 Spohn Terrace,France,Sweater,Small,2
01HPYDXSPDKDMCZS745FS60BRJ,12/23/2023,aduffill3i@google.cn,Andree,Duffill,08567 Schiller Alley,Brazil,Tshirt,Large,4
01HPYDXSPEHWKFNQ5M9KHY1MF5,6/28/2023,nslatter3j@ameblo.jp,Nowell,Slatter,9399 Fuller Terrace,Chile,Tshirt,Medium,2
01HPYDXSPGWXG3X3VVSQF4G8R5,12/2/2023,hbrimmicombe3k@wikia.com,Hermy,Brimmicombe,77 Muir Drive,Nigeria,Scarf,Medium,2
01HPYDXSPJEAH14DM1ETWM43GP,3/28/2023,stattershaw3l@diigo.com,Sutherland,Tattershaw,590 Mcguire Way,Canada,Tshirt,X-Large,1
01HPYDXSPNAM5TET1XR4Z99YA5,4/20/2023,bkamien3m@desdev.cn,Blondie,Kamien,698 Dixon Lane,Sweden,Tshirt,Medium,1
01HPYDXSPP4W1574EDJDQNRRBJ,5/9/2023,kcantle3n@exblog.jp,Karly,Cantle,8993 Kenwood Crossing,Brazil,Tshirt,Medium,1
01HPYDXSPRSWXZ41SF2S9YVPFG,7/8/2023,nfillingham3o@blogspot.com,Nickie,Fillingham,15 John Wall Junction,Argentina,Gloves,Medium,1
01HPYDXSPSA3K070REFR246FYQ,8/15/2023,wdeshon3p@ovh.net,Willis,Deshon,420 Sutteridge Hill,Brazil,Tshirt,Small,1
01HPYDXSPT9WW58BDXAYTK5BXQ,2/22/2023,jsunderland3q@amazon.com,Jori,Sunderland,43 East Lane,Brazil,Hoody,XX-Large,2
01HPYDXSPWGGVENKR34YR5EMZR,8/5/2023,csmewings3r@dailymail.co.uk,Claudius,Smewings,4421 Menomonie Lane,Sweden,Scarf,Medium,3
01HPYDXSPX9JT5F796FRAPQV1J,11/19/2023,mgynne3s@smh.com.au,Mufinella,Gynne,71 Welch Alley,Sweden,Hoody,XX-Large,2
01HPYDXSPZ0GGH8D2KH0FVF1WD,7/12/2023,emyderscough3t@jiathis.com,Edvard,Myderscough,621 Arapahoe Park,Norway,Hoody,Medium,4
01HPYDXSQ1EQ27A6FASMNV5BTS,12/4/2023,mleggin3u@wsj.com,Mirilla,Leggin,1147 Fremont Drive,Canada,Hoody,Medium,2
01HPYDXSQ25D7D38CF680F8JPF,3/7/2023,brosen3v@skype.com,Bond,Rosen,358 Cambridge Junction,Peru,Sweater,Large,1
01HPYDXSQ3D7KQGH2V31Q0P15N,5/5/2023,fjanicijevic3w@who.int,Fulvia,Janicijevic,561 Daystar Hill,United States,Hat,Medium,4
01HPYDXSQ5ZNGJ8TT0QCP2DCM2,5/2/2023,dclash3x@nasa.gov,Dena,Clash,0 Clyde Gallagher Junction,Brazil,Shorts,Medium,3
01HPYDXSQ6WRTBN513SJMM51SC,11/13/2023,idungay3y@mozilla.org,Ingrim,Dungay,5716 Morrow Place,Brazil,Tshirt,X-Large,4
01HPYDXSQ952Q8GJ2REHH1YW7F,3/19/2023,sgunda3z@xing.com,Sal,Gunda,2 Cordelia Hill,Peru,Shorts,Small,4
01HPYDXSQBK90RQ4JCRP5QQXWD,3/3/2023,mfurley40@about.me,Melisse,Furley,5 East Point,Bosnia and Herzegovina,Tshirt,Large,1
01HPYDXSQDTBDDY56VJK2QQ2G9,7/2/2023,eubsdale41@blogger.com,Ethelbert,Ubsdale,8 3rd Way,Brazil,Hoody,Small,1
01HPYDXSQFPJRR52D8962FVPCG,5/11/2023,abastin42@nba.com,Alfie,Bastin,48530 Packers Hill,France,Hat,Large,3
01HPYDXSQHVDT7ZN7184M0JNCW,3/27/2023,ghawtin43@irs.gov,Gerhard,Hawtin,899 Judy Road,Brazil,Tshirt,Large,4
01HPYDXSQM7P39K2N9QTYZ0JY1,4/6/2023,ggartery44@twitpic.com,Gris,Gartery,29 Charing Cross Parkway,Peru,Hoody,Medium,2
01HPYDXSQPC0T4ZNATFTC19KVD,10/28/2023,adikes45@google.co.jp,Angelika,Dikes,96 Vahlen Circle,Sweden,Sweater,Medium,3
01HPYDXSQRY33WSNB46RF3340T,1/31/2023,econers46@amazon.de,Eunice,Coners,17 Pepper Wood Way,Sweden,Scarf,Medium,4
01HPYDXSQVF2V09ZBH43BTRE6Y,9/9/2023,dpidgley47@technorati.com,Delora,Pidgley,060 Warrior Terrace,France,Hat,Small,3
01HPYDXSQY1PC5QVD4G3HVP96D,11/5/2023,kaloway48@fda.gov,Kalvin,Aloway,03 Badeau Avenue,Brazil,Hoody,Medium,1
01HPYDXSR1WNSWQZ9TQP7MYKM0,10/4/2023,hsalandino49@people.com.cn,Hilary,Salandino,21298 School Park,Nigeria,Shorts,XX-Large,1
01HPYDXSR3M1F2ZNCEXBV2SC78,8/23/2023,ctrevaskus4a@mayoclinic.com,Curtice,Trevaskus,5 Chive Circle,Canada,Scarf,Large,3
01HPYDXSR6W805FV82F0ZBFKWG,4/29/2023,maldie4b@theatlantic.com,Martelle,Aldie,7 Mccormick Road,United States,Shorts,Medium,2
01HPYDXSR8EW6D9SCJJJZYSHST,7/11/2023,lhiggan4c@oaic.gov.au,Laetitia,Higgan,28989 Corscot Terrace,United States,Hoody,Medium,4
01HPYDXSRBC9JR5NAPJ1WD0YSQ,1/8/2023,wgotthardsf4d@blinklist.com,Will,Gotthard.sf,8 Tennessee Street,Brazil,Hoody,X-Large,3
01HPYDXSRD7MARQ8YP3DSYEQ1D,7/10/2023,vgorries4e@mapy.cz,Vanya,Gorries,483 Loomis Parkway,Ireland,Tshirt,Medium,4
01HPYDXSRGTX2P0ZPZNTKCXE0G,8/3/2023,awillmott4f@jiathis.com,Aguste,Willmott,25 Columbus Center,Brazil,Gloves,Large,3
01HPYDXSRH140EYY1RAH3P0THE,7/25/2023,lglen4g@linkedin.com,Lonnie,Glen,34443 Lindbergh Circle,United States,Tshirt,XX-Large,4
01HPYDXSRMY6YX8DKRNH0V789D,1/5/2023,pgheorghescu4h@twitter.com,Perkin,Gheorghescu,8003 Golf Course Avenue,Sweden,Hoody,Large,3
01HPYDXSRN57M8H4GY4CGY8JBR,4/29/2023,rgoodey4i@angelfire.com,Rasia,Goodey,771 Di Loreto Parkway,Sweden,Tshirt,Large,1
01HPYDXSRREA0AR51QMAQM6PSW,7/28/2023,cduffill4j@vkontakte.ru,Cad,Duffill,91564 Bay Street,Germany,Hat,Medium,4
01HPYDXSRSSAKYKQWMTW2H06G4,12/5/2023,kmckendry4k@friendfeed.com,Karna,McKendry,74 Memorial Parkway,France,Gloves,Small,2
01HPYDXSRT0KKWPJB4KWHNW9MV,2/8/2023,dbrainsby4l@businessweek.com,Dina,Brainsby,09319 Maple Point,France,Hoody,Medium,3
01HPYDXSRW22A406RVWJED6K8X,6/28/2023,jgullefant4m@exblog.jp,Jard,Gullefant,9270 Lakewood Street,France,Hat,Large,3
01HPYDXSRZHZ8BW0CE9F4CD9VV,5/17/2023,scarolan4n@smugmug.com,Sonny,Carolan,94 Browning Place,Peru,Sweater,Medium,3
01HPYDXSS2R5SEZX8P7PVGCKXH,6/15/2023,amatic4o@hhs.gov,Augusta,Matic,73301 Mockingbird Court,Argentina,Shorts,Large,2
01HPYDXSS47S4HTQFD6XDX3MTY,11/14/2023,asmidmor4p@mozilla.com,Adolphus,Smidmor,8 Roxbury Street,Brazil,Shorts,Medium,3
01HPYDXSS6WBD0MA7B5E2JF4QF,2/13/2023,aechalier4q@mediafire.com,Abbe,Echalier,7 Hintze Hill,Sweden,Tshirt,Small,3
01HPYDXSS8ZCHGSKG8BSGVDC27,7/22/2023,bseale4r@wordpress.org,Bo,Seale,35708 Gateway Avenue,Nigeria,Sweater,Large,1
01HPYDXSSAPQE6DCMCHEYAVKMJ,2/2/2023,rchallis4s@mapquest.com,Ryley,Challis,90070 Kensington Crossing,Nigeria,Tshirt,Large,3
01HPYDXSSBX4PTAJ4XFF3S0FFH,7/23/2023,aleon4t@slate.com,Alexander,Leon,1214 Almo Center,Brazil,Hoody,Medium,3
01HPYDXSSDWXN1335WF81FVKM6,2/25/2023,cchannon4u@shareasale.com,Carmencita,Channon,94330 Village Trail,Peru,Hoody,Large,4
01HPYDXSSFCZ4Q066TH2M919GR,8/7/2023,rgissop4v@bloglovin.com,Rudolph,Gissop,99246 Troy Lane,United States,Gloves,Medium,4
01HPYDXSSH44H5YNW1XXF183GE,11/2/2023,rjacmard4w@skyrock.com,Roarke,Jacmard,874 Montana Point,Sweden,Hoody,XX-Large,3
01HPYDXSSM9B0787FEND8VJJYA,6/26/2023,dparlatt4x@feedburner.com,Dimitry,Parlatt,70509 Bowman Crossing,France,Hoody,Medium,3
01HPYDXSSPC4E4SKYXE3GBCNFK,11/17/2023,yspratling4y@freewebs.com,Yul,Spratling,5 Calypso Parkway,Peru,Shorts,Medium,4
01HPYDXSSQ43BJW13EEYFM97WH,2/25/2023,afeary4z@gmpg.org,Augustine,Feary,280 Fieldstone Parkway,United States,Tshirt,XX-Large,3
01HPYDXSSSTG8632H4Y43SSRXE,7/13/2023,smiles50@vk.com,Sella,Miles,542 John Wall Crossing,Argentina,Hoody,XX-Large,2
01HPYDXSSVJY05NVBSDNK7V279,2/23/2023,dpondjones51@gnu.org,Darcy,Pond-Jones,440 Cascade Parkway,Sweden,Tshirt,X-Large,4
01HPYDXSSXHWPJ42C9KK77W53V,12/20/2023,smatyushonok52@prweb.com,Sammy,Matyushonok,01535 Ramsey Trail,Sweden,Tshirt,Large,4
01HPYDXSSZPRVE80NW7Y6Q0KXX,6/17/2023,wrichards53@spiegel.de,Westbrooke,Richards,54729 Stuart Pass,Canada,Hoody,Medium,4
01HPYDXST1WQWFB5A0PWKSV9XR,6/10/2023,zrhys54@shutterfly.com,Zarla,Rhys,5 Helena Way,Brazil,Hoody,Medium,2
01HPYDXST35ETB46M39CATH0WX,11/5/2023,jghelardi55@marketwatch.com,Josepha,Ghelardi,22 Buhler Crossing,Sweden,Scarf,Medium,2
01HPYDXST4HY91HBG3TB8J4BT9,12/18/2023,ggibbieson56@answers.com,Gardener,Gibbieson,7243 Vera Plaza,Peru,Sweater,Large,1
01HPYDXST5DW7XC4Z0MDVFPH1H,2/21/2023,asalvadore57@symantec.com,Augustin,Salvadore,13 Erie Plaza,Peru,Jacket,XX-Large,4
01HPYDXST67Y9GX30EV0QVVHPK,2/7/2023,cmibourne58@bbb.org,Chan,Mibourne,2 Division Drive,France,Tshirt,Medium,1
01HPYDXST85Q2F3DTTAZP2N5KN,2/10/2023,vklulik59@paypal.com,Vally,Klulik,51 Jay Court,Brazil,Scarf,Medium,3
01HPYDXST9YX8SEFKW4XFV0EXQ,5/26/2023,coshiels5a@yale.edu,Clayborne,O'Shiels,9 Gerald Crossing,France,Hoody,Large,3
01HPYDXSTAMEX8FKARQPZGR3G3,6/1/2023,mmcgrorty5b@baidu.com,Monro,McGrorty,685 Twin Pines Lane,Argentina,Shorts,XX-Large,4
01HPYDXSTB85K6QSMW4JQVJTZW,6/15/2023,lbradforth5c@about.com,Leopold,Bradforth,96 Roth Avenue,United States,Hoody,Medium,4
01HPYDXSTEXAKFFTC5GK39SQRC,4/21/2023,gtrelease5d@wordpress.org,Gran,Trelease,993 Golf Terrace,Nigeria,Shorts,Medium,3
01HPYDXSTHD7WWFFSHEV3B1M1C,5/17/2023,bweaving5e@creativecommons.org,Ben,Weaving,1250 Monument Road,Argentina,Tshirt,Small,1
01HPYDXSTKRS6BFEYHS68NVPTY,9/7/2023,fdurden5f@cbslocal.com,Florina,Durden,57169 Oak Valley Alley,United States,Scarf,Large,3
01HPYDXSTNJGJJDJ53M7KKZ7W4,1/2/2023,msimmance5g@psu.edu,Melvin,Simmance,60899 Superior Lane,Chile,Tshirt,X-Large,2
01HPYDXSTQA2FEK42NTP20QG9P,2/6/2023,bcreaven5h@lulu.com,Bondy,Creaven,6553 Quincy Street,Senegal,Tshirt,X-Large,4
01HPYDXSTSCSG28W2578SZ8SNG,5/18/2023,gwragge5i@so-net.ne.jp,Giselle,Wragge,09588 Sunfield Way,Chile,Scarf,Large,3
01HPYDXSTWGFQMCVQAPQNDJG54,5/22/2023,vlauga5j@shop-pro.jp,Vince,Lauga,4437 Kingsford Terrace,Germany,Hoody,Medium,2
01HPYDXSTYCQPC3M0KQH0DNJ11,7/9/2023,chuddart5k@uol.com.br,Claire,Huddart,6 Commercial Lane,Brazil,Scarf,Large,3
01HPYDXSV1APJ7CE7A5K7QY9G3,12/19/2023,lmccafferky5l@google.nl,Lesley,McCafferky,974 Meadow Ridge Point,France,Scarf,Large,4
01HPYDXSV2MM6V8GGVYCSKG258,9/25/2023,cnoden5m@facebook.com,Culver,Noden,8856 Artisan Drive,France,Tshirt,X-Large,1
01HPYDXSV31Z5DP0F2AW36WC6D,7/5/2023,jzywicki5n@toplist.cz,Janaya,Zywicki,3 Summer Ridge Hill,France,Hoody,Large,1
01HPYDXSV459211P85B85V1WZ8,6/20/2023,vjanssen5o@businesswire.com,Vance,Janssen,841 Oxford Trail,United States,Tshirt,Medium,3
01HPYDXSV5JESDWPGPQZ99NJ06,11/28/2023,dbriztman5p@thetimes.co.uk,Desmund,Briztman,0440 Cambridge Drive,Brazil,Hoody,Medium,2
01HPYDXSV665PJNT5355TSDCKZ,12/29/2023,dgorioli5q@wp.com,Darcy,Gorioli,5399 Kingsford Way,Brazil,Tshirt,Large,4
01HPYDXSV87FFDQ1V47KKCAPHZ,2/3/2023,cdudley5r@flavors.me,Clair,Dudley,58 Kingsford Pass,Bosnia and Herzegovina,Hat,Small,1
01HPYDXSV9G8GXB6A4KQ4A8RRJ,7/10/2023,nbygate5s@webeden.co.uk,Noellyn,Bygate,65014 7th Drive,Brazil,Shorts,Large,1
01HPYDXSVV9H36E8GAAYMFX61F,11/10/2023,jimmer5t@cdc.gov,Jeremy,Immer,7 Melrose Hill,France,Tshirt,Large,2
01HPYDXSVXJAF6AWA350ACY1NZ,4/25/2023,nfavill5u@delicious.com,Nap,Favill,8627 Del Mar Park,Norway,Gloves,X-Large,1
01HPYDXSVYHNZK8FMRWQMDN7FN,3/14/2023,cplewes5v@rediff.com,Cathyleen,Plewes,220 Crescent Oaks Terrace,Brazil,Scarf,Medium,3
01HPYDXSVZ26MQFM5P6C6EGAES,12/2/2023,cebbings5w@columbia.edu,Christian,Ebbings,43 Clarendon Place,Brazil,Jacket,Medium,3
01HPYDXSW0WKANQVFXT7H27E4T,1/14/2023,djohnke5x@joomla.org,Dolph,Johnke,19058 Clemons Terrace,United States,Tshirt,Medium,1
01HPYDXSW22TSTD257ASJCFD37,6/29/2023,fswindlehurst5y@trellian.com,Felic,Swindlehurst,67543 Hintze Court,Brazil,Hoody,XX-Large,2
01HPYDXSW3WQ9VFGWSG8MWJ1BB,4/7/2023,vangrove5z@facebook.com,Valeda,Angrove,4095 Lawn Way,Nigeria,Scarf,XX-Large,3
01HPYDXSW5VYZ2WKXJR0JK7611,7/20/2023,dsteenson60@g.co,Darb,Steenson,9 Pleasure Avenue,Brazil,Tshirt,Large,1
01HPYDXSW60FDCYA1EQ7FMXP73,9/7/2023,nbartosch61@usda.gov,Nate,Bartosch,65960 Melvin Parkway,France,Sweater,X-Large,4
01HPYDXSW7AX6NAJE6GGXMBFG6,1/10/2023,rnorthill62@bing.com,Rosalinda,Northill,18 Macpherson Park,Sweden,Tshirt,Large,1
01HPYDXSW8TRT9VAKQEZQ7S55K,5/22/2023,aspirritt63@alibaba.com,Anatola,Spirritt,16102 Reinke Lane,Peru,Scarf,Small,3
01HPYDXSWAQN7QB3FDFE3PVZKY,1/6/2023,ghasted64@ifeng.com,Giuditta,Hasted,97376 Graedel Park,Brazil,Jacket,XX-Large,2
01HPYDXSWBW9XX367WRZD843F8,4/29/2023,bmcgilleghole65@nymag.com,Bax,McGilleghole,1905 Meadow Ridge Junction,Argentina,Scarf,XX-Large,2
01HPYDXSWCXJ07Y9A1HV00KGAQ,2/12/2023,cricardou66@upenn.edu,Clementius,Ricardou,190 Chive Point,Brazil,Scarf,X-Large,2
01HPYDXSWDPD06PQJR3V9WFDYM,2/8/2023,plongrigg67@nationalgeographic.com,Phelia,Longrigg,2 Lighthouse Bay Hill,Sweden,Hoody,Medium,1
01HPYDXSWEDBSDH3YZ33Q17PHQ,8/10/2023,mdongate68@instagram.com,Melita,Dongate,80249 Talmadge Center,Argentina,Shorts,Small,1
01HPYDXSWFKWW3FBBZBTWC2R0D,8/31/2023,scourt69@studiopress.com,Shanta,Court,82331 Shelley Road,Germany,Shorts,XX-Large,3
01HPYDXSWHJZQTJ0GABSW2K4TQ,1/27/2023,eantonsen6a@netvibes.com,Emalee,Antonsen,7 Lakewood Place,Canada,Shorts,Medium,4
01HPYDXSWJXDSN9V3FQ5BNWZ74,5/19/2023,kgollard6b@a8.net,Kayley,Gollard,40 Elmside Place,Brazil,Tshirt,Medium,4
01HPYDXSWKY33ADFF43SX4PKD7,4/7/2023,jsaladin6c@eepurl.com,Janelle,Saladin,8 Lunder Pass,France,Hat,Small,2
01HPYDXSWM5DRZKRWFF1AW7BKQ,5/31/2023,dbienvenu6d@deliciousdays.com,De,Bienvenu,1782 Shopko Crossing,Brazil,Sweater,Small,2
01HPYDXSWN39W6M11NMQ5XK9RY,2/15/2023,hpalmby6e@timesonline.co.uk,Honor,Palmby,28 Little Fleur Court,Nigeria,Jacket,Large,2
01HPYDXSWP7APYDDAGVAVT6N8M,9/8/2023,dbravery6f@squidoo.com,Dorri,Bravery,31323 Mayfield Alley,Sweden,Shorts,Medium,3
01HPYDXSWRPFHGHJ29AD6CK022,10/29/2023,swooddisse6g@marketwatch.com,Saloma,Wooddisse,6 Anthes Junction,Sweden,Jacket,Small,4
01HPYDXSWS12MYAZTYDJ5VFH9N,3/31/2023,scressy6h@about.me,Staci,Cressy,70 Bashford Pass,United States,Hoody,Medium,2
01HPYDXSWTZRD25W1QGD51FHCN,11/12/2023,hjeannet6i@exblog.jp,Hugues,Jeannet,8 Bobwhite Plaza,France,Scarf,Medium,4
01HPYDXSWVWZY22AAPAYTVB7CS,6/26/2023,mmacaskill6j@zdnet.com,Manon,MacAskill,25 Mcbride Street,Germany,Sweater,Medium,3
01HPYDXSWW4R0G23Q7RW22EDQK,1/16/2023,rhoundsom6k@seattletimes.com,Rhodie,Houndsom,7274 Mifflin Circle,Brazil,Hoody,Medium,2
01HPYDXSWYXBQPN7H3Y6BA0ZWH,5/14/2023,rdorking6l@bloglovin.com,Rebeka,Dorking,57 Loomis Alley,Peru,Hoody,Small,4
01HPYDXSWZEAFSAQ3CFDKZC5WA,11/25/2023,jbirdis6m@icq.com,Jeff,Birdis,410 West Park,Argentina,Tshirt,XX-Large,2
01HPYDXSX1HQHYK7HY11SBP8N8,2/19/2023,gbaptie6n@delicious.com,Gregory,Baptie,0 Spohn Alley,Nigeria,Tshirt,Medium,2
01HPYDXSX3QTM10H5NSZVD1S0F,3/23/2023,jpolland6o@mediafire.com,Jacki,Polland,6871 Oak Valley Junction,Sweden,Sweater,Small,3
01HPYDXSX5TDAWPKFGKEGK66VC,8/8/2023,lbussy6p@infoseek.co.jp,Lorie,Bussy,472 Buena Vista Court,Peru,Shorts,XX-Large,1
01HPYDXSX80DJCS0H7S6ATRNHJ,8/15/2023,pkey6q@geocities.jp,Pollyanna,Key,7075 Hudson Plaza,France,Shorts,Large,1
01HPYDXSXBX4J1FSMFRPHRT60P,11/12/2023,ofear6r@weibo.com,Olympie,Fear,9456 Eastlawn Place,Canada,Tshirt,XX-Large,4
01HPYDXSXDJTRT98HN0TF2QT9N,3/2/2023,charcase6s@imdb.com,Conway,Harcase,2 Bellgrove Circle,Italy,Tshirt,X-Large,2
01HPYDXSXFBFDYNKQDGRH5B38V,1/3/2023,cbattell6t@drupal.org,Clemens,Battell,2 Swallow Road,Peru,Scarf,XX-Large,4
01HPYDXSXJYJ02A09T4W60KFYF,5/22/2023,klippitt6u@tripadvisor.com,Kenny,Lippitt,6807 Twin Pines Court,Peru,Tshirt,Medium,4
01HPYDXSXNM6X99XF431QDVF46,6/25/2023,cstanbra6v@geocities.com,Cathee,Stanbra,38277 Warner Park,Brazil,Gloves,Medium,4
01HPYDXSXQMHTXVXG7KKE060PP,6/14/2023,jdoyland6w@fema.gov,Jorry,Doyland,045 Prairieview Hill,France,Tshirt,Small,3
01HPYDXSXTZ7J74JATCCJVKSJH,10/4/2023,amacgillavery6x@icio.us,Ali,MacGillavery,55 Maryland Trail,Norway,Sweater,Large,2
01HPYDXSXVNTEZF0C9KPNKQN05,10/12/2023,wdobing6y@utexas.edu,Wade,Dobing,340 Maywood Avenue,Ireland,Scarf,Medium,2
01HPYDXSXW1QJ1Y9R0VF2XG6XC,3/4/2023,emaddigan6z@elegantthemes.com,Eziechiele,Maddigan,224 Steensland Avenue,Brazil,Shorts,Large,2
01HPYDXSXY1485M92S8QXDTHSR,2/19/2023,mtoffalo70@microsoft.com,Micheline,Toffalo,405 Eggendart Road,United States,Shorts,Large,1
01HPYDXSXZAS0K6SZ71CGEV8YP,10/3/2023,ssellar71@prlog.org,Sophey,Sellar,748 Forest Dale Point,Peru,Hoody,X-Large,2
01HPYDXSY03SK5PD8RFSJNW5KZ,7/12/2023,dderry72@wikispaces.com,Dougy,Derry,1192 Nevada Place,Peru,Tshirt,Medium,1
01HPYDXSY2FVBFDAF7WK81XD8C,8/19/2023,cpoutress73@mac.com,Cassie,Poutress,54 Spenser Terrace,France,Shorts,X-Large,4
01HPYDXSY3HAEK7A26WNMMD142,1/10/2023,lingry74@cocolog-nifty.com,Lisa,Ingry,8799 Lakewood Gardens Place,Brazil,Tshirt,Medium,4
01HPYDXSY41W8NY92195X4R144,1/23/2023,gmiebes75@wufoo.com,Goldarina,Miebes,3717 School Terrace,United States,Shorts,Medium,3
01HPYDXSY62QQH9KCVGQ1NNT55,10/3/2023,bbassilashvili76@free.fr,Benedikt,Bassilashvili,7038 Summit Trail,France,Tshirt,X-Large,1
01HPYDXSY7DS8TWNX6D8652ZC9,12/25/2023,lamthor77@blogspot.com,Leonie,Amthor,5346 Arizona Pass,Brazil,Tshirt,Large,2
01HPYDXSY8NCHCYAZNCRVWW1JW,8/14/2023,lkleisel78@purevolume.com,Ludvig,Kleisel,70 Sauthoff Trail,Peru,Scarf,XX-Large,2
01HPYDXSYADFM852TNQK9ZA7DG,1/6/2023,rreddie79@fastcompany.com,Reine,Reddie,25 Village Crossing,Nigeria,Sweater,Large,1
01HPYDXSYC5CS0Z03SMA6QVC0C,11/22/2023,shurford7a@huffingtonpost.com,Sidoney,Hurford,79773 Marcy Plaza,France,Hoody,Small,4
01HPYDXSYEXXG5EPE6VE7NF5EK,11/23/2023,ffuke7b@yellowpages.com,Fancie,Fuke,116 Northwestern Street,United States,Gloves,XX-Large,4
01HPYDXSYGYV553BG7V0PR3KP5,9/17/2023,nmasterson7c@histats.com,Nicky,Masterson,09 Aberg Avenue,Argentina,Hat,Large,2
01HPYDXSYK0DC2S8VYDBMS177S,2/17/2023,mdauncey7d@ox.ac.uk,Merna,Dauncey,60891 Continental Court,Peru,Gloves,Large,1
01HPYDXSYPA0FMPB74N6XCZCN6,9/5/2023,sbelchamp7e@mit.edu,Sabrina,Belchamp,0315 Dunning Park,France,Hoody,Small,3
01HPYDXSYQE0AJ3DR6NB6N3XFA,5/13/2023,lowthwaite7f@nature.com,Laney,Owthwaite,57618 Norway Maple Place,Canada,Hoody,XX-Large,3
01HPYDXSYRG9E73XWVPHBYVTMA,6/2/2023,gackeroyd7g@vimeo.com,Glori,Ackeroyd,5 Butternut Junction,United States,Scarf,Small,3
01HPYDXSYTD5VJWD6KK9E8FEZ4,10/6/2023,btwentyman7h@hugedomains.com,Bartolemo,Twentyman,2 Ryan Trail,United States,Scarf,Large,1
01HPYDXSYVPJ8WYG3TH8EKDFHB,1/19/2023,tturnock7i@woothemes.com,Tuesday,Turnock,2 Fuller Avenue,Canada,Tshirt,Medium,1
01HPYDXSYWF7R5SE75C1TGFCC6,3/18/2023,hperin7j@ifeng.com,Harmony,Perin,4 Tennessee Center,Brazil,Tshirt,Medium,4
01HPYDXSYYJK6854TSQ4VBKNEX,7/30/2023,sglasscock7k@indiegogo.com,Sarajane,Glasscock,869 Morningstar Court,Sweden,Hoody,Small,2
01HPYDXSZ0XZ45E512GDW3T29P,7/28/2023,nstrood7l@weather.com,Nancey,Strood,3797 Rieder Point,United States,Tshirt,Large,3
01HPYDXSZ1E63RHMNGVNW1K4MX,7/17/2023,lsille7m@plala.or.jp,Leona,Sille,7 Fallview Terrace,France,Tshirt,Small,4
01HPYDXSZ39QSPVT5YRAYDFHMA,5/16/2023,dscuffham7n@infoseek.co.jp,Davon,Scuffham,9438 Merry Hill,Argentina,Tshirt,Medium,3
01HPYDXSZ4VNFWB1DHZ9307V3D,10/5/2023,emacauley7o@hud.gov,Edythe,Macauley,518 Spohn Alley,Bosnia and Herzegovina,Hoody,Large,2
01HPYDXSZ61YN45TSS6B6P79NX,7/13/2023,bbrolly7p@webmd.com,Bone,Brolly,69 Vernon Road,Sweden,Tshirt,Medium,2
01HPYDXSZ8RW7319NSY4MDNQNW,12/30/2023,cdunwoody7q@paginegialle.it,Clemmy,Dunwoody,4 Petterle Parkway,United States,Hoody,Large,4
01HPYDXSZAM3BTS3Q6331T7QDQ,10/18/2023,rporcher7r@delicious.com,Retha,Porcher,08 Karstens Junction,France,Sweater,Medium,3
01HPYDXSZDJVW3GV2JXJ5HM10J,3/27/2023,gasher7s@oracle.com,Gweneth,Asher,98181 Oxford Way,France,Hoody,Medium,4
01HPYDXSZF07B97AARG1PZ7NDG,11/9/2023,jlates7t@eepurl.com,Jenifer,Lates,9 Debra Crossing,Brazil,Scarf,Medium,3
01HPYDXSZJ5S99TYK5RG87CAYJ,4/30/2023,singyon7u@china.com.cn,Sutton,Ingyon,3 Sycamore Way,Brazil,Tshirt,Medium,1
01HPYDXSZMMYXF8WHSPXH4G1TB,6/24/2023,cswansbury7v@nhs.uk,Corny,Swansbury,72 Fordem Hill,Sweden,Hoody,XX-Large,2
01HPYDXSZP2RJGXH97DR7KG0W7,8/9/2023,dtokley7w@seesaa.net,Doloritas,Tokley,18 1st Alley,Uganda,Gloves,Medium,3
01HPYDXSZSFRPQRA3DFB7EWK9Q,1/12/2023,rpulman7x@admin.ch,Rasla,Pulman,45 Nevada Crossing,France,Hoody,X-Large,1
01HPYDXSZVANQXQ6XFBNJH447N,6/17/2023,gcotesford7y@domainmarket.com,Gill,Cotesford,314 Morningstar Avenue,Peru,Scarf,Large,3
01HPYDXSZXAABY9RWVQ22G5CDH,5/18/2023,floxston7z@discuz.net,Forrester,Loxston,373 Crescent Oaks Place,Brazil,Scarf,Medium,4
01HPYDXSZZ1PZRQE8XSRXF8KKP,7/8/2023,wmcelree80@pinterest.com,Wylma,McElree,51264 Holmberg Way,Argentina,Sweater,X-Large,2
01HPYDXT011FVX2KTFFQPCJSYN,8/17/2023,vgeator81@mail.ru,Verge,Geator,1823 Badeau Trail,France,Tshirt,Small,3
01HPYDXT03JT4NET2RJJJQBSV8,11/3/2023,fcogle82@time.com,Fawn,Cogle,595 Corscot Point,Sweden,Tshirt,Large,2
01HPYDXT05MCQ4J65ZJ3AG9JPX,6/16/2023,jgerding83@msu.edu,Jody,Gerding,6283 Claremont Junction,Argentina,Scarf,Medium,2
01HPYDXT079N2ZZZTGB337NNEF,11/25/2023,bharry84@homestead.com,Benson,Harry,63590 Melrose Park,United States,Shorts,Medium,1
01HPYDXT097VWBGG5DF6NE1CF6,12/5/2023,jhardwich85@goo.gl,Jourdan,Hardwich,67224 Spohn Court,Peru,Hoody,Medium,2
01HPYDXT0BKV18FDQZR3R7RJXM,4/29/2023,smapother86@theguardian.com,Shina,Mapother,70 Ludington Pass,Sweden,Hat,Large,3
01HPYDXT0DJXS86P6J8R0R7ASB,8/3/2023,rlyddyard87@thetimes.co.uk,Rod,Lyddyard,8539 Westend Center,Peru,Jacket,XX-Large,1
01HPYDXT0FN1NYJB1HRD3E613P,3/25/2023,mtrevorrow88@acquirethisname.com,Myra,Trevorrow,6 Westerfield Road,Nigeria,Gloves,Large,1
01HPYDXT0H607GX4S9D5KTNPE5,12/3/2023,jmaccrachen89@clickbank.net,Jami,MacCrachen,0230 Lotheville Lane,Canada,Scarf,Large,2
01HPYDXT0KSHQ31AD3T2TXE88E,6/8/2023,wslaymaker8a@sciencedaily.com,Wynnie,Slaymaker,17 Cordelia Court,France,Sweater,Medium,2
01HPYDXT0PTC1VTRY474JHDR2N,11/30/2023,bwadham8b@virginia.edu,Brandea,Wadham,914 Kim Point,Sweden,Gloves,Medium,4
01HPYDXT0RMJVXR31W384HBB18,11/1/2023,ehiom8c@networksolutions.com,Eolanda,Hiom,531 Kipling Park,Nigeria,Hoody,Medium,2
01HPYDXT0TYDTM7F7A1KGV2HS1,2/6/2023,mboij8d@yale.edu,Maiga,Boij,5 Dakota Plaza,Brazil,Hoody,Large,2
01HPYDXT0WJJE2KT4NS1ZEG1RY,2/28/2023,zmuzzillo8e@gnu.org,Zed,Muzzillo,1 Heath Way,Sweden,Hoody,Large,2
01HPYDXT0YHT93HVYZ4VZ3M2MG,11/20/2023,yohear8f@shop-pro.jp,Yancy,O'Hear,112 Ridgeway Plaza,Norway,Sweater,X-Large,3
01HPYDXT10RC1Y32GPT5WK4GCQ,8/28/2023,jgallant8g@netscape.com,Julius,Gallant,4091 Porter Terrace,Peru,Shorts,Large,3
01HPYDXT12KKVM8QRJRWDHQ2E6,5/9/2023,mslinn8h@senate.gov,Miguela,Slinn,4 Thierer Park,Argentina,Hat,XX-Large,2
01HPYDXT14X53PZH70G1FVSWB1,6/15/2023,arotlauf8i@smh.com.au,Arnaldo,Rotlauf,58 Miller Road,Peru,Shorts,XX-Large,2
01HPYDXT16WEK8KAJ9HQZJFQHE,5/23/2023,kmadigan8j@typepad.com,Korrie,Madigan,3 Ridgeway Trail,Nigeria,Sweater,Small,1
01HPYDXT18PDMZ2HWTVHA7Q5DD,12/20/2023,bcrossingham8k@stanford.edu,Britte,Crossingham,22188 Little Fleur Court,Sweden,Jacket,XX-Large,3
01HPYDXT1AKG661G9FBD7JFWBX,12/24/2023,sabbati8l@bbc.co.uk,Sheilakathryn,Abbati,6362 Comanche Alley,France,Tshirt,Medium,1
01HPYDXT1CJNBVJHPKBJH0TZBJ,6/3/2023,rgolsworthy8m@google.cn,Randene,Golsworthy,05 Leroy Street,Argentina,Hoody,Medium,2
01HPYDXT1EH19ZB80M7AAQB3JV,11/1/2023,ddevonish8n@jigsy.com,Dallas,Devonish,43 Forest Run Road,France,Shorts,X-Large,1
01HPYDXT1HZAJ084WTTW8MNKCM,4/10/2023,brosa8o@blog.com,Barth,Rosa,9 Express Point,Brazil,Sweater,XX-Large,1
01HPYDXT1KZEVWS6CMG7NW26DQ,5/30/2023,jselesnick8p@hugedomains.com,Joete,Selesnick,5580 Dexter Center,Sweden,Shorts,Medium,2
01HPYDXT1NKVF5A4D9VN1S38CB,9/16/2023,kevennett8q@bigcartel.com,Kelwin,Evennett,47 Portage Plaza,Canada,Tshirt,Medium,4
01HPYDXT1QQQJ93PNDB2HHC9WM,8/11/2023,edurkin8r@apple.com,Evelin,Durkin,479 Pennsylvania Parkway,France,Gloves,Medium,1
01HPYDXT1SDD6M5WSTCV8Y1TQ8,3/31/2023,fmullaly8s@acquirethisname.com,Frederico,Mullaly,298 East Point,Nigeria,Scarf,Large,1
01HPYDXT1VRTZ730GBWKDY3FK9,1/12/2023,vgraundisson8t@bizjournals.com,Vittoria,Graundisson,9646 Moland Court,Peru,Tshirt,Medium,1
01HPYDXT1XFEYXWD4Q66M6RBTY,9/30/2023,mtigner8u@guardian.co.uk,Mirabelle,Tigner,0 Merrick Place,France,Tshirt,Medium,1
01HPYDXT1ZP0F7HMZS8YB79EQD,4/29/2023,gstower8v@hao123.com,Greg,Stower,540 Rieder Center,Argentina,Jacket,Medium,1
01HPYDXT22ZN62E56VW38N8ERJ,8/8/2023,mlestrange8w@wix.com,Merola,L' Estrange,3984 Golden Leaf Road,Ireland,Scarf,Large,2
01HPYDXT247RCRGS32WTN82NEF,12/6/2023,mmactimpany8x@reference.com,Marylinda,MacTimpany,4238 Hauk Street,Bosnia and Herzegovina,Tshirt,Large,1
01HPYDXT26PKPZWHR58G4FAH9B,11/25/2023,mswatridge8y@cloudflare.com,Mindy,Swatridge,6 Basil Plaza,Spain,Scarf,Medium,2
01HPYDXT284EFSEB0YP0VGX3YF,5/7/2023,lmccrostie8z@bbb.org,Lizbeth,McCrostie,89641 Sunfield Park,Sweden,Shorts,Medium,1
01HPYDXT2AYZG94HG7CXC6DEM7,10/11/2023,lhetterich90@dagondesign.com,Lindsay,Hetterich,26983 Shoshone Point,United States,Hat,XX-Large,1
01HPYDXT2CG3NP6WPPZAJ299DN,12/12/2023,vyanshinov91@ftc.gov,Valerye,Yanshinov,585 Beilfuss Place,Brazil,Gloves,Large,3
01HPYDXT2EZD71TDNG9P0DDSEH,8/15/2023,mlapidus92@1und1.de,Mead,Lapidus,71947 Fisk Parkway,United States,Scarf,Large,3
01HPYDXT2G8BSWSDZ4R0F3VZAF,1/13/2023,gbunce93@google.com.hk,Geri,Bunce,9150 Quincy Plaza,Norway,Tshirt,X-Large,3
01HPYDXT2KAZJ7FEM5WF8BEDTE,4/14/2023,lnewstead94@opera.com,Lyssa,Newstead,87 Kensington Crossing,Nigeria,Hoody,Medium,4
01HPYDXT2NE45EZGHBEPHYH8G2,5/24/2023,wtrevaskus95@storify.com,Willyt,Trevaskus,22 Troy Alley,Bosnia and Herzegovina,Scarf,Medium,2
01HPYDXT2QB2WPD3E0GGYR6H58,12/14/2023,fbowater96@nhs.uk,Filippo,Bowater,3140 Mesta Pass,Argentina,Hoody,Large,2
01HPYDXT2S0EGH8YFWTBBEP86R,6/8/2023,cboutwell97@newsvine.com,Carlyle,Boutwell,6 Amoth Center,Sweden,Tshirt,Small,1
01HPYDXT2VH37YHGMJTNHE68HW,10/15/2023,bmcphelimy98@illinois.edu,Bryanty,McPhelimy,355 Heffernan Circle,Sweden,Scarf,Medium,3
01HPYDXT2XQ91T02G988QWVQEV,7/18/2023,rbennen99@exblog.jp,Raleigh,Bennen,02 Esker Drive,Sweden,Scarf,Medium,2
01HPYDXT2Z8MHM82JNC8MAJ65M,3/6/2023,gnoirel9a@amazonaws.com,Glyn,Noirel,669 Maryland Avenue,United States,Sweater,Medium,3
01HPYDXT312AZ3MKN0EKNB7BD3,6/29/2023,kmolian9b@amazonaws.com,Kelsy,Molian,4 Swallow Lane,Brazil,Shorts,X-Large,3
01HPYDXT33C3PX85HZM6FYMZGF,6/7/2023,limason9c@blogspot.com,Layton,Imason,09273 Toban Terrace,France,Tshirt,Medium,4
01HPYDXT35WD9S1XNEM4XAPZKN,12/16/2023,lpray9d@va.gov,Lyssa,Pray,53 Crest Line Circle,Argentina,Hoody,Small,2
01HPYDXT37KC41HQK954T9EHBP,10/31/2023,jwalklate9e@drupal.org,Jule,Walklate,1911 Birchwood Lane,Norway,Sweater,Small,4
01HPYDXT393SMS3K2GB3KZXCHQ,1/25/2023,lpegram9f@netlog.com,Lindi,Pegram,5749 Summit Parkway,United States,Hat,Large,3
01HPYDXT3C4527RWJSNKGDJE0C,5/4/2023,kwater9g@acquirethisname.com,Karlotte,Water,183 Homewood Point,Nigeria,Shorts,Medium,3
01HPYDXT3EPPXNCSQG0CMVAM5G,5/4/2023,edivers9h@shutterfly.com,Elora,Divers,8607 Lakewood Parkway,Uruguay,Tshirt,Medium,4
01HPYDXT3GE034TD75908FPRVR,8/12/2023,iburker9i@netlog.com,Isa,Burker,598 Hanover Alley,United States,Tshirt,Medium,2
01HPYDXT3JE2XMBB1PEACBYKBD,5/1/2023,sdunklee9j@cpanel.net,Sophronia,Dunklee,21 Farragut Drive,France,Tshirt,Medium,2
01HPYDXT3MV3CD63NYWP3VZGMY,8/22/2023,mbridewell9k@flavors.me,Mannie,Bridewell,88 Petterle Park,Brazil,Shorts,XX-Large,3
01HPYDXT3P9BX66B2VXQ9YFPM0,4/1/2023,clamprecht9l@nytimes.com,Coop,Lamprecht,0 Hooker Center,Sweden,Hoody,XX-Large,4
01HPYDXT3R1ERJC8QWQQW1YH27,1/14/2023,ddarthe9m@opera.com,Deni,Darthe,6 Lighthouse Bay Park,Sweden,Shorts,Large,1
01HPYDXT3T2H7GS5XHSE6ZB4Z1,7/1/2023,sdavidow9n@ovh.net,Sabrina,Davidow,57 Ryan Point,Nigeria,Hat,XX-Large,3
01HPYDXT3WCRH919532QVXDYB3,7/10/2023,jcasebourne9o@de.vu,Judas,Casebourne,2 Marquette Pass,Brazil,Sweater,Medium,3
01HPYDXT3Y4FH529XJ18ZZTADR,8/14/2023,shailston9p@springer.com,Samuel,Hailston,48 Delladonna Avenue,Brazil,Hoody,Large,3
01HPYDXT40WDEPHBY2CC6QGJ01,1/30/2023,hulyat9q@canalblog.com,Harrison,Ulyat,77 Lighthouse Bay Parkway,Brazil,Tshirt,Small,1
01HPYDXT42D1H8KWEGB7XH2FA4,9/8/2023,lnoddings9r@printfriendly.com,Liuka,Noddings,7 Prentice Parkway,Sweden,Tshirt,Medium,1
01HPYDXT44TNKR5PQW3WT8FD1Z,8/8/2023,ndrewes9s@yolasite.com,Nanine,Drewes,912 Havey Alley,Brazil,Gloves,Medium,4
01HPYDXT46Y2A6GYEDZHBQ8PM0,5/20/2023,vscoon9t@edublogs.org,Vilma,Scoon,82296 Schurz Place,Brazil,Shorts,Small,3
01HPYDXT486AXDRF874XZNDK7H,2/11/2023,dbeefon9u@surveymonkey.com,Desiree,Beefon,924 Muir Court,United States,Sweater,X-Large,4
01HPYDXT4ARPPZ7MXYBW4YDXBA,11/1/2023,kdiss9v@patch.com,Kasper,Diss,54 Mosinee Center,Sweden,Gloves,XX-Large,1
01HPYDXT4CY0K1Y57GTHME41NQ,4/16/2023,crushton9w@admin.ch,Cal,Rushton,1 Chive Junction,Sweden,Tshirt,Large,2
01HPYDXT4EK57G0S2560WXS1GB,5/18/2023,mfrankham9x@skype.com,Maisey,Frankham,2739 Mallard Plaza,Argentina,Tshirt,Medium,4
01HPYDXT4G948HS42C6GEYCC15,5/5/2023,askeggs9y@blogspot.com,Annis,Skeggs,827 Jackson Center,United States,Hat,Medium,4
01HPYDXT4JP6YBQC1Z6426KFQA,4/16/2023,emaundrell9z@eventbrite.com,Erhart,Maundrell,4847 Oakridge Terrace,Norway,Gloves,Large,4
01HPYDXT4M6WV4EN0HW2S7DVYX,1/18/2023,mcazaleta0@is.gd,Mathian,Cazalet,982 Elmside Avenue,France,Tshirt,Medium,1
01HPYDXT4P2VMQYKFXV7KKDZDM,2/26/2023,abrownswortha1@macromedia.com,Alexia,Brownsworth,5091 Clemons Lane,Sweden,Shorts,Medium,4
01HPYDXT4R5KWWVKP6GB4WJFPZ,4/21/2023,wbulgera2@msu.edu,Webb,Bulger,08688 Corry Point,Sweden,Tshirt,Medium,4
01HPYDXT4TKQJQ69VJHMFQ06EV,8/16/2023,predsalla3@mail.ru,Petronilla,Redsall,664 Fordem Center,Nigeria,Scarf,Large,2
01HPYDXT4W1QYHWAJ2N3PVDM8D,1/17/2023,svassela4@naver.com,Seline,Vassel,813 Miller Pass,Canada,Hoody,Medium,1
01HPYDXT4YBBSWV5QX5FWEX1BG,8/9/2023,rwatlinga5@issuu.com,Rhea,Watling,9036 Dapin Terrace,Brazil,Tshirt,XX-Large,2
01HPYDXT51ESE8BAH3EK2NATH3,7/21/2023,kkilgallena6@opera.com,Kerwinn,Kilgallen,376 Kropf Court,United States,Tshirt,Large,3
01HPYDXT53B1BZ03ZHKRTHA7ES,9/7/2023,ssondlanda7@prnewswire.com,Selle,Sondland,14 Truax Lane,Peru,Tshirt,X-Large,3
01HPYDXT55S5S3C6E6VWJ4W7D5,4/6/2023,taskhama8@ted.com,Tiffani,Askham,5 Dovetail Trail,Brazil,Tshirt,X-Large,1
01HPYDXT57ZBD1HX9Z414BS5YT,6/9/2023,bsteina9@freewebs.com,Bjorn,Stein,12072 Nova Road,United States,Hoody,X-Large,3
01HPYDXT59GHN9MZ08P5BB26SX,2/8/2023,rviantaa@wired.com,Raquel,Viant,474 Thierer Court,Argentina,Hoody,Medium,2
01HPYDXT5B2Y16XH18TWDM37N6,9/18/2023,mwarrab@earthlink.net,Malia,Warr,23 Melby Center,Brazil,Jacket,Medium,1
01HPYDXT5DW1VM6DC2YZ7M3YRX,2/18/2023,erubensac@themeforest.net,Ermentrude,Rubens,25556 Hoard Parkway,Brazil,Hoody,Medium,2
01HPYDXT5FS8D7ST7XJQ8DHJQC,10/7/2023,cethertonad@mayoclinic.com,Clarence,Etherton,45480 Moose Terrace,Brazil,Jacket,Large,4
01HPYDXT5H3PX1Q4PZ4P571871,12/28/2023,tstovesae@newyorker.com,Traci,Stoves,7818 Montana Junction,United States,Hoody,Large,4
01HPYDXT5KZG0S9S4G48ENDH6Z,3/10/2023,cworthingaf@nasa.gov,Chev,Worthing,29226 Carberry Lane,Brazil,Sweater,Medium,1
01HPYDXT5N7D65C6W7PERG63G9,4/20/2023,aheartyag@naver.com,Atalanta,Hearty,42 Forster Junction,Nigeria,Hoody,Large,3
01HPYDXT5QQ6TWBXB3HFZ1DJ58,12/22/2023,lgrabenah@google.de,Lolita,Graben,884 Vernon Crossing,Bosnia and Herzegovina,Hoody,Medium,1
01HPYDXT5SC7QFVCW1FRPWYGFB,11/11/2023,amintoai@weebly.com,Alphonse,Minto,93 John Wall Hill,Brazil,Hoody,Medium,1
01HPYDXT5TXTS2FEK3VKM09Y34,12/30/2023,mdellcasaaj@tuttocitta.it,Myles,Dell Casa,02 Pennsylvania Alley,Brazil,Tshirt,Large,4
01HPYDXT5W9HYJG23TNGRQDNYF,11/9/2023,akeysak@toplist.cz,Alleen,Keys,46 Maple Wood Street,Sweden,Hat,Medium,4
01HPYDXT5Y34JKFJZRMKV11609,12/9/2023,fmorvilleal@yolasite.com,Fernanda,Morville,02909 Northview Alley,Norway,Scarf,Medium,4
01HPYDXT61G0QT59G1WW027K2A,3/21/2023,ssnellmanam@multiply.com,Stella,Snellman,9824 Clemons Parkway,Sweden,Tshirt,Medium,2
01HPYDXT62THKTHAT9C2MX9YMB,7/3/2023,kshoveltonan@fda.gov,Kare,Shovelton,2 Park Meadow Center,Canada,Scarf,Medium,3
01HPYDXT64Z1N0FTFR3FR3T2C2,12/16/2023,lduerao@4shared.com,Lek,Duer,59 6th Court,Brazil,Scarf,Small,2
01HPYDXT66JC51VPQR60N4F8BY,5/26/2023,gmayberryap@ebay.co.uk,Gareth,Mayberry,16382 International Junction,Sweden,Hoody,XX-Large,4
01HPYDXT68S811RYJK83FC5MD0,6/15/2023,mbonsallaq@a8.net,Mitchael,Bonsall,937 Melvin Lane,Brazil,Tshirt,X-Large,1
01HPYDXT6A6RH2ETP7P49NFRN9,2/2/2023,bjodrellecar@dyndns.org,Brice,Jodrellec,76 Superior Park,Brazil,Hoody,Medium,3
01HPYDXT6C3QX4HXHH4NM63NAJ,11/26/2023,cbirnieas@rediff.com,Carmelia,Birnie,1 Golf Parkway,Nigeria,Jacket,XX-Large,2
01HPYDXT6E5V5TRXYNSHA1598G,12/20/2023,awillowsat@slashdot.org,Angelo,Willows,52 Mandrake Place,Canada,Shorts,Medium,4
01HPYDXT6GBXV5FJXMEMDTNBFH,7/31/2023,mphebeeau@businessinsider.com,Miquela,Phebee,6 3rd Trail,Canada,Shorts,Small,1
01HPYDXT6JGD4R3G3W5HCF0A1B,1/15/2023,ckeiltyav@newsvine.com,Clementius,Keilty,085 Utah Place,Italy,Hoody,XX-Large,1
01HPYDXT6M3XWBNW614901NFEN,9/4/2023,ljacklinaw@addthis.com,Lurline,Jacklin,270 Farwell Point,Sweden,Scarf,Small,3
01HPYDXT6PHEAC4F9JW9607VAV,11/20/2023,fwoanax@dagondesign.com,Fifine,Woan,179 Montana Junction,Brazil,Jacket,Large,3
01HPYDXT6RJM1RZ567C8K1W97B,4/10/2023,ddanburyay@imageshack.us,Dorothee,Danbury,32867 Northwestern Pass,Brazil,Tshirt,Large,1
01HPYDXT6TXGM7PSN1R6C2RA2H,7/1/2023,cthorndycraftaz@fotki.com,Catherine,Thorndycraft,5 Nova Park,France,Scarf,Large,1
01HPYDXT6WR6BYKN44MKQA0PAE,4/20/2023,ghubbocksb0@acquirethisname.com,Grazia,Hubbocks,26 Grim Circle,Argentina,Hoody,Small,2
01HPYDXT6YZ6JJ4E1752GNR7GP,2/3/2023,hwyseb1@sohu.com,Helga,Wyse,231 Anniversary Terrace,Peru,Hoody,Medium,3
01HPYDXT70A1CBV8QC235XB7R3,1/1/2023,mgerrellb2@about.me,Mick,Gerrell,8702 Hovde Crossing,United States,Tshirt,Large,3
01HPYDXT72BJBH2PPVJC5Y90DE,5/29/2023,hbarckb3@acquirethisname.com,Hector,Barck,07 Independence Court,Brazil,Hoody,Medium,1
01HPYDXT74PFZSEHHQR1F6QEW6,2/14/2023,lattleb4@istockphoto.com,Lelia,Attle,98 Vahlen Center,France,Hoody,XX-Large,1
01HPYDXT76A47FFKYNQ73W4H8D,5/16/2023,wscorahb5@gizmodo.com,Wayland,Scorah,7487 Drewry Terrace,United States,Tshirt,Medium,4
01HPYDXT78S81TSZASMV06QN82,5/9/2023,staffleyb6@blinklist.com,Sara,Taffley,1436 Dottie Crossing,Sweden,Hoody,Small,3
01HPYDXT7AEM9WYFJ0M5AYYNDR,11/6/2023,bcalcutb7@wisc.edu,Brina,Calcut,4 Mockingbird Junction,Brazil,Hoody,Large,1
01HPYDXT7CRRKSR6YQXK5ADCY0,12/30/2023,hosmundb8@huffingtonpost.com,Haskell,Osmund,7786 Di Loreto Crossing,Sweden,Hoody,Medium,4
01HPYDXT7E3V5G5Z5AVGN41WYC,10/31/2023,sbarrowcliffeb9@com.com,Swen,Barrowcliffe,85 Maywood Crossing,Sweden,Sweater,Large,1
01HPYDXT7GM3GEFXQHKW941G13,12/28/2023,wcochranba@yale.edu,Weylin,Cochran,0 Red Cloud Pass,France,Tshirt,Small,3
01HPYDXT7JM4353A8HY7F83QPD,1/26/2023,cashmentbb@oakley.com,Christi,Ashment,4895 Forster Road,France,Hoody,Large,3
01HPYDXT7M5745WM6SGSAKW20Y,3/20/2023,kquereebc@wordpress.org,Kaja,Queree,2 Gateway Road,Nigeria,Hoody,Medium,2
01HPYDXT7PGZYCMTN0AGNBDEWM,6/10/2023,cbrigdalebd@aol.com,Carine,Brigdale,64 Washington Point,Sweden,Hoody,Small,1
01HPYDXT7RDQVDFSB0SW3M9DZ4,10/17/2023,cdevinbe@mit.edu,Camellia,Devin,7 Lawn Place,Brazil,Scarf,Large,3
01HPYDXT7TWDMS4H24Q00WZRNA,7/10/2023,mgoomesbf@wordpress.org,Maren,Goomes,717 Anniversary Drive,Ireland,Shorts,Small,4
01HPYDXT7WT96CNEQJFKRQAV67,2/24/2023,cgrattonbg@flavors.me,Carley,Gratton,7023 Farwell Plaza,Canada,Shorts,Large,4
01HPYDXT7Y1PE247YXBYZPVQ4Y,3/11/2023,tcrowthebh@ibm.com,Tobie,Crowthe,67556 Merrick Point,Sweden,Jacket,Large,2
01HPYDXT803NSQKN5S7W771DF8,2/4/2023,ckeattchbi@aboutads.info,Cathrine,Keattch,9798 Oakridge Court,United States,Tshirt,XX-Large,3
01HPYDXT82SX77YTGQ6Y62AWAG,2/21/2023,msteelybj@smugmug.com,Maxine,Steely,8 Lillian Hill,Canada,Tshirt,Medium,1
01HPYDXT84MGW0SXNVEVWBNGJ5,9/13/2023,pmabbettbk@flavors.me,Pauli,Mabbett,7 Blackbird Point,Sweden,Shorts,X-Large,4
01HPYDXT86NG8TJB62CRFDW503,8/3/2023,mbrodestbl@narod.ru,Melania,Brodest,24723 Annamark Point,Argentina,Tshirt,Medium,3
01HPYDXT882DHS5KTY51B7SPZ0,8/14/2023,lamoorebm@purevolume.com,Lyman,Amoore,48685 Holmberg Pass,Bosnia and Herzegovina,Jacket,Medium,3
01HPYDXT8AME58Q5SQNH2EGCPY,1/17/2023,rwilcinskisbn@samsung.com,Romeo,Wilcinskis,4009 Northfield Avenue,Argentina,Shorts,XX-Large,1
01HPYDXT8C8X2AVVT4WJ5GGJM7,4/8/2023,cthomassonbo@mozilla.org,Cecilio,Thomasson,3 Pennsylvania Trail,Brazil,Hat,Large,1
01HPYDXT8EWA31WMY8BSGT4HA2,11/26/2023,pmutlowbp@indiatimes.com,Paul,Mutlow,8310 Lunder Hill,Nigeria,Hoody,Large,2
01HPYDXT8GPAX1X10ADW2CV4X3,9/29/2023,ytawtonbq@house.gov,Yurik,Tawton,850 Mitchell Junction,United States,Tshirt,X-Large,3
01HPYDXT8JDVTJZX2FZW1JBDBZ,5/16/2023,cosherrinbr@ask.com,Cosme,O'Sherrin,05741 Spaight Avenue,Brazil,Hoody,Medium,2
01HPYDXT8M34QCGKYS8CGYSA4M,1/26/2023,eklewerbs@buzzfeed.com,Emmett,Klewer,351 Hansons Place,Brazil,Sweater,Medium,3
01HPYDXT8P1S0W3K6DDAGS71MS,11/13/2023,bvlasyevbt@tripod.com,Booth,Vlasyev,733 School Parkway,Norway,Sweater,Large,2
01HPYDXT8RB0XYHB6QB17RXT9T,5/14/2023,zpllubu@homestead.com,Zed,Pllu,69240 Surrey Place,Brazil,Shorts,Small,4
01HPYDXT8TGET9ZQB715AWSJ13,8/19/2023,mthompsonbv@blinklist.com,Madalena,Thompson,59 Union Street,France,Hat,Small,4
01HPYDXT8W1YMZZ5J54CQEQF35,6/19/2023,cmacquakerbw@plala.or.jp,Candi,MacQuaker,31842 Harper Pass,Sweden,Hoody,Large,2
01HPYDXT8YTSBET4GA5TZX4YWE,9/9/2023,vwortmanbx@sciencedaily.com,Vonni,Wortman,7 Maple Lane,Uruguay,Sweater,Large,4
01HPYDXT9055BA86TSSVSEQVMG,10/30/2023,pprestlandby@joomla.org,Peta,Prestland,93889 Barnett Street,Bosnia and Herzegovina,Shorts,XX-Large,1
01HPYDXT9218YEG1B3BM4048NK,3/4/2023,dsandbachbz@bloglines.com,Debbi,Sandbach,40273 Moland Pass,Nigeria,Scarf,Large,1
01HPYDXT947C8P22MAY5YFXV9E,7/17/2023,htowellc0@cpanel.net,Honor,Towell,81 Butternut Road,Sweden,Tshirt,XX-Large,3
01HPYDXT96ZXXXB11318J9AM5K,2/17/2023,glargentc1@spiegel.de,Gaby,Largent,482 Hintze Avenue,Argentina,Tshirt,Large,3
01HPYDXT98Q0ZBKWZ9Y2SSMDRF,8/21/2023,jcastroc2@infoseek.co.jp,Johny,Castro,4239 Crowley Park,Peru,Tshirt,XX-Large,2
01HPYDXT9APRRMCCCXSBF98BVB,4/12/2023,kwoodhamc3@soundcloud.com,Kikelia,Woodham,86 Manley Center,United States,Scarf,Medium,1
01HPYDXT9CSK6NK85QM9DK267T,8/30/2023,msporesc4@hugedomains.com,Marika,Spores,34 3rd Court,France,Sweater,Medium,2
01HPYDXT9FJQZ874KVEPQSWN95,9/9/2023,lgossagec5@europa.eu,Leeland,Gossage,8 Moulton Drive,Brazil,Hoody,Medium,3
01HPYDXT9JB6MPCNSMR9069B21,11/24/2023,rcadgec6@hostgator.com,Richmound,Cadge,01 Bayside Lane,Brazil,Sweater,Medium,4
01HPYDXT9NEZXDZ9GEW8AHSYHB,11/20/2023,sizzatc7@indiegogo.com,Sutton,Izzat,2 Main Plaza,Spain,Tshirt,Large,4
01HPYDXT9PHQPX1GSAP07ZWRD6,5/14/2023,sghelarduccic8@rediff.com,Spencer,Ghelarducci,1 Sommers Junction,Germany,Sweater,Large,2
01HPYDXT9QEZTTFJ5NWNNPGTMS,10/24/2023,rgaitleyc9@ft.com,Rikki,Gaitley,2630 Hoepker Drive,Canada,Hoody,Medium,2
01HPYDXT9T4KTK41WTF1XWTD8A,9/21/2023,eribyca@about.com,Emmet,Riby,77129 Lindbergh Place,Peru,Scarf,XX-Large,1
01HPYDXT9X0GAYEX5MA54DCBAH,2/28/2023,csummerrellcb@bloomberg.com,Cindra,Summerrell,232 Emmet Trail,Argentina,Shorts,Large,2
01HPYDXTA076461ES4GQPVSD8M,6/22/2023,wrandlescc@timesonline.co.uk,Wylie,Randles,261 Melody Drive,Argentina,Hoody,Medium,1
01HPYDXTA3NBHPVFF4DA0N27B2,8/21/2023,cteodorskicd@flavors.me,Carson,Teodorski,4 Lukken Junction,France,Tshirt,Medium,3
01HPYDXTA52SE9VX9GBGGZH2J1,1/4/2023,mdilnotce@dailymail.co.uk,Marcos,Dilnot,1 Sachs Way,Brazil,Hoody,X-Large,4
01HPYDXTA6KRYTFQ5ZB71NAE26,5/18/2023,dinfantinocf@hc360.com,Dalton,Infantino,1398 Red Cloud Hill,United States,Scarf,XX-Large,2
01HPYDXTA7YZXK6HET0NA95N4V,12/2/2023,kelderidgecg@wordpress.org,Karalynn,Elderidge,95767 Old Gate Hill,Argentina,Hoody,Large,2
01HPYDXTA8JC26MSSX3HEQH993,8/4/2023,jjancarch@cbc.ca,Josi,Jancar,7680 Longview Parkway,Brazil,Hoody,XX-Large,3
01HPYDXTAAG8FS7V9WE0BYH0YX,8/4/2023,bcalderaci@godaddy.com,Brietta,Caldera,1640 Arapahoe Place,Sweden,Hat,Medium,2
01HPYDXTACJ6JTFF7SM65WKDC4,4/26/2023,fyoungscj@pinterest.com,Frasier,Youngs,56 Myrtle Circle,Brazil,Tshirt,Small,4
01HPYDXTAD64MG7R01JR346GD0,9/11/2023,ffrancisck@google.pl,Ferrel,Francis,98 Lotheville Hill,Nigeria,Hoody,Large,3
01HPYDXTAEJK604XPE86PT3KFM,9/7/2023,awimbushcl@ycombinator.com,Amerigo,Wimbush,81765 Maywood Alley,United Kingdom,Hoody,Large,4
01HPYDXTAF5HVHVHCMBCSTTRG5,7/17/2023,itenbrugcm@storify.com,Ivette,Tenbrug,1374 Kingsford Parkway,United States,Tshirt,X-Large,2
01HPYDXTAGVDJKP2VZN13PT2P5,12/26/2023,aconnorscn@google.ca,Adham,Connors,8160 Cherokee Pass,Ireland,Hoody,X-Large,1
01HPYDXTAJ5HEC22FCM02SR6XA,5/26/2023,bdossantosco@mit.edu,Boonie,Dossantos,30781 Ramsey Alley,Norway,Hoody,Medium,3
01HPYDXTAKSP6DCX872VWM1MEJ,4/29/2023,mprayercp@nyu.edu,Marven,Prayer,9032 Reinke Parkway,Peru,Tshirt,Large,2
01HPYDXTAMGWS8BDHH32TCQQJA,6/26/2023,plethieuliercq@cyberchimps.com,Patience,Lethieulier,9 Debs Plaza,Brazil,Scarf,Medium,2
01HPYDXTAPQAGS7D7TKVTA12XQ,10/7/2023,dpiddlecr@paypal.com,Delmor,Piddle,3 Lakewood Plaza,France,Tshirt,Large,2
01HPYDXTAQE5A054XGW84FHD00,3/30/2023,kistedcs@shutterfly.com,Kaylee,Isted,15 Montana Crossing,Peru,Hoody,Medium,1
01HPYDXTAREM4HB3TC4YNVKBR9,4/1/2023,imcgilmartinct@theglobeandmail.com,Iver,McGilmartin,14905 Hoard Terrace,Peru,Sweater,Medium,4
01HPYDXTASG5F4DA5J0RVY42WR,3/27/2023,cgreevescu@phpbb.com,Clark,Greeves,74 8th Alley,Nigeria,Tshirt,Medium,2
01HPYDXTBC1VVSJ5CREN4AZ4CC,9/27/2023,cchallonercv@ifeng.com,Cassaundra,Challoner,50 Declaration Point,France,Shorts,XX-Large,1
01HPYDXTBFK8606M1XEH1C237J,8/20/2023,cbatterhamcw@hud.gov,Carlie,Batterham,604 Scofield Street,Brazil,Sweater,Medium,4
01HPYDXTBJJPKSQ4GSR9W9A7W2,9/15/2023,fpfaffcx@washingtonpost.com,Florette,Pfaff,3 Anthes Street,Sweden,Shorts,X-Large,2
01HPYDXTBNW2D6W9PATMQRSN1W,6/26/2023,emuncercy@dyndns.org,Elset,Muncer,72444 Garrison Road,Sweden,Hat,Medium,1
01HPYDXTBQFTZVW2YG038NDEQ4,3/7/2023,alapthornecz@nydailynews.com,Amata,Lapthorne,42994 New Castle Plaza,United States,Tshirt,Small,2
01HPYDXTBTBYRNV16R9KH8DG9J,6/4/2023,kwankd0@deliciousdays.com,Karoly,Wank,4 Fair Oaks Way,Brazil,Gloves,Large,4
01HPYDXTBWAVSYH7KXGTRPCMQF,3/10/2023,tkrauzed1@guardian.co.uk,Timmie,Krauze,566 Mosinee Place,France,Tshirt,Large,2
01HPYDXTBX927R4DGHE3C3K4NQ,12/6/2023,rpenleyd2@digg.com,Rochette,Penley,62262 Anniversary Place,United States,Sweater,Medium,1
01HPYDXTBZPBDDJ3KK90TAB2E6,9/6/2023,baloshkind3@e-recht24.de,Bendicty,Aloshkin,48 Mayfield Trail,France,Jacket,XX-Large,2
01HPYDXTC06NS4Y1XZ16T4M0NC,12/10/2023,fhazemand4@example.com,Ferguson,Hazeman,3142 Bluejay Plaza,Brazil,Hoody,Medium,4
01HPYDXTC3M0G2K5JKHHD6Y6W3,10/9/2023,mroydend5@cnet.com,Morie,Royden,7258 Comanche Court,Sweden,Shorts,Medium,4
01HPYDXTC4RDH8Q1E4S2SGPWZ0,7/9/2023,tleggittd6@geocities.com,Travus,Leggitt,0445 Coolidge Way,Ireland,Gloves,XX-Large,1
01HPYDXTC7666VQQSSGY8T7QTZ,4/18/2023,gaxtend7@friendfeed.com,Gregor,Axten,331 Fremont Center,Nigeria,Sweater,Small,1
01HPYDXTCATHXD7PQF5Z0HE308,5/28/2023,bbalmannd8@google.pl,Blayne,Balmann,0 Mcbride Way,France,Tshirt,Medium,2
01HPYDXTCBZBSYDYEFMGQFW53R,4/14/2023,sovendend9@uiuc.edu,Sofie,Ovenden,8234 Fieldstone Pass,Sweden,Hoody,Medium,3
01HPYDXTCD5SH4JYHRQWVW1ZZ4,8/22/2023,olodekeda@java.com,Oralee,Lodeke,98068 Oriole Place,Brazil,Tshirt,Large,2
01HPYDXTCFK5QDA9R6V16BAWTM,11/17/2023,dgathererdb@plala.or.jp,Dario,Gatherer,98677 David Circle,Peru,Scarf,X-Large,4
01HPYDXTCHN3DFR4GTXKSZBY35,1/12/2023,sdeinertdc@patch.com,Sherline,Deinert,219 Hermina Avenue,Uruguay,Gloves,Medium,3
01HPYDXTCJERQYYVWP5HHAAKQ8,10/2/2023,ochattelainedd@google.com.hk,Othilia,Chattelaine,86544 Canary Junction,Nigeria,Hoody,Medium,3
01HPYDXTCKSF7XSW0GDZAZH4C4,3/25/2023,hoylettde@g.co,Hugibert,Oylett,27581 Waxwing Center,France,Sweater,Small,4
01HPYDXTCNGQ53EX0P52CD918R,9/25/2023,rlaylanddf@icq.com,Rudy,Layland,3368 Lake View Pass,Brazil,Hoody,Large,2
01HPYDXTCR017FVK6XXHY98M2H,11/16/2023,bshowtedg@behance.net,Barrie,Showte,8187 Sheridan Circle,Brazil,Sweater,X-Large,1
01HPYDXTCSYFTEZGW141PQ5X5G,2/10/2023,dduthiedh@zdnet.com,David,Duthie,0482 Annamark Court,Brazil,Shorts,X-Large,2
01HPYDXTCVPM10DVK3PH5JH5Y6,2/22/2023,hhaledi@boston.com,Heall,Hale,81612 Dorton Trail,Sweden,Sweater,Large,2
01HPYDXTCXH9XZX0XYPP677CET,8/21/2023,ktickeldj@cnet.com,Kit,Tickel,40600 Roth Plaza,Canada,Scarf,Medium,1
01HPYDXTCYV3M7MS1GFAGV371V,5/26/2023,eiggodk@geocities.jp,Elfrida,Iggo,30817 Blaine Road,Peru,Tshirt,X-Large,4
01HPYDXTCZ8A34DDZ9YB1ED1N6,3/8/2023,aradleydl@blogspot.com,Aldo,Radley,760 Jay Court,France,Tshirt,Medium,3
01HPYDXTD0XQZBYBB783PE5AVD,6/17/2023,krollingdm@godaddy.com,Kennith,Rolling,603 Continental Trail,Argentina,Gloves,Large,1
01HPYDXTD2NDDWCETYF9QD8A0Q,4/22/2023,hwaumsleydn@clickbank.net,Hobie,Waumsley,504 Autumn Leaf Drive,Brazil,Tshirt,Medium,4
01HPYDXTD5BYB488NJCBCXNJHD,11/11/2023,kspradedo@blinklist.com,Krishnah,Sprade,082 Mccormick Crossing,Sweden,Hat,Large,3
01HPYDXTD7VJX9828HN9BHCFK2,3/6/2023,fbrockiedp@weebly.com,Fianna,Brockie,28 Northfield Way,Australia,Tshirt,XX-Large,1
01HPYDXTDAGBMYGM9CTZPK5DEG,12/21/2023,abedelldq@umich.edu,Aili,Bedell,90788 Blue Bill Park Court,Brazil,Tshirt,X-Large,2
01HPYDXTDD4WAAZ1G9K1YTFX78,2/1/2023,kbeiderbeckedr@reference.com,Kenn,Beiderbecke,2867 8th Terrace,Brazil,Sweater,Medium,1
01HPYDXTDGDHKDB8Z6C1XT16E7,4/9/2023,epietrusiakds@va.gov,Emmeline,Pietrusiak,87 Kropf Point,Uganda,Shorts,Medium,4
01HPYDXTDKEGHM59DF5VGFT3SZ,6/18/2023,isloweydt@cargocollective.com,Issi,Slowey,31929 Golf Course Center,Sweden,Sweater,X-Large,3
01HPYDXTDP8V7GJR6CAMM4EJ6S,3/12/2023,ibraneydu@dagondesign.com,Isadora,Braney,64 Oneill Park,Brazil,Tshirt,Medium,1
01HPYDXTDS5NMA7FMPMZ3NW16S,4/29/2023,wroncidv@facebook.com,Wilbur,Ronci,9932 Hallows Trail,Brazil,Hoody,Medium,1
01HPYDXTDV7PYMM2X6RHQYTQHA,5/9/2023,mfostersmithdw@sakura.ne.jp,Mellisent,Foster-Smith,11768 Vidon Court,Sweden,Tshirt,Large,4
01HPYDXTDXKF6EJY2RY6C49TT3,5/29/2023,tsloegravedx@so-net.ne.jp,Timothy,Sloegrave,70 Nobel Park,United States,Tshirt,Medium,4
01HPYDXTE08S77YJCA95RYVEYW,7/23/2023,sbollinidy@webs.com,Shelli,Bollini,3770 Milwaukee Lane,Nigeria,Tshirt,Large,4
01HPYDXTE3RPNYQM1M9A4DHHZQ,9/2/2023,holifauntdz@privacy.gov.au,Hinda,Olifaunt,4 Gulseth Plaza,United States,Scarf,Medium,2
01HPYDXTE50AT7CX4KWM3XFX33,7/4/2023,dshapiroe0@illinois.edu,Dorothee,Shapiro,64107 Daystar Trail,Argentina,Shorts,Large,3
01HPYDXTE8TG8KQ3CVRJ00RSJK,10/17/2023,zquaifee1@shareasale.com,Zerk,Quaife,10 Redwing Drive,United Kingdom,Jacket,Medium,3
01HPYDXTE9VBWRAZN6CVJ9DWWR,10/25/2023,xpericoe2@soundcloud.com,Xenia,Perico,1 Green Junction,Sweden,Tshirt,XX-Large,1
01HPYDXTECR4GFHW2Q84JS4CNZ,7/17/2023,knelese3@buzzfeed.com,Kelley,Neles,06 Gina Circle,Peru,Hoody,Medium,1
01HPYDXTEEJF3EXBG67TDNY068,9/26/2023,tkelloge4@si.edu,Tait,Kellog,31392 Killdeer Court,Brazil,Hoody,Large,3
01HPYDXTEH2N1BFHPMPX0DJYBF,9/5/2023,mshipleye5@1und1.de,Madelina,Shipley,348 Dixon Circle,Argentina,Hoody,Medium,4
01HPYDXTEMNHHTQBETEVYGX94N,12/23/2023,cwardlawe6@google.ca,Catha,Wardlaw,1775 Eastwood Parkway,United States,Tshirt,Large,4
01HPYDXTEPR9KZWC40D8FBBCGN,9/24/2023,cferneye7@wisc.edu,Callie,Ferney,36 Fremont Pass,Sweden,Tshirt,Large,3
01HPYDXTET2ZJ4DGX0HESPAFHM,9/20/2023,jwillsheare8@prweb.com,Jessa,Willshear,22617 Dixon Plaza,Sweden,Shorts,Medium,2
01HPYDXTEX416T1KD491BV0M34,10/6/2023,zgallahere9@booking.com,Zsazsa,Gallaher,78 Loomis Center,Spain,Tshirt,Small,1
01HPYDXTF06QT4T8TW3VX8ZFEN,5/1/2023,kionescoea@usgs.gov,Kaspar,Ionesco,76979 Vermont Pass,Sweden,Tshirt,Small,1
01HPYDXTF3XEAS4ZC5FZ86ADDH,1/11/2023,sforsdickeeb@stanford.edu,Shaylyn,Forsdicke,90 Dunning Park,United States,Tshirt,X-Large,4
01HPYDXTF6QZWW8V97EHZBY6GF,8/31/2023,kairtonec@ehow.com,Karoline,Airton,87 Dorton Court,France,Tshirt,Large,2
01HPYDXTFA65A0KPWC23XJV63Y,4/20/2023,csheraed@linkedin.com,Carolin,Shera,133 Bartillon Alley,Brazil,Tshirt,Large,4
01HPYDXTFD7CN2FGAC3W3JCYQD,2/4/2023,nbossomee@ftc.gov,Noelani,Bossom,6 Marquette Way,Brazil,Scarf,Medium,4
01HPYDXTFGXG4WGKANGD399GEX,1/6/2023,bwessonef@cornell.edu,Brew,Wesson,82 Fisk Avenue,Argentina,Tshirt,X-Large,2
01HPYDXTFKGWJF0M2WN676DBNB,1/20/2023,yvasilieveg@jigsy.com,Yovonnda,Vasiliev,7513 Schiller Drive,United States,Tshirt,Large,4
01HPYDXTFPBGD67QZ7RQVPDPCZ,4/17/2023,ubottomseh@weibo.com,Ulysses,Bottoms,6845 Lake View Crossing,Canada,Tshirt,Large,1
01HPYDXTFSQQ439K0Z04Q8NCME,6/30/2023,sissacofei@furl.net,Shirley,Issacof,0 Jay Parkway,United States,Scarf,Small,3
01HPYDXTFWGEA6QGTEYTWBPTVY,11/14/2023,teagleej@merriam-webster.com,Theresina,Eagle,9 Bunting Trail,Germany,Hoody,Medium,2
01HPYDXTFZE75H9P44AMV2DC4E,6/28/2023,sfrediek@smugmug.com,Seline,Fredi,394 Nelson Crossing,Argentina,Tshirt,Large,4
01HPYDXTG2WPK60SZN2XDWPVG5,8/21/2023,ddonaghyel@fema.gov,Darin,Donaghy,90646 Shoshone Place,Nigeria,Scarf,X-Large,4
01HPYDXTG5XHW2NQ8W3NYCZ15K,4/16/2023,lanfonsiem@dedecms.com,Lenna,Anfonsi,8999 Carioca Drive,United States,Scarf,Medium,1
01HPYDXTG916XY9NMHK1SJ8SFA,8/19/2023,ddowningen@latimes.com,Donn,Downing,6 Waxwing Court,Brazil,Tshirt,Large,3
01HPYDXTGBZN3ADK2ZQ4ZXSVRZ,5/30/2023,ealfonzoeo@surveymonkey.com,Eric,Alfonzo,191 Linden Road,Argentina,Hoody,Medium,1
01HPYDXTGDWHXBJDQVSFYEZFJ9,2/9/2023,kcranefieldep@tripadvisor.com,Klaus,Cranefield,7 Hoepker Terrace,Sweden,Jacket,Medium,4
01HPYDXTGGXXFX52EMVGZW7VS4,12/2/2023,hchopyeq@arizona.edu,Hammad,Chopy,1340 Elka Plaza,Brazil,Sweater,Medium,1
01HPYDXTGJ4KXNZPC2X65KHJDC,12/25/2023,nattriler@twitter.com,Natalie,Attril,036 Amoth Street,France,Tshirt,Medium,2
01HPYDXTGM265NK6CPFWT2NAY2,7/20/2023,klarkbyes@gizmodo.com,Katrinka,Larkby,44523 Susan Pass,United States,Hat,XX-Large,2
01HPYDXTGQ7KWDSXYF3MDWXY92,11/5/2023,kholtet@eventbrite.com,Koenraad,Holt,24 8th Way,France,Tshirt,XX-Large,2
01HPYDXTGSEVH0PFNR6GMQHBEW,11/8/2023,igrimsditheu@gravatar.com,Idette,Grimsdith,363 Killdeer Road,Sweden,Sweater,XX-Large,3
01HPYDXTGWARNV1F1DWFTRNE10,7/22/2023,lharsnipeev@freewebs.com,Lonnie,Harsnipe,37 6th Junction,Sweden,Hat,XX-Large,1
01HPYDXTGZ9PNWNCW2KZGC7YQZ,4/29/2023,mwealthallew@meetup.com,Micky,Wealthall,86 Eagan Trail,Canada,Hoody,Small,4
01HPYDXTH2XR39EJ1CQ8YEKVWG,12/9/2023,nbroadex@washingtonpost.com,Norrie,Broad,9459 Graceland Hill,Brazil,Hoody,Medium,4
01HPYDXTH4T0MS3D5YT19QFP1M,6/7/2023,rmillomey@wikipedia.org,Rozina,Millom,101 Johnson Circle,Sweden,Tshirt,Small,4
01HPYDXTH75WWR0P2123E5M76G,3/28/2023,mmattschasez@umn.edu,Marrissa,Mattschas,679 Westport Hill,Sweden,Tshirt,Medium,4
01HPYDXTHAZWQPC90X6P1AP6WY,2/7/2023,rfilipowiczf0@mozilla.org,Renard,Filipowicz,165 Clyde Gallagher Pass,France,Hat,Medium,2
01HPYDXTHD53DPF1J3HP8PVJGT,4/12/2023,dvanyukhinf1@ning.com,Devin,Vanyukhin,026 Ryan Alley,Brazil,Hoody,Large,2
01HPYDXTHFGFSP2DTBQ2GWGFGV,5/22/2023,cpeagramf2@mac.com,Consuelo,Peagram,00 Mallory Circle,Sweden,Hoody,X-Large,1
01HPYDXTHJBRAG78V3QN1V2660,2/5/2023,gffrenchf3@umich.edu,Gui,Ffrench,538 Debs Parkway,France,Hoody,Medium,3
01HPYDXTHM6DSH72RK74J2JTBJ,9/6/2023,nmesiasf4@linkedin.com,Northrup,Mesias,700 Texas Junction,Australia,Tshirt,XX-Large,4
01HPYDXTHQZW2616EXXX10YM9T,8/4/2023,mkitterf5@sogou.com,Maurise,Kitter,64 Almo Point,Brazil,Tshirt,Large,3
01HPYDXTHTJS1SDJQFHA7BJH4V,6/3/2023,dleyfieldf6@seattletimes.com,Dorey,Leyfield,6 Donald Place,Brazil,Tshirt,Large,1
01HPYDXTHXKEX53KKHJ66SDAJ6,11/4/2023,gmccartanf7@over-blog.com,Guilbert,McCartan,10901 Golf Plaza,Canada,Hoody,Medium,1
01HPYDXTHZWP9BW3V46QP4PCMJ,6/19/2023,kwhiffenf8@uol.com.br,Kevyn,Whiffen,72877 Dorton Junction,Argentina,Hoody,Large,4
01HPYDXTJ1EZACRY9BAHWXR1V7,5/21/2023,mdeathf9@symantec.com,Mallory,D'eath,6 Emmet Road,Peru,Tshirt,Medium,3
01HPYDXTJ21SGFTK3VTQS7VVFV,4/19/2023,flibbefa@soup.io,Francine,Libbe,63249 Manitowish Hill,Sweden,Hoody,Large,3
01HPYDXTJ3PPPJZKRA01CE00KD,2/19/2023,jhaffnerfb@e-recht24.de,Jennilee,Haffner,5 Colorado Terrace,France,Hoody,Medium,2
01HPYDXTJ55TXERSAGGABD0MM0,10/18/2023,acleevesfc@marketwatch.com,Adora,Cleeves,360 Ludington Plaza,France,Tshirt,X-Large,2
01HPYDXTJ62DVRMT6J6XA37QBS,1/25/2023,rmowatfd@addthis.com,Rollin,Mowat,93 Gina Trail,Brazil,Tshirt,Large,4
01HPYDXTJ76REXKNERJ2JPX80C,8/24/2023,pducarnefe@tinypic.com,Pat,Ducarne,3565 Johnson Terrace,Spain,Hoody,Large,2
01HPYDXTJ95DS47VD708MSN0XR,11/27/2023,ttrahearff@nbcnews.com,Thorstein,Trahear,61222 David Avenue,Brazil,Tshirt,Medium,4
01HPYDXTJAF5VMDHJACBFW7MZX,4/10/2023,aconklingfg@vk.com,Abeu,Conkling,5 New Castle Park,Norway,Gloves,X-Large,4
01HPYDXTJBXAJDED56DMJZMHM1,9/2/2023,lgallonefh@opensource.org,Lexie,Gallone,57398 Buena Vista Way,Sweden,Hoody,Large,1
01HPYDXTJCTQRBJE262SR72Q69,8/24/2023,cspelmanfi@patch.com,Celinda,Spelman,76 Lien Hill,Sweden,Gloves,Medium,3
01HPYDXTJEAW7G6QTCYKG7WHJ3,11/27/2023,spolliefj@mozilla.com,Shandy,Pollie,2 Crest Line Court,Chile,Tshirt,XX-Large,1
01HPYDXTJFXKMK2MP8NKVHE7W6,4/21/2023,jairesfk@gov.uk,Janaya,Aires,7231 Hagan Place,Sweden,Tshirt,Large,4
01HPYDXTJGSQC0A8RJTVBJFY40,2/21/2023,dcaddellfl@weather.com,Doro,Caddell,76535 Tony Street,Argentina,Shorts,Large,2
01HPYDXTJHKHPPJPXRK169H1QW,5/9/2023,gloudianefm@buzzfeed.com,Galven,Loudiane,706 Glendale Avenue,Peru,Tshirt,Large,2
01HPYDXTJJSR2B9Y833VGETH3P,10/7/2023,flettfn@admin.ch,Fidel,Lett,220 Bartillon Street,France,Hoody,X-Large,4
01HPYDXTJKRHVM1S180M9JWVZF,10/19/2023,ddodworthfo@blogtalkradio.com,Damon,Dodworth,22421 Farmco Place,Brazil,Hoody,XX-Large,1
01HPYDXTJNHRMEX2Z368E6AYCQ,11/29/2023,civiefp@mtv.com,Cullen,Ivie,37 Mccormick Road,Brazil,Gloves,XX-Large,2
01HPYDXTJQ2W2NJJ078VT99K46,8/5/2023,bdemezafq@techcrunch.com,Bobbye,Demeza,166 Maywood Street,Germany,Tshirt,X-Large,2
01HPYDXTJRHGDQ6SFBXF1K7XKK,12/3/2023,sfirpofr@house.gov,Sharon,Firpo,55103 Del Mar Lane,France,Sweater,Medium,2
01HPYDXTJTN46Z4Y1F4YX0G0Z4,4/5/2023,abiskupfs@ustream.tv,Alyss,Biskup,946 Novick Point,Brazil,Hat,Small,4
01HPYDXTJVMCE628AM47VAHRE2,12/15/2023,tjosuweitft@smh.com.au,Torrin,Josuweit,38 Kennedy Terrace,Spain,Scarf,Large,4
01HPYDXTJW4K4VKFT7JAWTTZXH,3/28/2023,rkiftfu@mozilla.com,Ruddy,Kift,1570 Killdeer Parkway,Sweden,Shorts,Medium,3
01HPYDXTJXZQ3CGY3R70ST8M4D,11/14/2023,akleynfv@forbes.com,Angelo,Kleyn,3316 Bayside Junction,Chile,Hat,X-Large,3
01HPYDXTJYPYX2M30RW6DNA3TE,7/29/2023,naronofffw@imageshack.us,Nell,Aronoff,30782 Marcy Place,Brazil,Tshirt,X-Large,3
01HPYDXTK0VYTK788P7402CMP7,10/14/2023,jwhistlecraftfx@google.it,Joell,Whistlecraft,09937 Main Alley,France,Tshirt,Medium,3
01HPYDXTK13MMPY4AB97BRMQHA,7/25/2023,zbrewardfy@dailymotion.com,Zola,Breward,65 Northridge Drive,Brazil,Tshirt,Medium,3
01HPYDXTK2T5CFZK6MF4AE59JB,4/28/2023,gscortonfz@stumbleupon.com,Gib,Scorton,69 Nelson Alley,France,Scarf,Small,4
01HPYDXTK4XGN4Q5PYP5ZXY1NE,10/2/2023,wpetrushkevichg0@mapy.cz,Wright,Petrushkevich,5739 Melby Place,France,Hoody,Large,3
01HPYDXTK5W0EQVTFPRMHGK1QS,1/22/2023,escotchmoorg1@xinhuanet.com,Eloise,Scotchmoor,97 Crescent Oaks Street,Sweden,Tshirt,Medium,3
01HPYDXTK64KJR4PXPC28Q61NB,12/23/2023,nneeshamg2@nytimes.com,Nannie,Neesham,593 Carioca Trail,Chile,Shorts,Medium,3
01HPYDXTK8KQZ5A5X2BSW0Q3WQ,1/12/2023,dpiserg3@noaa.gov,Demott,Piser,6463 Waxwing Avenue,France,Jacket,Medium,1
01HPYDXTK9KYSNXAZ08FY6V2QP,6/22/2023,dquennellg4@amazon.co.jp,Darin,Quennell,2 Sugar Lane,Uruguay,Tshirt,X-Large,4
01HPYDXTKBRNKRRKSMH54V4Z5Q,7/21/2023,tbernardetg5@chron.com,Tate,Bernardet,939 Porter Road,Brazil,Hoody,Medium,4
01HPYDXTKERPET5P5BFK68ZRT3,7/4/2023,sleddieg6@who.int,Sherri,Leddie,55 Scoville Junction,Brazil,Tshirt,XX-Large,2
01HPYDXTKFDJ3YW1CZ5WZ7RYS0,10/20/2023,avarneg7@unicef.org,Abbe,Varne,2101 Norway Maple Terrace,Brazil,Hoody,Medium,2
01HPYDXTKGCZTZQVYQEEQXSHNZ,4/16/2023,chaweg8@prweb.com,Corbett,Hawe,7 Weeping Birch Plaza,Norway,Hoody,Large,4
01HPYDXTKHAWVV4BQJ6MJ9R0WC,4/5/2023,dskellingtong9@topsy.com,Domenico,Skellington,62 Morrow Drive,Nigeria,Shorts,Large,1
01HPYDXTKKSB5JTA5F0RREYHAE,2/27/2023,wcanarioga@php.net,Wren,Canario,460 Steensland Drive,France,Tshirt,X-Large,3
01HPYDXTKMYEYE5PZY6VPPP3N3,11/15/2023,dcollmangb@addthis.com,Dacie,Collman,7593 Springs Junction,Brazil,Tshirt,Medium,1
01HPYDXTKNJ1GGCTX88QA2TKHR,10/10/2023,eochterlonygc@livejournal.com,Elspeth,Ochterlony,453 Erie Drive,United States,Tshirt,Medium,4
01HPYDXTKQS1SFE6ETPB8EB5ZQ,9/4/2023,rdrewellgd@dell.com,Roger,Drewell,5232 Thackeray Pass,Spain,Hat,Small,2
01HPYDXTKR23A8R8EWSPWQW88Q,12/25/2023,mharmsge@icq.com,Malchy,Harms,69 Lillian Hill,Switzerland,Tshirt,Large,1
01HPYDXTKV6CXZ85MRK2301VAY,4/5/2023,eorrahgf@wp.com,Easter,Orrah,676 Oak Pass,Peru,Shorts,Medium,2
01HPYDXTKYH3G52MXTRNTKV38D,2/10/2023,ebroadberrygg@sakura.ne.jp,Emelita,Broadberry,9 Waxwing Crossing,Canada,Hoody,Large,1
01HPYDXTM1AMMF5VAXM8KDZ0V2,10/11/2023,ssecombegh@umn.edu,Samantha,Secombe,8254 Fulton Crossing,Bosnia and Herzegovina,Shorts,XX-Large,4
01HPYDXTM4RBS099VES81GSQ79,7/28/2023,afairesgi@behance.net,Aldin,Faires,522 Manley Crossing,Peru,Gloves,Large,4
01HPYDXTM7ZKPT5X5QZ6FAV3CM,11/14/2023,cnorwoodgj@bigcartel.com,Celestina,Norwood,12706 Sugar Circle,France,Hoody,Large,3
01HPYDXTM99EKBTDFJP9ZQTFBD,7/29/2023,hhadwickgk@ebay.co.uk,Hedvig,Hadwick,98724 Twin Pines Pass,Chile,Hoody,X-Large,4
01HPYDXTMCTEJ2AS3RJ1GH9W9Q,6/9/2023,vkiffingl@geocities.com,Valida,Kiffin,9 Hermina Plaza,France,Tshirt,Medium,4
01HPYDXTMF6NY9A6ADV1E5F519,6/9/2023,gvaughngm@wunderground.com,Genny,Vaughn,73 Kedzie Plaza,Sweden,Shorts,Medium,4
01HPYDXTMJJ08QBG6GA9AQ9FHV,1/23/2023,pgillivergn@over-blog.com,Padriac,Gilliver,3 Springs Pass,France,Hoody,XX-Large,2
01HPYDXTMNG35ZA8QYMR5WW3DZ,5/30/2023,ahaslamgo@ehow.com,Alix,Haslam,482 Meadow Ridge Junction,Argentina,Hoody,Medium,4
01HPYDXTMR8CPCPH1P10R1G9EX,2/9/2023,bbearwardgp@bizjournals.com,Beverie,Bearward,6795 Hazelcrest Hill,Brazil,Gloves,Medium,4
01HPYDXTMSNXARDCSXAZM7KS7D,4/28/2023,jschlaghgq@pagesperso-orange.fr,Jennee,Schlagh,5241 Gina Terrace,France,Shorts,XX-Large,4
01HPYDXTMTXWZ89E5T4W4GT7R2,7/19/2023,mbulbrookgr@wp.com,Mona,Bulbrook,2795 Ridge Oak Crossing,France,Tshirt,X-Large,3
01HPYDXTMVPSGYQAF5KMBZ9CVQ,3/30/2023,cderbyshiregs@mit.edu,Chantal,Derbyshire,222 Ohio Terrace,Sweden,Tshirt,Medium,2
01HPYDXTMXRGVN1KT51Y99EDVS,5/3/2023,gwenngt@usnews.com,Garnette,Wenn,3 School Pass,Canada,Tshirt,Medium,2
01HPYDXTMYCQ1X80CF063NDX36,12/8/2023,reliasengu@epa.gov,Rowan,Eliasen,20289 Sutherland Avenue,United States,Tshirt,Medium,3
01HPYDXTN0GCQWJA0RB40B3E89,4/24/2023,ebettenaygv@skyrock.com,Emory,Bettenay,0730 Crownhardt Alley,Brazil,Tshirt,X-Large,3
01HPYDXTN2VGEFAKWPQMCDP4JJ,12/6/2023,jheardgw@apache.org,Jayson,Heard,6148 Haas Plaza,Brazil,Scarf,Medium,4
01HPYDXTN3R5TWSH4M7YJRMEMG,8/6/2023,smcelweegx@hp.com,Suzy,McElwee,4 Thierer Hill,France,Shorts,Large,3
01HPYDXTN5ZHHK8EBC7RC8YG48,9/24/2023,drosenstockgy@google.nl,Didi,Rosenstock,5134 Merchant Avenue,Brazil,Gloves,Small,2
01HPYDXTN6H3BYHSEQTWNK2FCP,7/15/2023,bpipworthgz@youtu.be,Barbabas,Pipworth,295 Valley Edge Park,France,Tshirt,Large,1
01HPYDXTN7NXSMV6KB4D9WQN8E,8/3/2023,jboarerh0@acquirethisname.com,Jase,Boarer,33 Lawn Alley,Germany,Sweater,Medium,4
01HPYDXTN9CAA2AJZ2CTRAXSF0,7/2/2023,hdavidovicsh1@msu.edu,Had,Davidovics,56 Independence Park,Peru,Tshirt,Medium,2
01HPYDXTNBZECR7T4T3ZPK0BBA,12/21/2023,mstith2@sogou.com,Monique,Stit,1984 Old Shore Pass,Bosnia and Herzegovina,Tshirt,Large,4
01HPYDXTNCDF8HYZTPQ47EKQPD,5/14/2023,bhubbuckeh3@ning.com,Bianka,Hubbucke,55066 Mcbride Court,France,Tshirt,Large,1
01HPYDXTND9H2BPKD7YMFYHQA2,12/1/2023,smckellenh4@noaa.gov,Susanetta,McKellen,344 Loomis Drive,Brazil,Tshirt,Small,1
01HPYDXTNFP4YTYYYH28ARD38Y,7/21/2023,amazilliush5@t-online.de,Allen,Mazillius,81 Anniversary Circle,France,Hoody,Medium,1
01HPYDXTNGZ77RGHYV6A99PZ5F,8/31/2023,cgorthyh6@e-recht24.de,Caressa,Gorthy,1715 Declaration Hill,France,Jacket,XX-Large,3
01HPYDXTNJ7R5QTZF4T372MB42,11/24/2023,lmaudsleyh7@dailymotion.com,Liana,Maudsley,797 Grayhawk Junction,Sweden,Hoody,Medium,4
01HPYDXTNK1HT6Q1H5HDMQFJ8M,8/8/2023,gkryszkah8@bigcartel.com,Gabbi,Kryszka,143 Hooker Plaza,Peru,Tshirt,X-Large,4
01HPYDXTNNQN53DS3W394SN585,3/8/2023,slowdianeh9@springer.com,Stavro,Lowdiane,0870 Spohn Avenue,Argentina,Hoody,Large,4
01HPYDXTNP9ZJQYY0QNRG6JJGJ,6/21/2023,gmccroftha@topsy.com,Gertruda,McCroft,83264 Trailsway Junction,Sweden,Tshirt,X-Large,4
01HPYDXTNRF72HRMKNCC14XMJ2,1/29/2023,kgilbankshb@deliciousdays.com,Keelby,Gilbanks,2599 Park Meadow Parkway,France,Tshirt,Large,1
01HPYDXTNV7BZ2QGZVVFX5AEJN,4/9/2023,rtrethowanhc@ow.ly,Reggy,Trethowan,5518 Towne Drive,Brazil,Tshirt,Medium,4
01HPYDXTNW4RMWGX4WKK81C1QP,4/25/2023,rfedoronkohd@ning.com,Rochelle,Fedoronko,81 Namekagon Center,France,Tshirt,Large,1
01HPYDXTNZ2B3NE258BB3FH8JM,6/13/2023,ggodinghe@army.mil,Gustavus,Goding,1 Brown Lane,Brazil,Tshirt,Large,1
01HPYDXTP1NQXHTKDRJQVH4K1B,7/22/2023,jhulkeshf@gizmodo.com,Jefferey,Hulkes,01 Anhalt Terrace,France,Hat,Medium,4
01HPYDXTP40YZNKFNS1AZ53HT2,1/11/2023,abownesshg@ucsd.edu,Arley,Bowness,7 Nancy Junction,Argentina,Scarf,Large,2
01HPYDXTP5F0ZCKKXFSZHZ50XX,7/26/2023,ahamprechthh@cbc.ca,Ayn,Hamprecht,19554 Fairfield Avenue,Norway,Hoody,Medium,4
01HPYDXTP6JD4WBYF1C5XVRC83,9/8/2023,mmalpashi@apple.com,Mercie,Malpas,64 Commercial Place,Brazil,Hoody,Medium,1
01HPYDXTP7Q3NZE701R9AKPE21,6/12/2023,stuttlehj@google.co.uk,Shina,Tuttle,3833 Pawling Circle,Brazil,Tshirt,Medium,1
01HPYDXTP91CBCRSB60A0CJQT7,10/23/2023,gmctrustriehk@biblegateway.com,Grover,McTrustrie,198 Graceland Park,Uganda,Shorts,Large,1
01HPYDXTPBYKHRH09BDS7ST7R9,5/19/2023,drancehl@fda.gov,Demetrius,Rance,8765 Arizona Lane,Sweden,Tshirt,Medium,2
01HPYDXTPCGQS3G27QVRJQK89P,4/19/2023,fweedenburghm@themeforest.net,Ferris,Weedenburg,88 Glendale Center,Brazil,Tshirt,XX-Large,3
01HPYDXTPEC7NRPXK3XVE4A0P1,12/3/2023,tacoryhn@spiegel.de,Trefor,Acory,16328 Sugar Hill,France,Scarf,Medium,2
01HPYDXTPHS57Q9089Q4MKG7G3,11/10/2023,kgovinlockho@narod.ru,Kelly,Govinlock,5 Utah Court,Sweden,Shorts,Medium,1
01HPYDXTPKQH50R5PHETFGAMK8,9/12/2023,mhubnerhp@devhub.com,Maurie,Hubner,48 Everett Avenue,United States,Tshirt,Medium,3
01HPYDXTPPPA9R4FP9J7N4NBDN,1/15/2023,gbeerehq@archive.org,Glynnis,Beere,9877 Nevada Place,Argentina,Hoody,Large,4
01HPYDXTPS61535CKKY6XQF11P,2/27/2023,ttidburyhr@fastcompany.com,Todd,Tidbury,60461 Steensland Place,United States,Hoody,X-Large,1
01HPYDXTPTBHNQ2RN6P0NE11F8,10/13/2023,noosthoutdevreehs@dropbox.com,Nikolaus,Oosthout de Vree,54320 Meadow Ridge Place,France,Tshirt,Large,3
01HPYDXTPVN1KZ130KD39FRXAN,4/13/2023,olewsamht@forbes.com,Olivier,Lewsam,29 Schmedeman Terrace,Germany,Hoody,XX-Large,4
01HPYDXTPXRNKE0F8CVQ839FRK,2/24/2023,rscarlonhu@imageshack.us,Reilly,Scarlon,69796 Meadow Valley Junction,Brazil,Shorts,Small,2
01HPYDXTPZRMVGV24F5EHJP5BJ,1/27/2023,lrobbenhv@apache.org,Lincoln,Robben,370 Fairfield Trail,Sweden,Hoody,Medium,4
01HPYDXTQ0K5PXD5EVR45K580H,6/6/2023,cpennaccihw@163.com,Chris,Pennacci,218 Hallows Circle,Sweden,Hat,XX-Large,4
01HPYDXTQ1B17GBE0VDBX74D1K,9/4/2023,ematuszakhx@vistaprint.com,Ettie,Matuszak,526 Magdeline Park,Sweden,Gloves,Large,2
01HPYDXTQ2TEZGKP3ME43J0GQ0,10/21/2023,cdeeslyhy@mlb.com,Corrie,Deesly,6 Harper Pass,Canada,Hoody,Small,3
01HPYDXTQ41DSWP7MZAEBP6A1G,11/18/2023,dmccarliehz@canalblog.com,Duffy,McCarlie,66198 Rigney Street,Brazil,Scarf,Medium,2
01HPYDXTQ644AVJDFDDCZS6M2X,4/16/2023,knisoti0@tripadvisor.com,Kassey,Nisot,4 South Way,France,Gloves,Medium,1
01HPYDXTQ8QT9CE8TRR7W0M6QB,11/10/2023,jaubryi1@flickr.com,Jory,Aubry,48309 Annamark Crossing,Uganda,Sweater,Medium,3
01HPYDXTQATKF5WTJS6MNVP7JS,3/23/2023,hdeathi2@diigo.com,Harlin,De Ath,55 Merry Court,Sweden,Tshirt,XX-Large,3
01HPYDXTQB7KXBVYRQXBNT59Y5,5/14/2023,amayersi3@list-manage.com,Aubrey,Mayers,73354 Commercial Court,Sweden,Sweater,X-Large,2
01HPYDXTQD5KTMR45J694V0SZS,7/23/2023,jskirvini4@earthlink.net,Jacinta,Skirvin,000 Golf View Trail,United States,Hoody,Small,1
01HPYDXTQFCKAF0HHXECN70PZ6,11/12/2023,mwooderi5@geocities.jp,Marley,Wooder,03473 Derek Avenue,Argentina,Scarf,XX-Large,1
01HPYDXTQGQ0W21N6203K9FCSW,8/21/2023,cgleavesi6@jimdo.com,Corilla,Gleaves,02 Jana Lane,Brazil,Tshirt,Large,4
01HPYDXTQHX51QFDFC0SMH57VC,4/8/2023,kmccanei7@cam.ac.uk,Katrine,McCane,73 Reinke Junction,Canada,Hat,XX-Large,3
01HPYDXTQJ8RHTJ5E8DP01S6QB,5/5/2023,bcasletti8@hexun.com,Bibbie,Caslett,459 Calypso Street,Spain,Sweater,Large,2
01HPYDXTQKPPSRDAM12SY37JT7,10/14/2023,qgirardettii9@google.pl,Quinn,Girardetti,3 Goodland Lane,France,Hat,Medium,3
01HPYDXTQMZ8BJRG0RFC1GNN4T,6/3/2023,slapthornia@unesco.org,Sunshine,Lapthorn,75 Starling Road,Spain,Tshirt,Medium,1
01HPYDXTQP6WNNZ3P7DSKWJXP8,9/25/2023,emclernonib@delicious.com,Evey,McLernon,0 Westridge Court,France,Gloves,Large,4
01HPYDXTQSZNCYQX6PPEQ8XD61,6/10/2023,tsconesic@ehow.com,Tate,Scones,425 Bluejay Plaza,Sweden,Scarf,Small,1
01HPYDXTQVGWJMF08X8ENQDKY0,9/6/2023,jthumannid@myspace.com,Jodee,Thumann,98588 Toban Lane,Peru,Sweater,Medium,4
01HPYDXTQXF9709BM6XS2WZDF5,7/19/2023,dcampanyie@forbes.com,Dorisa,Campany,79377 Cody Terrace,Peru,Sweater,Large,4
01HPYDXTQZW1VQKKYQBSSJR0FR,8/6/2023,taizlewoodif@addtoany.com,Theodoric,Aizlewood,56513 Sheridan Alley,Sweden,Shorts,Large,3
01HPYDXTR1H8D7WESGR932HFBH,9/5/2023,mbernotig@surveymonkey.com,Meredeth,Bernot,94 Pankratz Plaza,Brazil,Shorts,Medium,1
01HPYDXTR3Y0RB9XB8PS6HS46T,4/2/2023,hdeexih@deviantart.com,Hayden,Deex,1183 Muir Junction,France,Tshirt,Small,3
01HPYDXTR5ETTMK080ZEXJTFZ5,6/13/2023,tscarffii@hatena.ne.jp,Tracee,Scarff,39 Muir Pass,Canada,Scarf,XX-Large,3
01HPYDXTR60SSF89DQB6WSRRBF,10/1/2023,dcrundenij@patch.com,Donella,Crunden,93871 Myrtle Way,Peru,Sweater,Medium,3
01HPYDXTR7YPAVE17GDYMWQSCW,1/1/2023,afeildenik@scientificamerican.com,Alexandr,Feilden,2442 Hoffman Crossing,Argentina,Hat,Large,4
01HPYDXTR8696TVMDX07Y3MK9Z,7/1/2023,cyegorkinil@illinois.edu,Cherida,Yegorkin,3809 Sloan Circle,Sweden,Shorts,Large,4
01HPYDXTRA1V06QKYZGHBNHHKM,7/30/2023,jmarquetim@dropbox.com,Jacquelynn,Marquet,2 Goodland Park,France,Tshirt,X-Large,3
01HPYDXTRB934AYVCBEHSFXKE4,2/20/2023,pminnockin@seesaa.net,Page,Minnock,7 Nobel Place,Nigeria,Hoody,Medium,4
01HPYDXTRCSFBJH0M9WECCP5YK,2/20/2023,gharryio@princeton.edu,Gawen,Harry,3 Elgar Center,Peru,Hoody,Medium,2
01HPYDXTRETEA15NT450NCJXC9,5/3/2023,apalserip@upenn.edu,Avery,Palser,27661 Cherokee Terrace,Argentina,Scarf,X-Large,1
01HPYDXTRF1S94Y6V5VCNCZ891,8/14/2023,emcconvilleiq@clickbank.net,Eleanor,McConville,37 Montana Crossing,Sweden,Hoody,Medium,1
01HPYDXTRG7C6DZ9HX6JCDJK0B,8/28/2023,mpringellir@ucoz.ru,Melantha,Pringell,6192 Vidon Parkway,Brazil,Shorts,Large,3
01HPYDXTRHT6N4W9Q4J8Q7TQMR,4/8/2023,cvanezisis@artisteer.com,Constantina,Vanezis,30411 Vera Circle,Sweden,Shorts,Medium,4
01HPYDXTRKG9C4ABG312K7EKW5,9/27/2023,fspringit@posterous.com,Farlee,Spring,7 Fallview Parkway,France,Scarf,XX-Large,1
01HPYDXTRMDX2G60ACRQXY0CHJ,9/15/2023,rbarfittiu@uiuc.edu,Richy,Barfitt,238 Shelley Place,Sweden,Jacket,Large,3
01HPYDXTRNQPB3TY0VYABRS240,2/10/2023,aguirardiv@smugmug.com,Aurthur,Guirard,49070 Everett Place,Argentina,Gloves,Large,2
01HPYDXTRPZRFPP2WHM64QF5FS,12/16/2023,tharrisoniw@nps.gov,Tomasina,Harrison,75336 Talmadge Park,Argentina,Tshirt,Medium,4
01HPYDXTRR1ECK6VSP4SPZMRQ2,2/22/2023,aweedenburgix@purevolume.com,Ashbey,Weedenburg,4 Ilene Circle,Norway,Shorts,Medium,3
01HPYDXTRTH7EVHVBY8Z9NAR3D,9/10/2023,msicelyiy@jigsy.com,Monika,Sicely,18259 Rowland Junction,France,Scarf,Large,1
01HPYDXTRV93144A0C0PP3JTWM,8/19/2023,acluettiz@prlog.org,Adiana,Cluett,81 Mandrake Trail,Brazil,Tshirt,XX-Large,4
01HPYDXTRWXBZ718E3KS4P7FME,11/25/2023,wchidleyj0@i2i.jp,Wainwright,Chidley,4645 International Park,Canada,Scarf,Medium,4
01HPYDXTRYT3X48K3QBSC0F5Y2,7/2/2023,ycapinettij1@gnu.org,Yankee,Capinetti,3 Schlimgen Hill,United States,Tshirt,X-Large,3
01HPYDXTRZB1B6DD3FNCPXACKM,2/12/2023,zdoigj2@1688.com,Zena,Doig,8 Kenwood Alley,United States,Tshirt,Small,1
01HPYDXTS0FDF2GBM0AGSPP76J,8/19/2023,gsymondsj3@linkedin.com,Geoffry,Symonds,646 Everett Parkway,Peru,Sweater,Medium,1
01HPYDXTS1NPDHGEXGGKDY1GR7,10/10/2023,lcristobalj4@economist.com,Leopold,Cristobal,33 Ludington Junction,France,Hoody,Large,2
01HPYDXTS2DJN5PYWCDWCBWWWJ,2/18/2023,cchattockj5@mediafire.com,Crystal,Chattock,80810 Birchwood Pass,Sweden,Hat,Medium,1
01HPYDXTS3E6T8NY62C9WJX5R8,12/21/2023,ibaltzarj6@nbcnews.com,Irv,Baltzar,0788 Hansons Drive,Chile,Shorts,Medium,1
01HPYDXTS54375G0K6SP6CSW8X,8/14/2023,cgrinsteadj7@un.org,Clementine,Grinstead,17272 Karstens Way,United States,Hoody,Small,4
01HPYDXTS6V33YA2EVDVS5SGZH,1/24/2023,avasilchikovj8@jimdo.com,Abraham,Vasilchikov,8709 Everett Center,Sweden,Tshirt,Medium,2
01HPYDXTS7D8YS12VCQ0ZGRN3Q,6/24/2023,lduminij9@mozilla.org,Louella,Dumini,76555 Magdeline Point,Sweden,Sweater,Small,4
01HPYDXTS8K17BW8QXRB40T825,11/16/2023,ehayesja@economist.com,Elene,Hayes,9 Birchwood Junction,United States,Gloves,Medium,3
01HPYDXTS9WH9T556PGRBBY43H,11/26/2023,jbolinjb@kickstarter.com,Jerrome,Bolin,43066 Little Fleur Crossing,Sweden,Tshirt,Small,1
01HPYDXTSAGHXN6GPW7TJH7XR6,1/2/2023,hbigleyjc@unicef.org,Hunt,Bigley,9586 Mayfield Place,Sweden,Tshirt,X-Large,4
01HPYDXTSCB9N9Y9XG1Q6A4MCB,12/6/2023,amacskeaghanjd@bigcartel.com,Albrecht,MacSkeaghan,11 Northview Street,France,Hat,Large,1
01HPYDXTSE89STVY7RAJXEF2PQ,2/21/2023,jkarpje@elpais.com,Julianne,Karp,52 Orin Alley,United States,Tshirt,X-Large,1
01HPYDXTSG5XGNWM47PZYENAYG,9/25/2023,kreefjf@zdnet.com,Kenneth,Reef,53 Sachtjen Lane,United States,Tshirt,XX-Large,4
01HPYDXTSHXFV85JXGMMFVGKG7,2/22/2023,bhaggishjg@latimes.com,Berry,Haggish,501 2nd Junction,France,Shorts,Medium,1
01HPYDXTSJZHPRS2A95NMGZCZW,4/18/2023,cpennelljh@webmd.com,Chickie,Pennell,34034 Tennyson Parkway,France,Sweater,Small,2
01HPYDXTSMMAND51G1S6JXVSCR,2/10/2023,jridleyji@umn.edu,Jane,Ridley,6475 Elgar Terrace,France,Hoody,Large,1
01HPYDXTSPYZ8WXVE1JFNSCDF6,6/21/2023,rlonghornejj@weibo.com,Ruperto,Longhorne,84 Farragut Crossing,France,Tshirt,Large,1
01HPYDXTSQ4XWDVNYBZBV4QQDT,4/1/2023,wpaolazzijk@theatlantic.com,Waly,Paolazzi,10804 Hoard Way,Brazil,Sweater,Large,2
01HPYDXTSSKBKPKW8AGRRF9EF1,7/17/2023,estarbuckjl@eepurl.com,Ethel,Starbuck,00 Magdeline Road,Brazil,Hoody,Medium,2
01HPYDXTSTB022Q22MBF07SPK0,4/4/2023,ibollesjm@apple.com,Isabel,Bolles,7167 Bay Junction,Peru,Hoody,Medium,2
01HPYDXTSVCEGTFW55HJRSQWWN,8/28/2023,ahugnotjn@devhub.com,Alisha,Hugnot,326 Valley Edge Lane,Argentina,Hoody,X-Large,3
01HPYDXTSWDTJD1QYFD0920YPS,11/10/2023,rlyverjo@sourceforge.net,Roxana,Lyver,92008 Knutson Alley,United States,Tshirt,Large,2
01HPYDXTSYNTCD25T80TWRAYEW,12/23/2023,agrattonjp@i2i.jp,Annora,Gratton,9 Mayer Street,France,Scarf,Large,4
01HPYDXTSZ4NK3TEH2XTYV2CTA,10/14/2023,mknealjq@thetimes.co.uk,Mae,Kneal,45 Hallows Court,Argentina,Gloves,Small,2
01HPYDXTT1PWPDFJ86V1RFQC43,6/4/2023,dwasielajr@vkontakte.ru,Dorolice,Wasiela,39 Randy Place,Switzerland,Scarf,Medium,1
01HPYDXTT2ZJ88VGNTW9XP2DSH,3/4/2023,nbiggarjs@nationalgeographic.com,Noreen,Biggar,5 Boyd Plaza,Brazil,Gloves,Medium,1
01HPYDXTT3DYB4WNRTQVJDX8YN,7/23/2023,sreltonjt@youku.com,Salaidh,Relton,81694 Old Shore Lane,Peru,Tshirt,Large,1
01HPYDXTT5C4SPC58NTRTX3RPM,10/7/2023,zsturridgeju@geocities.jp,Zoe,Sturridge,093 Golf Park,Australia,Shorts,XX-Large,4
01HPYDXTT6FBYS2EXY0NR1RKN2,12/9/2023,rslocumjv@moonfruit.com,Reina,Slocum,68 Tennessee Court,United Kingdom,Gloves,Large,3
01HPYDXTT7A9RSB2FM4Q882MMG,1/22/2023,emebsjw@spotify.com,Emelen,Mebs,88 Hayes Junction,France,Tshirt,XX-Large,4
01HPYDXTT9N19G1SWW4Q77ACWY,4/25/2023,abatcockjx@fc2.com,Anthe,Batcock,92 Waywood Junction,France,Sweater,XX-Large,1
01HPYDXTTA8AF5CTZ1R7S7F29V,9/24/2023,hrittmeierjy@hao123.com,Hailee,Rittmeier,3087 Barnett Trail,France,Tshirt,Large,3
01HPYDXTTBQ70M80M5H0T4295G,8/8/2023,wbedfordjz@china.com.cn,Wyndham,Bedford,0739 Eastlawn Plaza,Sweden,Sweater,Medium,4
01HPYDXTTD8BC78ZHR1NM0GCC2,12/12/2023,dbonifaciok0@opensource.org,Dannie,Bonifacio,92 Michigan Circle,Argentina,Tshirt,Large,2
01HPYDXTTETWCN7B10CHZ07Z00,8/5/2023,nscyonek1@ocn.ne.jp,Nappie,Scyone,16 Doe Crossing Parkway,France,Hoody,Medium,1
01HPYDXTTFS8WS9PRRM4WMGK44,9/16/2023,mparadink2@washingtonpost.com,Misha,Paradin,84867 Homewood Parkway,Canada,Gloves,Medium,2
01HPYDXTTG6F8VBAMP9F167EK7,2/24/2023,zgildersk3@mayoclinic.com,Zaneta,Gilders,3257 Kinsman Trail,France,Jacket,Small,4
01HPYDXTTHWJGGAN6VH2TVWJGY,10/25/2023,mnodink4@baidu.com,Margaretha,Nodin,8 Lerdahl Lane,United States,Gloves,XX-Large,4
01HPYDXTTJCR1WTGNKBNFBAMJW,7/30/2023,griguardk5@myspace.com,Godiva,Riguard,6518 1st Circle,Peru,Sweater,Large,4
01HPYDXTTMHW7Q11WFWDP08M9J,10/2/2023,hmathewk6@nifty.com,Harriot,Mathew,1 Bayside Center,Sweden,Tshirt,Medium,3
01HPYDXTTN07YBVDZ5E3GG6VEZ,2/18/2023,mbaxandallk7@nbcnews.com,Milena,Baxandall,7182 Atwood Street,Sweden,Hat,Large,2
01HPYDXTTP9Q5Z8FTW0WVM4AM0,9/24/2023,pbourtoumieuxk8@wordpress.com,Pia,Bourtoumieux,5 Porter Center,Sweden,Hoody,Medium,2
01HPYDXTTQTFBYW86P70THH9KP,5/1/2023,ykiefk9@qq.com,Yancy,Kief,84 Hagan Court,Canada,Scarf,X-Large,2
01HPYDXTTRWXDP9W3M834AS6J8,4/24/2023,jmarchingtonka@vimeo.com,Jamima,Marchington,5686 Oriole Crossing,Sweden,Hoody,Medium,4
01HPYDXTTSNQPF7M5HKJPTNWEF,11/29/2023,ldurbynkb@businesswire.com,Lana,Durbyn,28 Helena Lane,France,Tshirt,Medium,2
01HPYDXTTTBJADYBQ17BCNFBXH,12/2/2023,mskipworthkc@twitpic.com,Madelena,Skipworth,27 Kingsford Street,Sweden,Sweater,X-Large,2
01HPYDXTTVSRQHR685B8J7JCBX,2/4/2023,hokinneallykd@4shared.com,Hayden,O'Kinneally,6 Dorton Point,Brazil,Scarf,Medium,3
01HPYDXTTXRSMV7JXEK241V9SM,9/25/2023,tboakeske@oakley.com,Teodorico,Boakes,6 Park Meadow Alley,Uganda,Hoody,Small,2
01HPYDXTTYXA89C921Q2DY6019,1/16/2023,wganforthkf@lycos.com,Wolfgang,Ganforth,736 Prairieview Avenue,France,Sweater,XX-Large,1
01HPYDXTTZH57TQFFY37A048YM,4/7/2023,kgrabbkg@ustream.tv,Kingsly,Grabb,982 Colorado Plaza,United States,Hoody,Large,2
01HPYDXTV04456232GP41HWG2X,5/17/2023,jsirlkh@taobao.com,Jeri,Sirl,02296 Garrison Park,Brazil,Tshirt,Medium,2
01HPYDXTV1TCF1BZB5AMQBWSX7,6/8/2023,dmocherki@washingtonpost.com,Daffy,Mocher,4 Trailsway Parkway,Argentina,Shorts,X-Large,3
01HPYDXTV3M71S46D4J4R4HJTG,6/17/2023,graffeortykj@ehow.com,Giorgio,Raffeorty,953 Elka Lane,Brazil,Shorts,Small,3
01HPYDXTV44D5K7W2MG9P5YVP0,10/24/2023,tschirakkk@epa.gov,Tessi,Schirak,099 Mockingbird Trail,Brazil,Shorts,Small,3
01HPYDXTV5SNC6A68VFRRA47X6,2/4/2023,ahuffykl@angelfire.com,Archie,Huffy,32 Bowman Center,Brazil,Jacket,Large,3
01HPYDXTV7HTQ3PS84K2E460T1,2/6/2023,etenauntkm@guardian.co.uk,Elsy,Tenaunt,45392 Eastlawn Way,France,Shorts,Medium,3
01HPYDXTV9K5PPBG4GVS35VQR2,3/24/2023,gscopeskn@bizjournals.com,Garrick,Scopes,60 Washington Court,Sweden,Shorts,Small,2
01HPYDXTVABDK4B7BX6AAF0B7S,12/18/2023,isergentko@hhs.gov,Inigo,Sergent,5 Crownhardt Parkway,France,Scarf,Large,4
01HPYDXTVBC3YEVQPWETMSZ9M9,8/26/2023,spennonekp@digg.com,Sergent,Pennone,0 Badeau Drive,Brazil,Shorts,Medium,2
01HPYDXTVCXBE8HG48QK5SP1C3,3/12/2023,derikkq@guardian.co.uk,Drona,Erik,82 Marquette Center,United States,Hoody,Medium,2
01HPYDXTVDEBE8RJXPCM2147YC,9/11/2023,jsheafkr@de.vu,Jobina,Sheaf,2581 Harper Road,Uganda,Scarf,Medium,1
01HPYDXTVFS90ZDM1WHH96FAE9,11/27/2023,eredleyks@sfgate.com,Elnore,Redley,047 Pawling Center,Canada,Hoody,X-Large,3
01HPYDXTVGBBRCQR8QF5JK7218,3/20/2023,lwackleykt@phpbb.com,Leonhard,Wackley,6 Anzinger Circle,France,Tshirt,Medium,2
01HPYDXTVHHQ12YD80FTX4GBQ5,3/28/2023,imanuelliku@unc.edu,Iormina,Manuelli,2439 Everett Park,France,Hoody,Medium,1
01HPYDXTVJFMFS1F9NFKXB60KH,10/31/2023,cmarquandkv@usgs.gov,Chrisy,Marquand,087 Darwin Street,United States,Sweater,Large,3
01HPYDXTVKYFPDK8B86BGC5GHN,1/3/2023,dgolightlykw@sun.com,Davidson,Golightly,8 Karstens Way,Nigeria,Tshirt,X-Large,1
01HPYDXTVMRZ2VPJMD9KDDNK4Z,8/13/2023,bmillardkx@multiply.com,Brit,Millard,12 Armistice Junction,Peru,Tshirt,X-Large,3
01HPYDXTVPA2KSXZWFA10EGZZ2,6/8/2023,fdaniellotky@php.net,Fred,Daniellot,8 Johnson Terrace,Nigeria,Tshirt,XX-Large,1
01HPYDXTVQZYP50EDG6A9R0FK7,11/3/2023,efilipyevkz@ucoz.ru,Ezri,Filipyev,5312 Rockefeller Terrace,United States,Scarf,Large,1
01HPYDXTVRK6SZRVTP9N1XZDW1,10/10/2023,gfaslerl0@fema.gov,Gavan,Fasler,45110 Blue Bill Park Place,Germany,Hoody,Small,4
01HPYDXTVS2H35V52XVX75Z1MV,2/15/2023,cperryl1@uol.com.br,Catharine,Perry,777 Birchwood Road,Sweden,Hoody,Medium,2
01HPYDXTVT14J8JMGX52HWJTMD,11/8/2023,gmcrobertsl2@economist.com,Giles,McRoberts,73 Corscot Plaza,Peru,Jacket,XX-Large,4
01HPYDXTVWC3QJHJYFAYXT5PNH,2/25/2023,dgrimblebyl3@weebly.com,Darrick,Grimbleby,47198 Lake View Way,United States,Hoody,Medium,2
01HPYDXTVYGTVKBAY9B6C483TK,9/29/2023,abinsteadl4@seattletimes.com,Aubrey,Binstead,18075 Glendale Center,Peru,Shorts,Small,3
01HPYDXTVZX1K0Q9N8TS5VTH80,5/11/2023,cringselll5@is.gd,Cornie,Ringsell,913 Mitchell Park,Argentina,Gloves,Medium,3
01HPYDXTW0GQF1QNA05GKHQ1GN,12/12/2023,atolomiol6@networkadvertising.org,Al,Tolomio,6275 South Point,United States,Sweater,Medium,4
01HPYDXTW29M9PM9DEAKRZ11NY,2/8/2023,bwipflerl7@wikipedia.org,Billi,Wipfler,063 Reindahl Way,France,Shorts,X-Large,4
01HPYDXTW3CMCW37R73QAXMM5V,6/16/2023,ddillonl8@t.co,Devon,Dillon,85899 Cardinal Point,Peru,Hoody,Medium,3
01HPYDXTW5AD08ECB8RP88QJK0,7/30/2023,flinsterl9@globo.com,Filippo,Linster,9818 Delladonna Park,United States,Tshirt,Medium,3
01HPYDXTW7VTBFA55D4CASBFN4,9/3/2023,nshoubridgela@newsvine.com,Nickolas,Shoubridge,2 Elmside Way,Ireland,Tshirt,Medium,3
01HPYDXTWAJ2YGEEVSBQBS1HM6,5/1/2023,bgardenerlb@tmall.com,Bryant,Gardener,44 Larry Terrace,Brazil,Jacket,Small,1
01HPYDXTWCQ4ZAZ2GB5KV6AA5Y,4/22/2023,etimsonlc@jugem.jp,Emmanuel,Timson,9 Menomonie Hill,Ireland,Scarf,Medium,2
01HPYDXTWFPKJ5JS98FMR88BQN,8/4/2023,jlaminmanld@kickstarter.com,Jay,Laminman,56 Bashford Road,Spain,Scarf,Large,2
01HPYDXTWJTD0P3E3KA063HCSC,2/19/2023,djarnellle@trellian.com,Danyette,Jarnell,8869 Clarendon Alley,Argentina,Shorts,Medium,2
01HPYDXTWM5BBGD7BXFPCSZHH3,12/4/2023,cwhyleylf@google.ca,Cirilo,Whyley,48863 Ridgeview Crossing,Brazil,Hoody,Large,1
01HPYDXTWQN36GMJ6W87CC2WDV,12/14/2023,ngomanlg@mediafire.com,Nerissa,Goman,99371 Vahlen Parkway,Sweden,Scarf,Medium,1
01HPYDXTWT04A42DQ9X9SF8KNV,3/2/2023,sdmitrienkolh@angelfire.com,Selie,Dmitrienko,981 Ohio Court,Peru,Scarf,Medium,3
01HPYDXTWWNZ0ED2XX9P61C70Y,12/5/2023,ddelortli@statcounter.com,Donni,Delort,97223 Becker Lane,Peru,Tshirt,Large,3
01HPYDXTWXRPAS94PZ0EJWAAGC,8/24/2023,tjanikowskilj@ask.com,Tilly,Janikowski,34523 Barnett Circle,United States,Scarf,Large,3
01HPYDXTX06SRZJZAHP7WR6829,5/30/2023,lhourihanelk@wp.com,Larine,Hourihane,64 Mallard Road,Peru,Hat,Large,2
01HPYDXTX2RHXAEP3W8SBG1QKY,5/18/2023,soleksiakll@domainmarket.com,Shaun,Oleksiak,793 3rd Crossing,Canada,Hoody,Medium,1
01HPYDXTX5JY6KAKTS136N3KS9,5/1/2023,fgrandlm@livejournal.com,Farlie,Grand,5 Banding Lane,Nigeria,Tshirt,Medium,3
01HPYDXTX7NG1Z329RBQBM8W1N,4/20/2023,fgearyln@meetup.com,Felita,Geary,13775 Nelson Circle,France,Hoody,Medium,1
01HPYDXTX9R1V4Q90AY1XX37MF,12/25/2023,ldurstonlo@addtoany.com,Lona,Durston,6 East Plaza,United States,Hoody,Small,2
01HPYDXTXCR8ZP96BC4WVX4P5D,7/22/2023,mgerbllp@upenn.edu,Mersey,Gerbl,38 Laurel Plaza,United States,Tshirt,X-Large,2
01HPYDXTXFW83QYNZQY095SN3H,3/6/2023,cblaziclq@discovery.com,Callie,Blazic,44505 American Point,Canada,Hoody,Large,3
01HPYDXTXJCJ8TSSKZNF7BARVP,4/10/2023,mvasilkovlr@sina.com.cn,Marley,Vasilkov,5463 Schlimgen Pass,United Kingdom,Scarf,X-Large,2
01HPYDXTXNTSRV0BZ101XXKX7F,3/10/2023,mgreghls@slashdot.org,Mikel,Gregh,818 Prairie Rose Lane,Germany,Tshirt,Large,4
01HPYDXTXRT77MHM80B7D9NW70,11/5/2023,wcouzenslt@auda.org.au,Wylie,Couzens,54725 Karstens Road,Argentina,Hoody,XX-Large,3
01HPYDXTXTSB9AQH71DMR3F34P,11/25/2023,hchamberlaynelu@addthis.com,Huntlee,Chamberlayne,46710 8th Parkway,Peru,Hoody,Medium,3
01HPYDXTXXYZATW6G3KTHM0YDA,5/7/2023,jratelv@prnewswire.com,Janene,Rate,6 Thierer Point,Peru,Hoody,X-Large,3
01HPYDXTY0RDD0HRTH7BVWSKQ1,5/16/2023,cdudenielw@networkadvertising.org,Cairistiona,Dudenie,510 Mallard Court,United States,Tshirt,Large,1
01HPYDXTY2T0R40J9B7AV1Q6Z5,3/11/2023,jhemmslx@quantcast.com,Johnathan,Hemms,47 Gina Park,Argentina,Hoody,Medium,3
01HPYDXTY5D63QSJDKBMFMKXBH,11/3/2023,asirkettly@chicagotribune.com,Antoni,Sirkett,5 Surrey Plaza,France,Hoody,X-Large,2
01HPYDXTY70P1SYZX27NA4D1PD,1/19/2023,vmccomblz@nba.com,Vidovik,Mc Comb,7018 Florence Park,France,Scarf,XX-Large,4
01HPYDXTY91EA9GMGH2T9DB557,1/20/2023,ysibillem0@webeden.co.uk,York,Sibille,38 Vahlen Terrace,Sweden,Shorts,Small,1
01HPYDXTYAK4TEX7Z5PW2VY3PD,4/24/2023,bsmailem1@histats.com,Berti,Smaile,462 Golden Leaf Court,Argentina,Gloves,X-Large,1
01HPYDXTYBX70TZA9N83JTS739,2/11/2023,bferrism2@sina.com.cn,Betta,Ferris,84354 Fallview Avenue,Peru,Tshirt,Large,2
01HPYDXTYDFVDHY7AD1RW3BYNF,3/9/2023,aadairm3@addthis.com,Abba,Adair,36 Meadow Valley Center,Brazil,Shorts,Large,4
01HPYDXTYEVR2EP91FJ95NBABJ,6/11/2023,eblazewiczm4@un.org,Eleonora,Blazewicz,2029 Badeau Place,Brazil,Tshirt,Large,4
01HPYDXTYHEJMC5PHDCME7NESE,10/30/2023,rrayburnm5@google.de,Raphael,Rayburn,641 Saint Paul Center,Peru,Hoody,Medium,1
01HPYDXTYJR292ARBQRQM3PJF2,12/14/2023,lbaudassom6@tinyurl.com,Libby,Baudasso,8331 Bellgrove Junction,Peru,Sweater,Large,4
01HPYDXTYKB37PVS8CCN9MH0EH,4/9/2023,cgoodburm7@google.com,Cathrine,Goodbur,26903 Prairieview Point,Brazil,Jacket,Small,4
01HPYDXTYN0EGAZQZNSYXV190E,9/19/2023,fmocquerm8@storify.com,Frederico,Mocquer,5332 Oriole Road,Brazil,Tshirt,XX-Large,4
01HPYDXTYPJN1H52PGPWQV2EDR,11/18/2023,ttwomeym9@walmart.com,Theadora,Twomey,86998 Pankratz Avenue,Argentina,Sweater,Medium,1
01HPYDXTYR3G83KJZ195NBKGBX,12/20/2023,sredfordma@businessweek.com,Susann,Redford,8 Fordem Drive,Sweden,Gloves,Large,1
01HPYDXTYTP5RY4VE10WJ2WD3D,4/4/2023,tabramowmb@hp.com,Trever,Abramow,4190 Grover Hill,Argentina,Sweater,Large,4
01HPYDXTYWKZN9AC33JR0K5GR6,10/6/2023,cescreetmc@cbsnews.com,Candis,Escreet,0847 Elgar Place,United States,Scarf,Medium,3
01HPYDXTYY9JM7YYFTCR7M34XD,9/19/2023,eockleshawmd@nifty.com,Ebeneser,Ockleshaw,1305 Di Loreto Alley,Argentina,Sweater,Medium,3
01HPYDXTZ05JF4NTS55D22QZ2B,1/29/2023,qworrallme@si.edu,Quent,Worrall,83867 Chive Avenue,Argentina,Sweater,X-Large,2
01HPYDXTZ2FP8WZQN3Q0RJNCT1,7/6/2023,fbenadettemf@berkeley.edu,Frazier,Benadette,74460 Pond Center,Peru,Tshirt,Large,4
01HPYDXTZ4A1H4E2MV629PFP62,3/9/2023,nhowemg@cloudflare.com,Neron,Howe,058 Schiller Way,Brazil,Shorts,Large,1
01HPYDXTZ61XHJV0J9GTN3J88R,4/2/2023,gsprullmh@google.pl,Garvy,Sprull,9034 Manley Center,Argentina,Hat,XX-Large,4
01HPYDXTZ8TANGEMN5ZTWJFKJ2,8/26/2023,mfallonmi@google.com.hk,Marci,Fallon,82726 Schiller Park,Brazil,Tshirt,Large,3
01HPYDXTZAP4Y2278M5HXREF5R,10/26/2023,wsturrormj@last.fm,Woodie,Sturror,6 Boyd Lane,Norway,Tshirt,XX-Large,3
01HPYDXTZCQD5EDTPY0JZXJ6KP,8/2/2023,cgoldsonmk@squarespace.com,Christalle,Goldson,3576 Maryland Pass,United States,Hat,XX-Large,2
01HPYDXTZE79EZQYBDD5NRWC5C,11/6/2023,cjeppml@woothemes.com,Candra,Jepp,09 Wayridge Way,Argentina,Hoody,Small,3
01HPYDXTZG0J7Y2SEZTMG5BWHB,10/20/2023,jdelgadillomm@lycos.com,Joni,Delgadillo,6524 Duke Pass,Italy,Hat,Small,3
01HPYDXTZJTMCDPC4TXEVD34JN,11/13/2023,mstanhopemn@paypal.com,Marjory,Stanhope,3 Nancy Road,France,Shorts,Large,3
01HPYDXTZMNQARKQTA953X72H0,5/27/2023,cnewellmo@hexun.com,Caresa,Newell,7 Laurel Junction,Brazil,Gloves,Small,1
01HPYDXTZPAMFHQ6PQCCXZB06F,12/18/2023,hbanasiakmp@ow.ly,Hubie,Banasiak,17268 Canary Plaza,Peru,Hoody,Medium,1
01HPYDXTZRE0S3DG9EC68G939J,8/8/2023,cgochermq@godaddy.com,Chiarra,Gocher,2 Blackbird Lane,Canada,Sweater,Large,2
01HPYDXTZTG6CCK7GTHF33AZJE,4/1/2023,fsachmr@hubpages.com,Fulvia,Sach,84 Blaine Hill,France,Sweater,Medium,2
01HPYDXTZWPV85WZ6ZQJ7578SH,10/9/2023,swixeyms@engadget.com,Sibella,Wixey,135 Shoshone Terrace,Canada,Tshirt,X-Large,1
01HPYDXTZYRC2X11WFG698AXVV,1/14/2023,fdalymt@illinois.edu,Frazer,Daly,5 Anhalt Hill,Brazil,Scarf,X-Large,3
01HPYDXV00BX3S0QTQV2S48WHM,6/21/2023,coultrammu@economist.com,Clarie,Oultram,029 Rigney Avenue,France,Sweater,Medium,3
01HPYDXV024C07HKMDX94D29SM,11/27/2023,ascoulermv@java.com,Alf,Scouler,047 Messerschmidt Plaza,Peru,Hoody,Large,2
01HPYDXV04C135XZFB3D8JGG7H,10/12/2023,clezemoremw@posterous.com,Chrissie,Lezemore,3017 Killdeer Hill,Argentina,Shorts,XX-Large,2
01HPYDXV06BQJGSZ5BSKK8TF56,12/11/2023,vsibyllinamx@squarespace.com,Val,Sibyllina,41255 Cordelia Parkway,United States,Scarf,Small,2
01HPYDXV0897WD4TMN61KECXB6,10/9/2023,bjennerymy@state.gov,Bradly,Jennery,1692 Dapin Hill,Brazil,Sweater,Medium,3
01HPYDXV0ASRS0ZBYS342YZFES,5/28/2023,lastmanmz@gnu.org,Levi,Astman,75404 1st Lane,Brazil,Scarf,Small,3
01HPYDXV0C35MV4R1EH5CGD4QH,8/22/2023,ccarnihann0@storify.com,Carine,Carnihan,71762 Grover Trail,Brazil,Sweater,Medium,1
01HPYDXV0E6GF81NC0FF9MN3K9,4/1/2023,jjumontn1@fc2.com,Jolee,Jumont,723 Corben Circle,Sweden,Hoody,X-Large,2
01HPYDXV0GWWW29VEQX2VGZK2C,1/26/2023,prawesn2@php.net,Pauline,Rawes,271 Stang Parkway,Norway,Scarf,XX-Large,2
01HPYDXV0JE96F40HPFPMG5RTW,1/8/2023,jgawthropn3@yandex.ru,Jessalin,Gawthrop,43576 Thackeray Lane,Brazil,Tshirt,Large,1
01HPYDXV0MYKZH474FH699XHEE,1/8/2023,gemmsn4@twitter.com,Gnni,Emms,89 Dakota Park,Brazil,Shorts,Large,3
01HPYDXV0NC176DPE5Y5N6G45V,8/3/2023,ktocquevillen5@rakuten.co.jp,Kennett,Tocqueville,1 Melby Crossing,United States,Hoody,Medium,3
01HPYDXV0P3SY91YP1G1W6DZ8S,8/3/2023,kadamecn6@state.gov,Krissy,Adamec,19218 Manitowish Hill,United States,Hoody,Medium,4
01HPYDXV0Q7MBY15B9ZW2JWEJV,5/7/2023,zgearyn7@google.co.uk,Zechariah,Geary,919 Clarendon Circle,United States,Shorts,X-Large,1
01HPYDXV0S97ZTK2Q2489PZ0F4,1/17/2023,frouthornn8@purevolume.com,Ferrel,Routhorn,6 Spaight Terrace,Spain,Sweater,Medium,4
01HPYDXV0TJM0KSFQM9S595M3R,4/4/2023,wbegentn9@kickstarter.com,Walker,Begent,244 Sycamore Pass,Germany,Tshirt,X-Large,3
01HPYDXV0XTJCTVV259HSEQQXT,3/23/2023,glemmena@dmoz.org,Gregor,Lemme,704 Hooker Plaza,Norway,Tshirt,Large,3
01HPYDXV0Z0E4NCYYVE5WP85FY,10/6/2023,ddilgernb@blogger.com,Donal,Dilger,58 Eastwood Parkway,United States,Tshirt,Small,2
01HPYDXV127TYAFAJFVQGRS0Z9,7/9/2023,ccookleync@last.fm,Carine,Cookley,15 Fallview Way,Brazil,Tshirt,Medium,4
01HPYDXV15K9J8PPF435DN7V7E,12/11/2023,eendicottnd@nature.com,Elianora,Endicott,1 Kingsford Circle,Italy,Hoody,XX-Large,3
01HPYDXV179D5H5TZJFVRCR9VM,5/26/2023,tgawthorpne@nbcnews.com,Thain,Gawthorp,41 Mariners Cove Circle,Peru,Hoody,Medium,1
01HPYDXV1A3HKG7D1RQ0XZJXC2,3/23/2023,dbruckmannnf@princeton.edu,Darcy,Bruckmann,9 Jana Way,Sweden,Tshirt,Medium,4
01HPYDXV1CEJGNB9XB9FJ27B58,1/1/2023,jtrenbayng@nba.com,Joe,Trenbay,252 Algoma Road,Peru,Hoody,Medium,2
01HPYDXV1E4BR5NQH656CF2PHY,3/1/2023,dcarbonellnh@acquirethisname.com,Dallon,Carbonell,9 Scofield Parkway,Brazil,Hat,Medium,3
01HPYDXV1GXH5ZJV3F3CNN4091,7/27/2023,tdickinni@technorati.com,Talyah,Dickin,21716 Green Park,Australia,Tshirt,X-Large,3
01HPYDXV1JQYCZGB5CX5X56SJ9,1/16/2023,tgrigsbynj@wufoo.com,Tymon,Grigsby,674 Sloan Court,Brazil,Jacket,Medium,1
01HPYDXV26N0HGC9HA9WFDF3E3,9/26/2023,dmcdermottnk@theatlantic.com,Drud,McDermott,61 Cascade Trail,Sweden,Tshirt,Large,1
01HPYDXV29CPEVB6W40M0V4TEZ,9/29/2023,ajarrettnl@digg.com,Aaren,Jarrett,0 Pawling Alley,Brazil,Hoody,X-Large,2
01HPYDXV2CZNAJXBAB7G6SSNVA,10/10/2023,skervinnm@goo.gl,Sophronia,Kervin,1 Mockingbird Street,Peru,Sweater,Medium,4
01HPYDXV2F8YSJ6DH6QPY44H5H,3/7/2023,rgaddnn@godaddy.com,Reggie,Gadd,9 Moulton Court,United States,Hoody,XX-Large,2
01HPYDXV2H4XWHEJDJR1J8PKTV,1/20/2023,csegono@nytimes.com,Cilka,Sego,4925 Susan Way,Germany,Gloves,Medium,2
01HPYDXV2JE2M22VP7WX07EGJM,11/8/2023,kpetrescunp@goo.gl,Kendal,Petrescu,5 Dahle Junction,Brazil,Hoody,Large,1
01HPYDXV2MMJZ6AT4MN295T3FJ,4/13/2023,lloudyannq@hugedomains.com,Loretta,Loudyan,69637 Moose Road,Peru,Tshirt,Medium,2
01HPYDXV2PX3CP5K51Z6R4ST22,11/27/2023,lrossinnr@usda.gov,Lavina,Rossin,514 South Park,Spain,Jacket,Large,3
01HPYDXV2RTFF7R0EZ0SKGP34X,9/10/2023,stomesns@slate.com,Shannon,Tomes,6986 Meadow Vale Center,Argentina,Tshirt,X-Large,2
01HPYDXV2V0FPEZ0K5J686AMB7,8/12/2023,hvogeleinnt@auda.org.au,Hailee,Vogelein,3 Lawn Terrace,Argentina,Tshirt,Small,2
01HPYDXV2YXHZA6F50V5BETPK6,6/5/2023,wkelsellnu@illinois.edu,Westbrook,Kelsell,11762 Park Meadow Road,France,Sweater,Large,4
01HPYDXV31TW4TBNWHJYQVRCM0,11/5/2023,csharplinnv@who.int,Christoforo,Sharplin,9 Kingsford Trail,Uganda,Sweater,Small,4
01HPYDXV347N2WWZXVMGS0ETMG,9/26/2023,rjenickenw@parallels.com,Ray,Jenicke,399 Paget Alley,France,Scarf,Medium,4
01HPYDXV37AYYKVCRQY6RCGJWS,6/7/2023,dkornasnx@scientificamerican.com,Davon,Kornas,81937 Oriole Avenue,Canada,Hoody,XX-Large,4
01HPYDXV3AMTKZMES8KM1E1JGZ,11/6/2023,nmcelweeny@comcast.net,Normand,McElwee,3 Hoffman Way,France,Hoody,X-Large,1
01HPYDXV3DE0K6TJT71C0SPE6R,4/10/2023,bjzaknz@qq.com,Barnabe,Jzak,9401 Sutteridge Road,Norway,Sweater,Large,2
01HPYDXV3GH22AEN5ZQGTTGD9S,7/8/2023,mraltono0@narod.ru,Marjory,Ralton,57 Hintze Crossing,Argentina,Tshirt,Small,2
01HPYDXV3J53XWB4SEM9NR1BGS,11/22/2023,cstainburno1@comcast.net,Clyve,Stainburn,1 Bluejay Avenue,Sweden,Tshirt,XX-Large,1
01HPYDXV3N1A9EPAVBGQ7K1E0E,3/29/2023,ptoyero2@icq.com,Philippe,Toyer,33117 Derek Hill,Sweden,Tshirt,Large,2
01HPYDXV3QAJ5V9Y3F86XVG1G5,11/4/2023,abrimelowo3@free.fr,Allayne,Brimelow,239 5th Street,Sweden,Hoody,X-Large,1
01HPYDXV3T223GN1QHC95XWA8H,8/30/2023,trennocko4@army.mil,Torrence,Rennock,4 Moose Way,Brazil,Jacket,Large,4
01HPYDXV3WYE53HC54CSN1Y0MT,1/20/2023,crameleto5@buzzfeed.com,Cecilla,Ramelet,2 Oak Valley Junction,Australia,Tshirt,Medium,1
01HPYDXV3YZN5Q330QZNA7FZXJ,5/14/2023,bgrevatto6@icq.com,Barnard,Grevatt,700 Green Ridge Street,Brazil,Jacket,Large,2
01HPYDXV41Q6SFJ3X2XC1DJSYN,10/28/2023,tbenzieo7@desdev.cn,Tomasine,Benzie,8 Sunfield Way,France,Hoody,Medium,4
01HPYDXV44C1ZDSRTRA94BZKKJ,11/23/2023,gfarfullo8@phoca.cz,Gabbie,Farfull,27 Shoshone Hill,United States,Hat,X-Large,3
01HPYDXV47QXXZX6RCJT944D79,2/27/2023,epeato9@dion.ne.jp,Elvin,Peat,211 Sheridan Junction,United States,Hat,XX-Large,2
01HPYDXV4A2F4W6XJ6TAGHFX58,4/18/2023,rfurleyoa@senate.gov,Romy,Furley,46147 Oriole Crossing,France,Tshirt,Medium,3
01HPYDXV4D35ZXYR0M0SDGBSJ1,5/25/2023,thuckerbeob@sphinn.com,Tabby,Huckerbe,91784 Kennedy Circle,France,Hoody,Medium,4
01HPYDXV4GR6RS4D81FA0C9R6X,12/5/2023,sfoadoc@canalblog.com,Sandor,Foad,7 Evergreen Plaza,Brazil,Tshirt,X-Large,4
01HPYDXV4K78T7WJADCJ4T73W3,4/15/2023,dsimmod@wisc.edu,Dunc,Simm,43260 Declaration Street,United States,Tshirt,Large,1
01HPYDXV4P61WH1WFHMSD3HSG2,6/25/2023,bnegaloe@godaddy.com,Boy,Negal,99 Kinsman Road,United States,Gloves,Medium,1
01HPYDXV4S1JHSZAKDBRQN80J8,6/21/2023,gmuggletonof@chicagotribune.com,Gustie,Muggleton,46 Sunnyside Lane,Peru,Hoody,XX-Large,2
01HPYDXV4WCB7XFAWWGGVC6SZ9,10/11/2023,ascougalog@scientificamerican.com,Andrea,Scougal,802 Springs Parkway,Canada,Hoody,Medium,1
01HPYDXV4Z679B02QBVP1M497V,1/25/2023,afrenzeloh@webs.com,Adelheid,Frenzel;,0 Manley Lane,Ireland,Hat,Large,1
01HPYDXV52AZ6BQCFDEV90QPXV,3/25/2023,codeveyoi@archive.org,Cordy,O'Devey,70 Sunnyside Lane,Brazil,Scarf,Medium,2
01HPYDXV55H4AX1ZJPWB4YD0H1,5/14/2023,gmossonoj@google.com.hk,Gavra,Mosson,0 Golf Course Alley,Argentina,Tshirt,Large,2
01HPYDXV57WC2DFXJTT10X0NRZ,11/14/2023,ckhomishinok@google.cn,Coletta,Khomishin,559 Ruskin Point,Sweden,Tshirt,XX-Large,2
01HPYDXV5ABVTA7NYHPCDFAF6Q,1/8/2023,grigbyeol@oracle.com,Genvieve,Rigbye,21 Sutteridge Parkway,Brazil,Hat,Medium,1
01HPYDXV5DBWPTEWA1NXCHK8BH,6/14/2023,dkellenom@ocn.ne.jp,Der,Kellen,8806 Bonner Crossing,Sweden,Sweater,Medium,4
01HPYDXV5FVC74422YQXZ91574,11/19/2023,rhibbarton@com.com,Reg,Hibbart,1894 Talisman Park,Sweden,Tshirt,Large,4
01HPYDXV5KMREJKZ09NYAKVQQ6,6/19/2023,ywebleyoo@apple.com,Yancy,Webley,99 Jenna Lane,France,Hoody,Small,1
01HPYDXV5PJ4PFQBE6VCKE809S,1/20/2023,flacyop@trellian.com,Feliks,Lacy,4 Petterle Circle,Nigeria,Jacket,X-Large,4
01HPYDXV5SRRCHVYCT8QMP4SNP,12/15/2023,cdumphryoq@creativecommons.org,Carry,Dumphry,86146 Towne Way,Sweden,Hoody,X-Large,3
01HPYDXV5WQEGGB0W0F4CQXG9J,7/26/2023,emcphilemyor@cloudflare.com,Emmaline,McPhilemy,80 Anniversary Alley,France,Hoody,Medium,1
01HPYDXV5YPGVPAJGYHVEWCDD7,9/27/2023,mrattos@microsoft.com,Maddie,Ratt,8 Portage Point,France,Shorts,Medium,1
01HPYDXV610HKX6E80R6V4A396,9/5/2023,zlamburnot@ed.gov,Zacharia,Lamburn,96 Sloan Park,Peru,Shorts,Medium,4
01HPYDXV64ERDXR845RVXWH7A5,4/28/2023,dchittleburghou@buzzfeed.com,Darcie,Chittleburgh,1 Thierer Alley,Peru,Tshirt,Large,3
01HPYDXV67SPVT25K51GW6DDDK,8/5/2023,bloudyanov@tamu.edu,Brittany,Loudyan,39008 Northland Alley,Nigeria,Tshirt,XX-Large,3
01HPYDXV6AKR5BVTSBYK129FHS,10/18/2023,fhonatschow@rambler.ru,Fitz,Honatsch,111 Menomonie Place,Argentina,Tshirt,Medium,4
01HPYDXV6DFB3NDG7FABQKEDH9,9/17/2023,hbarnsox@twitpic.com,Harbert,Barns,724 Lotheville Point,United States,Hat,Medium,2
01HPYDXV6GM1DJ29PJCVR8G2AZ,2/11/2023,hwestripoy@nih.gov,Hilary,Westrip,85 Forest Avenue,Brazil,Hoody,Medium,1
01HPYDXV6MNPYBG4PF1HNQNNZ6,3/11/2023,mbroaderoz@boston.com,Marthena,Broader,7 Di Loreto Lane,Spain,Hoody,Medium,4
01HPYDXV6QXQJZD6K23T08G4XB,11/12/2023,llanphierp0@aol.com,Lenna,Lanphier,78343 Pierstorff Hill,Spain,Hoody,X-Large,2
01HPYDXV6T873MTXW5BPJKGS04,1/12/2023,vvodenp1@rakuten.co.jp,Vassili,Voden,04420 Bunting Pass,Chile,Scarf,Medium,4
01HPYDXV6WYRZ227ZH9ZMFQRTK,10/12/2023,cnavarijop2@bbb.org,Chev,Navarijo,8 Mcbride Avenue,France,Tshirt,X-Large,3
01HPYDXV6YAJK9YHRNW872BHR8,7/25/2023,sabramamovhp3@epa.gov,Sig,Abramamovh,77393 Warrior Lane,France,Sweater,Large,4
01HPYDXV70QN9NJ2H6QD61VJ6B,5/22/2023,abellwardp4@bigcartel.com,Alanson,Bellward,77718 8th Lane,Germany,Scarf,Medium,1
01HPYDXV72YW1GG5V3JSEWN7D5,11/5/2023,gballingp5@odnoklassniki.ru,Geralda,Balling,64622 Declaration Junction,Brazil,Tshirt,Medium,2
01HPYDXV74DD034BKANXBQ4W61,10/11/2023,acrosep6@amazon.com,Anthea,Crose,81466 Steensland Way,Peru,Hoody,Medium,1
01HPYDXV76MWMZH3WREH2R9NYH,5/14/2023,tgatherellp7@tinypic.com,Trever,Gatherell,0964 Larry Junction,France,Scarf,Small,2
01HPYDXV787XTAVSQ0S0PBV2N6,8/22/2023,rjahnigp8@sciencedirect.com,Ransom,Jahnig,93107 Esker Way,Norway,Shorts,XX-Large,1
01HPYDXV795GWDECBJ4FSYVRZ5,6/8/2023,glittlemorep9@wikia.com,Genevra,Littlemore,553 Oak Hill,Brazil,Shorts,XX-Large,4
01HPYDXV7CFKBHDXKQYYYETJAT,2/9/2023,ckorpalpa@biglobe.ne.jp,Colby,Korpal,056 Anderson Road,United States,Hoody,Small,2
01HPYDXV7FPSTVX1BHQQENV531,11/26/2023,ctowndrowpb@google.pl,Caralie,Towndrow,12046 Manley Court,Brazil,Scarf,Medium,1
01HPYDXV7HP8W46AASB4G0CQC1,3/27/2023,gleveretpc@who.int,Geralda,Leveret,1 Lukken Junction,France,Scarf,Medium,4
01HPYDXV7KD4X5JPY47T9E9V23,8/15/2023,clatepd@answers.com,Cosmo,Late,775 Dorton Court,United States,Hoody,X-Large,2
01HPYDXV7PYDZMPYTEQWFGZ9VY,12/23/2023,hlubbockpe@ow.ly,Hetti,Lubbock,62041 Oneill Street,United States,Hat,Medium,3
01HPYDXV7S7XRXYG0QHYCNE8G6,4/11/2023,bbehrendpf@msn.com,Barney,Behrend,5873 Atwood Street,Nigeria,Hoody,Large,1
01HPYDXV7VPJNN0KXHKY2XDKNE,10/26/2023,etoftspg@photobucket.com,Emelda,Tofts,995 Colorado Road,France,Tshirt,Medium,2
01HPYDXV7XDY8H3Z0PJNQPDY2B,12/22/2023,jmunningph@behance.net,Judie,Munning,2612 Autumn Leaf Circle,Brazil,Shorts,Medium,3
01HPYDXV80GZ42GTW3J3QMW4FH,1/2/2023,tdabbspi@jalbum.net,Tobey,Dabbs,16319 Montana Lane,Canada,Hoody,Small,3
01HPYDXV82C8XAP5S4CZBYQY49,9/29/2023,lbayldonpj@illinois.edu,Lauren,Bayldon,48297 Del Mar Trail,Brazil,Tshirt,XX-Large,2
01HPYDXV85DQEEMYQ6DFW50X8J,6/10/2023,cdecreuzepk@cocolog-nifty.com,Catriona,Decreuze,24 Scofield Lane,Nigeria,Sweater,Medium,1
01HPYDXV88V033WTTXCW4RJHZG,12/11/2023,lbagguleypl@nydailynews.com,Leontine,Bagguley,31392 Blue Bill Park Center,Chile,Hoody,XX-Large,3
01HPYDXV8BQK20SCCNBYS9DFBG,3/12/2023,rmaclachlanpm@symantec.com,Ruy,MacLachlan,758 Stang Circle,Brazil,Tshirt,Medium,4
01HPYDXV8E1JGBBN527G7V5MTY,8/25/2023,aosipovpn@patch.com,Aleta,Osipov,2 Sutteridge Place,Brazil,Tshirt,XX-Large,3
01HPYDXV8J0DAFQB0R1DPBX909,5/20/2023,bhearnamanpo@typepad.com,Bryan,Hearnaman,7 Lindbergh Hill,France,Scarf,Small,1
01HPYDXV8NNG4Y6J8G0CESPQ59,3/11/2023,vbickerstassepp@friendfeed.com,Velvet,Bickerstasse,9768 Scofield Crossing,Peru,Jacket,X-Large,3
01HPYDXV8RCMBNJYCV038XA23B,9/13/2023,azuanazzipq@cloudflare.com,Allina,Zuanazzi,8535 Lotheville Court,Brazil,Hoody,Medium,2
01HPYDXV8WD78XC8TJW4MW86NW,2/22/2023,oplowrightpr@multiply.com,Omero,Plowright,7250 Bultman Way,Uruguay,Sweater,Large,1
01HPYDXV8Z2Z9F6FX5VQPBZDD0,8/27/2023,cmaccrackenps@youtube.com,Carlin,MacCracken,69 Oak Valley Avenue,Argentina,Jacket,Medium,2
01HPYDXV914D1NYQF9ED0P5VBG,2/2/2023,lcranglept@guardian.co.uk,Loria,Crangle,08 Anhalt Hill,Brazil,Hoody,Large,1
01HPYDXV94RRZN7B6RR9EJYPK2,11/13/2023,mshipcottpu@salon.com,Margalit,Shipcott,296 Dennis Avenue,Nigeria,Hat,Medium,2
01HPYDXV96C512KCPAWP2JYZDR,11/12/2023,scatlettepv@twitter.com,Sascha,Catlette,7 Hanson Lane,Argentina,Scarf,Medium,4
01HPYDXV9ANKABN6MBP6Y590XH,9/25/2023,scatenotpw@cocolog-nifty.com,Sadella,Catenot,0 Caliangt Lane,Uganda,Tshirt,Medium,1
01HPYDXV9DQHZHFZ6ZQCF1KBFC,8/5/2023,hmunnpx@miitbeian.gov.cn,Hannah,Munn,36 Mockingbird Pass,United States,Scarf,Large,4
01HPYDXV9GPFRBFWJCGN89XGRC,2/7/2023,rmowsleypy@sogou.com,Raina,Mowsley,74321 2nd Hill,Sweden,Shorts,X-Large,3
01HPYDXV9KER34M0CQWJMMC2VH,4/25/2023,bpasbypz@quantcast.com,Bambi,Pasby,85 Clarendon Junction,Brazil,Scarf,Small,2
01HPYDXV9PJ1V37Q70BHEY9K24,10/14/2023,bcopnarq0@mit.edu,Bartlet,Copnar,15 Southridge Park,Sweden,Shorts,Large,2
01HPYDXV9RHDMP3ZXAYNX4PTAR,3/17/2023,flairdq1@who.int,Faulkner,Laird,1037 Kingsford Hill,France,Scarf,XX-Large,1
01HPYDXV9VZ8Q1FEH46MS3E9PE,10/22/2023,cswindinq2@nih.gov,Catarina,Swindin,26 Westerfield Point,Sweden,Hoody,Large,4
01HPYDXV9Y88FNS13JVHSVGFH2,4/24/2023,anewburyq3@google.it,Alethea,Newbury,78063 Macpherson Hill,Argentina,Sweater,Medium,4
01HPYDXVA0JJKWYDBQE81FM7ZA,8/30/2023,ocicettiq4@odnoklassniki.ru,Odette,Cicetti,5 Springview Circle,Brazil,Sweater,X-Large,1
01HPYDXVA3XPJWCE0BAZEW0GKC,1/13/2023,mbremleyq5@uol.com.br,Monroe,Bremley,6 Rieder Crossing,Ireland,Hoody,Large,2
01HPYDXVA59K9DBNXAMCR8A5ST,3/24/2023,alarkkemq6@cmu.edu,Arnie,Larkkem,4 Dunning Avenue,France,Hat,Small,4
01HPYDXVA88PZFY5WA2QHKEQ7T,6/1/2023,vvaheyq7@infoseek.co.jp,Victoria,Vahey,82 Pennsylvania Hill,France,Tshirt,XX-Large,4
01HPYDXVABS5AJBBRSEYJ320XY,4/10/2023,jhakingq8@theglobeandmail.com,Jermain,Haking,2 Lillian Circle,Brazil,Tshirt,Large,4
01HPYDXVAFRHE3TR6CHTJMMRAS,10/5/2023,cgoodenq9@edublogs.org,Claudian,Gooden,69 Debs Terrace,France,Sweater,Medium,1
01HPYDXVAJAHPTRQ5ZPD837WBR,6/14/2023,amecoqa@state.gov,Atlanta,Meco,6 Pond Lane,Sweden,Tshirt,Large,3
01HPYDXVAN2N57YWM71H1MBKHB,6/22/2023,spoleyqb@microsoft.com,Sebastiano,Poley,511 Westend Park,Nigeria,Hat,Medium,4
01HPYDXVAS69Q1WKF240CRHQKR,6/18/2023,rnatalieqc@admin.ch,Reeva,Natalie,3025 Waxwing Trail,United States,Gloves,Small,2
01HPYDXVAWS7S1DFST55WJ9T0A,4/14/2023,sbittenqd@buzzfeed.com,Sheelah,Bitten,1732 Drewry Crossing,Brazil,Hoody,Medium,1
01HPYDXVAZRE301BD685NYTSXT,3/24/2023,nespinqe@forbes.com,Neilla,Espin,28327 Hintze Street,United States,Hoody,Medium,4
01HPYDXVB2A3QFW3CTWWHY022F,5/2/2023,kliddenqf@usda.gov,Kirsten,Lidden,03 Bartillon Lane,Argentina,Hoody,Medium,4
01HPYDXVB63SGBEYQM1S099B70,8/21/2023,curreyqg@utexas.edu,Cleon,Urrey,87 Dawn Parkway,Argentina,Jacket,XX-Large,1
01HPYDXVB9Q9CEXX91Y9CPFXCV,4/19/2023,cvosperqh@japanpost.jp,Cordi,Vosper,65 Moland Road,Nigeria,Scarf,XX-Large,2
01HPYDXVBCW4C0CCSXZE3YCRKD,6/2/2023,mcuestaqi@ed.gov,Mahala,Cuesta,291 Briar Crest Junction,Peru,Shorts,Medium,3
01HPYDXVBFENR5R8QFHBM54N2T,9/10/2023,kjelksqj@jugem.jp,Korie,Jelks,19578 Hudson Circle,Sweden,Tshirt,XX-Large,3
01HPYDXVBJ6ZHGE7CE2FA7E5FP,1/8/2023,nvivashqk@purevolume.com,Norina,Vivash,9559 Maywood Drive,Brazil,Hoody,Medium,2
01HPYDXVBPDP18DF2W7PHEW45E,5/19/2023,lfilmerql@biblegateway.com,Luke,Filmer,534 Oakridge Trail,France,Hoody,Medium,1
01HPYDXVBS40HEABG5KDT86Q6K,10/12/2023,sjayumeqm@weibo.com,Sal,Jayume,275 Bartelt Center,Brazil,Shorts,Large,3
01HPYDXVBWYVEVWQJWWRVE5DXC,12/22/2023,ahaggasqn@canalblog.com,Annemarie,Haggas,51 Claremont Crossing,United States,Hoody,XX-Large,1
01HPYDXVBZASK8RPMTPYB35ETW,7/19/2023,rnisbetqo@unc.edu,Rockie,Nisbet,4 Dorton Road,Bosnia and Herzegovina,Gloves,Small,2
01HPYDXVC28140DNBN150EPX2J,3/22/2023,bblesdillqp@house.gov,Brade,Blesdill,412 South Circle,United States,Scarf,Medium,2
01HPYDXVC5Q1AYNZDX8AH52N3K,2/16/2023,karundelqq@umn.edu,Kristien,Arundel,3 American Place,France,Tshirt,X-Large,1
01HPYDXVC8ZFQ0WS9PP4H460QJ,1/18/2023,mdudmanqr@tiny.cc,Marcellus,Dudman,41 Sunnyside Drive,France,Scarf,Large,1
01HPYDXVCBHKHVRRTDGMG7591Y,12/27/2023,peveralqs@spiegel.de,Phillip,Everal,8 Acker Center,Argentina,Hoody,Large,4
01HPYDXVCED5X8Z02XDH99ASF4,2/27/2023,mmacclayqt@accuweather.com,Marsh,MacClay,8 Porter Parkway,United States,Sweater,Medium,2
01HPYDXVCJBKBD1EX60KSAFZE6,7/4/2023,tallibanqu@gov.uk,Tibold,Alliban,195 Hovde Parkway,Sweden,Hoody,Medium,3
01HPYDXVCNX1GXBSB3TJWXG7RW,10/7/2023,jmcgeadyqv@auda.org.au,Jobi,McGeady,2 Hooker Pass,United States,Sweater,Small,4
01HPYDXVCQ5E3AXCQM11E8SE22,3/19/2023,swilleyqw@sphinn.com,Seline,Willey,47 Bunting Point,United States,Shorts,Medium,1
01HPYDXVCTQRFER5PQ82S96JT5,12/29/2023,bpitrolloqx@networkadvertising.org,Bennie,Pitrollo,32803 Fair Oaks Parkway,Peru,Tshirt,Large,1
01HPYDXVCXZ3ENR4G7DN2DG0G9,11/6/2023,itedderqy@nbcnews.com,Isaiah,Tedder,3 Goodland Park,Sweden,Tshirt,Large,1
01HPYDXVCZGD9A31ER06H5GCFB,6/4/2023,fbedwellqz@ftc.gov,Francene,Bedwell,063 Spohn Place,Peru,Tshirt,Large,3
01HPYDXVD21F7A3Y5CF7G9F16X,4/19/2023,rburrillr0@bizjournals.com,Rikki,Burrill,866 Starling Avenue,Brazil,Jacket,Large,4
01HPYDXVD4ZBWYH9JNKNG78YNF,11/2/2023,aazemarr1@com.com,Angelina,Azemar,0347 Logan Court,Norway,Scarf,XX-Large,3
01HPYDXVD6Z79TB34W81D11BGK,5/13/2023,rbrainr2@google.nl,Richie,Brain,5 Pepper Wood Avenue,Brazil,Tshirt,Large,3
01HPYDXVD8HGVKQ7ND5JV2TJ13,6/12/2023,kridenr3@wiley.com,Kelly,Riden,42 Hoffman Avenue,Brazil,Jacket,X-Large,1
01HPYDXVD99X0T8WCK9ZXS4PSC,3/25/2023,jbacksr4@hostgator.com,Jessy,Backs,252 Manitowish Center,France,Jacket,Small,4
01HPYDXVDANTYN61PB53JCARDQ,3/14/2023,dhellwigr5@yellowbook.com,Dela,Hellwig,3229 Basil Crossing,Argentina,Tshirt,Large,2
01HPYDXVDC4ZVWNZ51F9A3JHTK,8/7/2023,jpawlatar6@github.io,Janka,Pawlata,30770 Monument Court,Sweden,Tshirt,Large,1
01HPYDXVDE1YK23YHQFJZJP5K9,12/23/2023,ltippinr7@dedecms.com,Lucretia,Tippin,03244 Luster Lane,Brazil,Hoody,X-Large,3
01HPYDXVDFG3RMB517YZ5Z9PFG,8/3/2023,mnewdickr8@github.com,Maurene,Newdick,01 Badeau Drive,Argentina,Sweater,Large,1
01HPYDXVDGQGACNB2Y7QPT9JCA,1/13/2023,wfowlsr9@eventbrite.com,Willdon,Fowls,6866 Springview Road,Norway,Sweater,Medium,1
01HPYDXVDH33ZP63Q3QNC7T72K,3/4/2023,dbonevantra@yale.edu,Danyette,Bonevant,5 Vahlen Drive,France,Scarf,Small,1
01HPYDXVDJYKJHKERZBY8MY2EG,4/30/2023,mwallbridgerb@goodreads.com,Malanie,Wallbridge,34290 Ridgeview Park,Sweden,Hat,Large,3
01HPYDXVDMR5N1K1MKRYF2G0CF,11/13/2023,mgoudgerc@cnet.com,Maurise,Goudge,2294 Valley Edge Plaza,Brazil,Tshirt,Small,2
01HPYDXVDN3T77FRJVWWC99WVZ,4/22/2023,iaverayrd@zimbio.com,Ignace,Averay,386 Killdeer Drive,France,Hoody,XX-Large,4
01HPYDXVDP7RQ3SW0WKTAA5H0D,12/23/2023,enewsteadre@purevolume.com,Emmy,Newstead,638 Sunnyside Street,Peru,Sweater,X-Large,3
01HPYDXVDQEXQ4BG0G4VE5P1X6,8/15/2023,wheelrf@netscape.com,Wilfred,Heel,70 Fair Oaks Road,Sweden,Jacket,Medium,4
01HPYDXVDS214C6886F0GTVCZG,11/8/2023,skegleyrg@utexas.edu,Sondra,Kegley,72184 Heffernan Alley,Sweden,Tshirt,X-Large,2
01HPYDXVDT9EDR7VK6BBA5ESQT,2/26/2023,bdeangelorh@istockphoto.com,Beauregard,De Angelo,048 Memorial Point,United States,Sweater,XX-Large,3
01HPYDXVDW8XRZZVBY5D53PZAK,12/27/2023,jmonahanri@webs.com,Joyann,Monahan,86 Westerfield Pass,Brazil,Hat,Medium,3
01HPYDXVDXZ9AKGQ50JSJ9NVGM,6/27/2023,nralestonerj@etsy.com,Nicholle,Ralestone,6 Meadow Vale Hill,Peru,Hoody,Medium,4
01HPYDXVDYSQHYBMCDWV7EBJ9P,7/16/2023,jswaddlerk@netvibes.com,Jacquie,Swaddle,378 Forest Run Avenue,Argentina,Scarf,Large,2
01HPYDXVDZ3MWVME4M8A0B5R5W,7/24/2023,btugmanrl@clickbank.net,Buiron,Tugman,38057 Maple Lane,Brazil,Shorts,XX-Large,4
01HPYDXVE199WKGSG48H4X0K66,5/11/2023,jshackletonrm@china.com.cn,Justinian,Shackleton,360 Meadow Valley Circle,Canada,Sweater,Small,4
01HPYDXVE261DCAW0H9VV98RP8,3/18/2023,jsleithrn@last.fm,Jo,Sleith,38 Amoth Pass,United Kingdom,Jacket,Medium,2
01HPYDXVE3MKQRCPNVTFABSCEY,7/16/2023,rpawelsro@independent.co.uk,Robinet,Pawels,9 Rutledge Junction,Argentina,Sweater,Large,3
01HPYDXVE5RZ1M7SPCD68K3VX4,3/25/2023,cpoundesfordrp@feedburner.com,Clare,Poundesford,5 Sullivan Circle,Sweden,Tshirt,Medium,1
01HPYDXVE6XF6TFYPRVB359E1E,1/27/2023,cspeachleyrq@china.com.cn,Cortney,Speachley,7 Hoepker Circle,Germany,Hoody,XX-Large,3
01HPYDXVE771CCS4XZC7A1AAA7,5/1/2023,mluisettirr@chicagotribune.com,Magda,Luisetti,9 Drewry Place,France,Hoody,XX-Large,4
01HPYDXYDC2QZ31D4SM72E8ZR1,3/22/2023,sgrandison0@mtv.com,Sanderson,Grandison,1 Logan Point,Brazil,Gloves,Small,4
01HPYDXYFH3BFT0SD37X18QNVW,9/5/2023,gsumnall1@washington.edu,Gracia,Sumnall,523 Forster Crossing,Peru,Shorts,XX-Large,4
01HPYDXYFMJTAMQX2QHK8ZZ5N0,3/2/2023,thaysar2@slashdot.org,Tyne,Haysar,81471 Del Mar Lane,France,Scarf,Medium,4
01HPYDXYFPXS9T5WY7CBGCXFCM,4/29/2023,bmowsdell3@tuttocitta.it,Bonny,Mowsdell,32853 Spohn Parkway,France,Tshirt,Medium,3
01HPYDXYFRFNQVEZR6B9JKP1SS,10/1/2023,emenlove4@topsy.com,Emmet,Menlove,296 Service Avenue,Ireland,Hat,Medium,1
01HPYDXYFTBGJ9VED1WWQ7H7Q5,10/16/2023,lcoxen5@blogger.com,Lucretia,Coxen,444 Melvin Center,Argentina,Hoody,Large,2
01HPYDXYFWKC9CXCSMYKNP62PC,12/14/2023,cstonehouse6@godaddy.com,Cecilio,Stonehouse,70005 Brown Lane,France,Sweater,Large,2
01HPYDXYFZ3WRMAE0QKG069V8J,7/12/2023,erenney7@baidu.com,Ethelred,Renney,7 Scoville Avenue,Bosnia and Herzegovina,Hoody,Medium,2
01HPYDXYG2VGKJVCESDWC1R7NF,8/30/2023,kingleby8@wiley.com,Konstanze,Ingleby,8972 Golf View Junction,Sweden,Tshirt,XX-Large,1
01HPYDXYG4JY3JKPYF9MRRW0D1,1/14/2023,bmelladew9@nifty.com,Britteny,Melladew,7258 Briar Crest Drive,Argentina,Hat,Medium,3
01HPYDXYG69FZQ81G4CK2ND35S,5/28/2023,abannarda@theatlantic.com,Ainslee,Bannard,0737 Rieder Trail,Chile,Scarf,Medium,4
01HPYDXYG71T6PT833DA50HBFV,8/18/2023,hchildb@hc360.com,Hervey,Child,5351 Evergreen Junction,Canada,Tshirt,Medium,3
01HPYDXYG8JSGQV6HX05DHTWXW,12/15/2023,lhanstockc@wufoo.com,Laurie,Hanstock,1 Barby Road,United States,Hat,Medium,3
01HPYDXYGA8B6GZ2J99ST23TJ9,2/8/2023,bclacksond@disqus.com,Bili,Clackson,007 Bobwhite Park,Uganda,Tshirt,Medium,3
01HPYDXYGBEGK3J8ZERQX17KEE,1/11/2023,gnicee@g.co,Gwenny,Nice,49 Bartelt Terrace,Nigeria,Sweater,Medium,1
01HPYDXYGCVHCC04KQ12XYAYW8,6/17/2023,rspencersf@mozilla.com,Ruggiero,Spencers,9369 Manley Street,Ireland,Sweater,Large,1
01HPYDXYGD2VKHJXKM2G1BT7P9,12/13/2023,asarfasg@myspace.com,Abbott,Sarfas,7 Express Junction,France,Tshirt,Small,4
01HPYDXYGF5HZFZWJ6DQAVC5SQ,7/16/2023,gspofforthh@wsj.com,Gertie,Spofforth,7749 Arkansas Terrace,Brazil,Tshirt,Large,3
01HPYDXYGG32TZGVFGQH2P0B0G,4/30/2023,bfishlyi@time.com,Bobinette,Fishly,89543 Ohio Court,Peru,Hat,Large,2
01HPYDXYGH4K5E5RRDNH5QGH67,2/19/2023,nbarronj@yellowbook.com,Nahum,Barron,63 Pleasure Pass,Brazil,Hoody,Medium,2
01HPYDXYGKSHCBMKXDH5FZHSWE,4/21/2023,pfarrak@devhub.com,Pall,Farra,8402 Eastwood Pass,Sweden,Hoody,Large,1
01HPYDXYGMRRS6CE5RFV8PQX9N,5/3/2023,jhansilll@un.org,Jewel,Hansill,9087 Hanson Junction,Nigeria,Tshirt,Small,1
01HPYDXYGPP7BR624811XPTFS6,3/21/2023,sfaldoem@edublogs.org,Solomon,Faldoe,6 Dwight Park,Nigeria,Sweater,Small,3
01HPYDXYGQWDP77HAF1HC81RSD,3/14/2023,rlongbottomn@eventbrite.com,Reinaldo,Longbottom,687 Cottonwood Park,Sweden,Tshirt,Medium,2
01HPYDXYGSEZEAP22Y7CPAR44B,7/1/2023,cromao@chron.com,Clarisse,Roma,099 Grim Trail,Ireland,Hoody,Medium,1
01HPYDXYGW7GRDABJJX6PKJ7GV,2/5/2023,hmaxwailep@photobucket.com,Helyn,Maxwaile,22601 Northfield Crossing,Sweden,Scarf,X-Large,1
01HPYDXYGYD4ZS1RXGCWH905RY,5/17/2023,elamartineq@zdnet.com,Eunice,Lamartine,0188 Haas Plaza,Brazil,Sweater,Medium,2
01HPYDXYGZ7H05NPXTXJK5TH32,2/22/2023,lkinsmanr@domainmarket.com,Lizzy,Kinsman,402 Bluestem Park,Sweden,Sweater,Large,1
01HPYDXYH21V46332WN06XBDRC,10/25/2023,lkemmetts@themeforest.net,Luella,Kemmett,1772 Goodland Drive,France,Scarf,Medium,4
01HPYDXYH431CNVVVR29F5NV3N,3/2/2023,tcharkert@de.vu,Teodoor,Charker,77404 Waubesa Alley,France,Hoody,X-Large,1
01HPYDXYH6YYHEQ4Y3KDZ3QQ6E,7/5/2023,kmaccoveneyu@ebay.co.uk,Karlis,MacCoveney,43 Johnson Alley,Ireland,Tshirt,Medium,1
01HPYDXYH8QZVSZX3BBRXEE8Q9,3/15/2023,ntanswillv@free.fr,Nessi,Tanswill,88 Garrison Junction,United States,Hat,XX-Large,1
01HPYDXYHBRS4VATDTM4FYAMN3,5/5/2023,asainthillw@reddit.com,Anabelle,Sainthill,45427 Drewry Street,Spain,Tshirt,Medium,3
01HPYDXYHD4S4EVC17K2P2ARN5,12/20/2023,gdanzeyx@csmonitor.com,Gleda,Danzey,7 Truax Pass,Spain,Tshirt,Medium,2
01HPYDXYHF5YAZJE8PJ31WTQR5,4/11/2023,hyeamany@ca.gov,Harman,Yeaman,8 Oakridge Trail,Sweden,Shorts,Medium,4
01HPYDXYHJQDB50RMK40XMHEKH,8/12/2023,bfickz@delicious.com,Binky,Fick,655 Brickson Park Park,Peru,Jacket,Large,1
01HPYDXYHNKDGD10BDHR3WKVB1,3/29/2023,lforsdicke10@abc.net.au,Lucy,Forsdicke,2987 Goodland Park,Chile,Scarf,Medium,3
01HPYDXYHQMCQJNND5NEVXGCJP,10/14/2023,ycattell11@nydailynews.com,Yvonne,Cattell,015 Nelson Alley,United States,Scarf,XX-Large,4
01HPYDXYHTKDGPJD1WWRT5N4YM,5/6/2023,fkirkam12@lulu.com,Franny,Kirkam,1 Hollow Ridge Street,Nigeria,Tshirt,Large,1
01HPYDXYHXRS4AS4F6Z98NNZ16,12/19/2023,afinci13@theglobeandmail.com,Alvy,Finci,6 Sheridan Point,Peru,Tshirt,Large,4
01HPYDXYHZWV9XVFJ54RG47YM4,5/31/2023,rlitchmore14@ocn.ne.jp,Robena,Litchmore,076 Messerschmidt Avenue,France,Sweater,XX-Large,2
01HPYDXYJ11X39FA4N4RCE687D,2/20/2023,kharcombe15@nyu.edu,Kellsie,Harcombe,81 Montana Plaza,Sweden,Tshirt,X-Large,3
01HPYDXYJ3SS4C45HN8BR86SDY,3/18/2023,pgittus16@tinypic.com,Preston,Gittus,03 Pawling Pass,United States,Hat,X-Large,3
01HPYDXYJ60JEFXDNYW83WV04P,12/20/2023,rmatteau17@drupal.org,Robb,Matteau,3 Mockingbird Junction,Canada,Hat,Medium,1
01HPYDXYJ9118MYYQ6MRTBZQCY,1/18/2023,bbaskerville18@liveinternet.ru,Blakelee,Baskerville,0 Emmet Junction,France,Hoody,Medium,2
01HPYDXYJB0KQK0M6K2MMGA3QC,9/16/2023,pworts19@istockphoto.com,Padriac,Worts,86132 South Pass,Brazil,Shorts,Large,4
01HPYDXYJE21TN05H35NSDA458,6/26/2023,dosichev1a@economist.com,Devon,Osichev,64683 Swallow Terrace,United States,Sweater,Large,1
01HPYDXYJHR73XXRYASMT4B7KN,3/6/2023,sdorber1b@gmpg.org,Sammy,Dorber,90157 Chive Court,Canada,Shorts,Small,1
01HPYDXYJMBW1CV7PEEP08553F,9/25/2023,tomahoney1c@sbwire.com,Tristan,O'Mahoney,0 Graceland Park,Nigeria,Sweater,X-Large,3
01HPYDXYJP97ARK343VJYFS7PK,1/24/2023,cismead1d@phoca.cz,Carlie,Ismead,4 Roth Hill,Canada,Hoody,X-Large,4
01HPYDXYJRA7B1K3EV85E93DBA,12/16/2023,alonergan1e@washington.edu,Ansel,Lonergan,8525 Mandrake Place,Argentina,Sweater,Large,2
01HPYDXYJV5ZNTDRHTF3SNVCZA,2/3/2023,jbuffery1f@merriam-webster.com,Jessi,Buffery,76248 Weeping Birch Pass,Bosnia and Herzegovina,Sweater,Small,4
01HPYDXYJXGVEG4TX4PEA9EPFR,6/1/2023,abayford1g@oakley.com,Anjanette,Bayford,6 Drewry Parkway,Peru,Sweater,Large,1
01HPYDXYK1T82ZCJPZ966XJK55,9/14/2023,fhaycraft1h@phpbb.com,Fayth,Haycraft,76 Pleasure Alley,Brazil,Hoody,X-Large,3
01HPYDXYK30FS3D5Z2BMSE9BMJ,4/28/2023,bpendlebury1i@uiuc.edu,Bern,Pendlebury,62 Westport Drive,United States,Tshirt,Medium,4
01HPYDXYK64TQ4RRG3Z0TRKPS3,5/7/2023,lboyford1j@webeden.co.uk,Lissie,Boyford,27 Hovde Street,United States,Hoody,Large,4
01HPYDXYK8THK7V92RRHW42GNK,8/14/2023,nalbinson1k@eventbrite.com,Nydia,Albinson,2 Thierer Court,Peru,Jacket,Small,1
01HPYDXYKA6D8GV5RFQ631RWV4,3/12/2023,ghalladey1l@mapy.cz,Genna,Halladey,671 Elmside Street,Brazil,Hoody,X-Large,4
01HPYDXYKDCCGTV95M89HHKF83,5/22/2023,rrobel1m@artisteer.com,Revkah,Robel,99 Starling Drive,Sweden,Hoody,Large,1
01HPYDXYKGZ16FFK5TZ3Z14CJZ,5/18/2023,zbrenton1n@woothemes.com,Zilvia,Brenton,04355 Fieldstone Circle,Brazil,Sweater,XX-Large,1
01HPYDXYKJRY2EK3ENNYKPH31J,4/7/2023,lklemenz1o@goo.ne.jp,Lyndsay,Klemenz,83 Holy Cross Pass,Chile,Hoody,XX-Large,2
01HPYDXYKMXKMWCQ0R7DS5EENH,12/25/2023,mabbes1p@fc2.com,Marketa,Abbes,511 Sheridan Terrace,Peru,Scarf,Medium,2
01HPYDXYKQCDAQT17JWA43E082,4/19/2023,ekincaid1q@blogs.com,Ealasaid,Kincaid,4 Sunnyside Lane,Argentina,Tshirt,X-Large,2
01HPYDXYKT92FGB9B4JW6AWB3Z,8/24/2023,aehlerding1r@networksolutions.com,Allys,Ehlerding,381 Drewry Park,Brazil,Scarf,Medium,1
01HPYDXYKWNA85470VSGA1J36X,12/3/2023,wmattussevich1s@mediafire.com,Wendell,Mattussevich,003 Beilfuss Avenue,Brazil,Hat,X-Large,2
01HPYDXYKY203DTJBMXE12CDPK,11/12/2023,lchavez1t@ted.com,Letty,Chavez,9497 Redwing Court,Brazil,Scarf,Medium,3
01HPYDXYM10R6ADXPYAEMSTQX6,2/8/2023,ebaldree1u@usa.gov,Emmye,Baldree,23 Nova Road,France,Hoody,Large,4
01HPYDXYM3MJ8DDZ2PXWGTXJNT,2/25/2023,ppedwell1v@com.com,Patric,Pedwell,62 Buena Vista Lane,Brazil,Sweater,Medium,4
01HPYDXYM6MK38XDYAE8NG84EY,3/7/2023,utunno1w@patch.com,Uriel,Tunno,55630 Algoma Center,Nigeria,Hat,X-Large,3
01HPYDXYMADNPFMBTRSDXAFT75,10/8/2023,sferrillio1x@myspace.com,Sayres,Ferrillio,8349 Lake View Lane,Sweden,Scarf,XX-Large,1
01HPYDXYMD1Z6K8WV729JZYWTP,7/3/2023,jtruwert1y@alexa.com,Jeth,Truwert,19 Melrose Court,Brazil,Hoody,X-Large,1
01HPYDXYMGSR83B4JKV1ARK2J7,10/12/2023,hburberye1z@aol.com,Hephzibah,Burberye,69 Golf Course Terrace,Brazil,Tshirt,XX-Large,1
01HPYDXYMKDMK32APESYX1ZKB3,6/7/2023,kpavkovic20@studiopress.com,Kym,Pavkovic,77 Nevada Way,Peru,Tshirt,Large,4
01HPYDXYMP4W0J0WP6RH1JMSHG,1/2/2023,sbenaharon21@ustream.tv,Sibbie,Ben-Aharon,2896 Lyons Trail,Germany,Hoody,Large,3
01HPYDXYMSHEYS7XT8CK9K09AD,11/30/2023,fdalziell22@aol.com,Felicdad,Dalziell,27999 Granby Pass,Norway,Hat,Small,4
01HPYDXYMXQXPTNKR9FJQ7XTAE,3/2/2023,echupin23@nasa.gov,Elena,Chupin,81 Hallows Court,Spain,Sweater,XX-Large,4
01HPYDXYN09MRWEXETPQX2NRR1,10/20/2023,etilford24@nps.gov,Eward,Tilford,3 Arapahoe Crossing,United States,Hoody,Large,2
01HPYDXYN24E71NPHYM211F6NQ,10/4/2023,gtroup25@auda.org.au,Garland,Troup,55281 Pierstorff Pass,Argentina,Gloves,Medium,1
01HPYDXYN5AYGY0K3ENMAEDCD8,12/15/2023,bschuler26@ox.ac.uk,Benito,Schuler,95849 Red Cloud Street,Ireland,Hoody,Small,1
01HPYDXYN8YW6KS26C8J4G7VTF,1/19/2023,slett27@bloglovin.com,Shani,Lett,41622 Nelson Street,United States,Tshirt,Small,1
01HPYDXYNBKFFAEGRA5NV26HV0,4/24/2023,ocongreve28@jalbum.net,Oren,Congreve,0183 Annamark Center,Brazil,Gloves,Medium,3
01HPYDXYNE7RNWGD6MW8Q2817Y,9/10/2023,nclewett29@nydailynews.com,Nicoline,Clewett,1141 Golden Leaf Crossing,Spain,Shorts,Medium,4
01HPYDXYNGVCD39MNY6753798Q,1/10/2023,bbernat2a@joomla.org,Bernette,Bernat,64489 Oriole Place,Peru,Tshirt,Medium,1
01HPYDXYNJRJRW8PE0DDYNP55S,7/17/2023,cwibrow2b@gmpg.org,Carrol,Wibrow,2273 Stoughton Circle,France,Hoody,X-Large,2
01HPYDXYNNKT85GR92DQBW827M,4/6/2023,mtzar2c@loc.gov,Malva,Tzar,20 Pleasure Plaza,Brazil,Shorts,Medium,2
01HPYDXYNQWZDHCAJR5BCTG679,2/28/2023,mfiltness2d@oracle.com,Meggie,Filtness,65 Crescent Oaks Parkway,France,Hoody,Medium,4
01HPYDXYNS28R289X5C4K5E80S,5/10/2023,sbilbery2e@house.gov,Sheppard,Bilbery,3630 Clyde Gallagher Place,Sweden,Jacket,Large,3
01HPYDXYNVB4C3HF59P6YS7CM7,9/25/2023,dmuslim2f@shutterfly.com,Doria,Muslim,51 Calypso Point,Peru,Shorts,Large,1
01HPYDXYNXQF1XX2KCJCW6DGSE,1/23/2023,gblacksell2g@yale.edu,Garald,Blacksell,89503 Loftsgordon Parkway,United States,Jacket,Medium,4
01HPYDXYP0SQFVP5MBJFT39FPE,10/26/2023,ajordi2h@blinklist.com,Annemarie,Jordi,35608 Walton Terrace,Brazil,Hoody,Large,4
01HPYDXYP3WAMKMW2JQR4NF3GS,3/1/2023,hweakley2i@wordpress.org,Hilary,Weakley,76 Delladonna Drive,United States,Gloves,Medium,4
01HPYDXYP65J79G80NQTS41285,2/19/2023,molliar2j@ihg.com,Mannie,Olliar,1 Stuart Circle,Canada,Gloves,Medium,2
01HPYDXYP90D5C8B3ETHDVN3PZ,12/28/2023,eleist2k@berkeley.edu,Evvie,Leist,72 Roxbury Avenue,Brazil,Hoody,Medium,4
01HPYDXYPCKG7QYBQEZWM2N257,1/12/2023,mmalbon2l@blogspot.com,Michal,Malbon,9 Sherman Road,France,Sweater,Small,2
01HPYDXYPF89E0T1X2Q3NG3MHN,11/16/2023,hcasazza2m@creativecommons.org,Huntlee,Casazza,503 Moose Parkway,Brazil,Scarf,Large,3
01HPYDXYPJXWVT9579B76F7HHG,6/8/2023,omonument2n@businesswire.com,Odessa,Monument,8694 Aberg Lane,Brazil,Gloves,Medium,1
01HPYDXYPPV68BPAYGH3FW56ZN,9/28/2023,eberrycloth2o@wp.com,Elie,Berrycloth,2828 Grayhawk Plaza,Sweden,Hoody,X-Large,2
01HPYDXYPSXF8154WKEKNWE5VW,4/17/2023,tkirkwood2p@photobucket.com,Tully,Kirkwood,39 Rockefeller Junction,Ireland,Sweater,Small,1
01HPYDXYPVWTJY1NT0Q647MNFA,10/8/2023,gkornilov2q@gmpg.org,Georg,Kornilov,3 Milwaukee Court,Nigeria,Hoody,Medium,3
01HPYDXYPXZ0GJQZM46FHDD1Z2,6/16/2023,rwalkinshaw2r@un.org,Rodd,Walkinshaw,6 Shoshone Parkway,Nigeria,Tshirt,Large,1
01HPYDXYPZBRC5HD0SFYQ3WTC6,1/8/2023,pblockley2s@paypal.com,Peggi,Blockley,87176 Crowley Alley,Argentina,Sweater,Medium,3
01HPYDXYQ2QS3NVZZE4V377YT7,7/3/2023,fbreakspear2t@kickstarter.com,Freddie,Breakspear,9 Acker Point,Peru,Sweater,Large,2
01HPYDXYQ4TTS1SDCPPMAG1ZXC,6/28/2023,abodicum2u@yelp.com,Alair,Bodicum,27336 Westend Plaza,Brazil,Sweater,Medium,4
01HPYDXYQ75ZAYT46A8TB8XFEN,4/4/2023,lpreon2v@bluehost.com,Lynne,Preon,74179 Welch Terrace,Argentina,Sweater,X-Large,2
01HPYDXYQ9MVVNQGF3ZE1TPZFF,6/29/2023,clonghorne2w@nifty.com,Candace,Longhorne,7212 Moose Road,Sweden,Shorts,XX-Large,3
01HPYDXYQCCZXK409RJY1BJ0WC,7/18/2023,pmarousek2x@loc.gov,Perry,Marousek,8 Birchwood Circle,France,Scarf,Small,1
01HPYDXYQF236Z12BZQR2K9RZH,6/6/2023,csisselot2y@sina.com.cn,Clayson,Sisselot,05852 Badeau Place,France,Hoody,Large,1
01HPYDXYQH0DKW7ACF3DE4RV87,10/1/2023,prooms2z@hexun.com,Pennie,Rooms,3203 Ilene Alley,United States,Shorts,Large,2
01HPYDXYQMBXDRHME1FT2KB3R3,10/30/2023,ldanilovitch30@mysql.com,Lucais,Danilovitch,6495 Shasta Street,United States,Hoody,XX-Large,3
01HPYDXYQQFDM8V69PQ6PB0E87,7/6/2023,dmcsperron31@usnews.com,Dyna,McSperron,813 Johnson Trail,Sweden,Hoody,Large,3
01HPYDXYQT8QNE8MY6XHYMVNME,6/22/2023,ofogg32@microsoft.com,Osbert,Fogg,55 Beilfuss Center,Chile,Sweater,Large,4
01HPYDXYQXJJRGHRW25D1NH54H,10/3/2023,hendrighi33@youku.com,Hildegaard,Endrighi,29759 Harbort Center,Nigeria,Scarf,Medium,3
01HPYDXYR0GWQTSR0J12EFX454,7/3/2023,lreadshaw34@dmoz.org,Lorie,Readshaw,1 Anthes Court,Brazil,Tshirt,Large,4
01HPYDXYR2HR3X50QH41NX9BAR,5/15/2023,jyouson35@pcworld.com,Jemima,Youson,8579 Butterfield Place,Brazil,Hoody,XX-Large,1
01HPYDXYR47942CNEMA7VAXMDP,6/29/2023,bdey36@infoseek.co.jp,Barth,Dey,572 Thackeray Park,France,Sweater,Large,3
01HPYDXYR7C5CD64KKVMTMQQGH,4/10/2023,mhare37@house.gov,Marcel,Hare,1 Loomis Junction,United States,Shorts,XX-Large,1
01HPYDXYR9Q82H7KK282DBMKFN,2/1/2023,mwestrope38@vkontakte.ru,Marisa,Westrope,4 Tomscot Lane,Spain,Gloves,X-Large,2
01HPYDXYRBVVQZC55NV0TQA7XX,1/10/2023,jinnocent39@studiopress.com,Janith,Innocent,3378 Forster Circle,Brazil,Hoody,Medium,1
01HPYDXYRE7TQFXMEC4EY1R1D4,2/22/2023,scresar3a@bigcartel.com,See,Cresar,14431 5th Parkway,Sweden,Shorts,Large,4
01HPYDXYRJRQMVF8V3FK0CWHBQ,7/21/2023,wcorradeschi3b@berkeley.edu,Will,Corradeschi,41 Haas Way,Peru,Shorts,X-Large,3
01HPYDXYRN3BXPPGBXANA1D6J3,2/22/2023,tlehemann3c@cdc.gov,Timothee,Lehemann,3 Stone Corner Center,United States,Shorts,X-Large,3
01HPYDXYRRDNESGM3EM2SSDBTB,11/30/2023,mgeane3d@de.vu,Marjy,Geane,2463 South Pass,France,Hoody,Medium,3
01HPYDXZ4XCFAFMDCDCNTG9YN9,3/5/2023,equennell3e@biglobe.ne.jp,Elfrida,Quennell,79 Mockingbird Road,Spain,Jacket,XX-Large,4
01HPYDXZ5022G4X16ZVRT17N8W,5/19/2023,lpennacci3f@posterous.com,Loren,Pennacci,81 Gateway Court,France,Tshirt,Small,1
01HPYDXZ52AS6EQWW1FH5W7BSJ,6/3/2023,lrackam3g@youtube.com,Linette,Rackam,45970 Butterfield Center,Canada,Tshirt,Medium,1
01HPYDXZ53MJEE27ADX33TNZ2D,8/20/2023,rdabner3h@google.nl,Rory,Dabner,75513 Katie Point,Sweden,Tshirt,Large,4
01HPYDXZ547KJWYTV79JWS3XXC,3/31/2023,ecarpenter3i@parallels.com,Elvina,Carpenter,69 Arrowood Pass,Brazil,Hat,XX-Large,1
01HPYDXZ55Q04TBET48YZCER3A,5/11/2023,mbavester3j@nih.gov,Mufi,Bavester,15 Havey Place,Argentina,Gloves,XX-Large,2
01HPYDXZ5745V889Y51D8FRAF3,1/2/2023,ljorissen3k@desdev.cn,Lek,Jorissen,2516 Susan Terrace,Canada,Shorts,Large,2
01HPYDXZ58JXZNQVSD899F5GEK,6/30/2023,cschenkel3l@webmd.com,Cobbie,Schenkel,69 Bowman Alley,Peru,Tshirt,Medium,4
01HPYDXZ5AYYXMSJT78ZDVSPRP,6/10/2023,jdavidi3m@newsvine.com,Jayne,Davidi,5 Fallview Crossing,United States,Shorts,Small,1
01HPYDXZ5C4PAFC9NM25WNPM8S,9/8/2023,jdaoust3n@wufoo.com,Jilleen,Daoust,482 Pearson Park,United States,Shorts,X-Large,2
01HPYDXZ5EZYP9RY1325KPQHVY,8/22/2023,idarwin3o@macromedia.com,Isabella,Darwin,94951 Katie Street,Sweden,Jacket,Large,2
01HPYDXZ5FHGFAHHHY9WA7JNTH,1/17/2023,msancto3p@prweb.com,Mord,Sancto,92 Daystar Terrace,France,Tshirt,Small,2
01HPYDXZ5GJY12HC6G5JG25F84,10/20/2023,lcressy3q@alexa.com,Lynnett,Cressy,3 Fairfield Road,Canada,Tshirt,X-Large,1
01HPYDXZ5J11A8M9TCP3DXR138,7/22/2023,jyegorov3r@nba.com,Jude,Yegorov,47 Farragut Circle,France,Jacket,Medium,3
01HPYDXZ5MMP8Z3FGJP41WXWXJ,1/15/2023,akirkwood3s@jigsy.com,Aileen,Kirkwood,200 Eagle Crest Park,Canada,Shorts,X-Large,2
01HPYDXZ5N3KRGYMTG54VCR9PR,9/10/2023,nsiebert3t@amazon.co.uk,Noland,Siebert,1 Helena Lane,Brazil,Tshirt,Large,1
01HPYDXZ5PBPMAJQBYRGSCGHAS,1/8/2023,jwinckworth3u@bluehost.com,Juliann,Winckworth,85117 Jenna Way,Brazil,Tshirt,XX-Large,2
01HPYDXZ5QJ9TNPS6NGJ7Z3CV8,12/13/2023,jcrinidge3v@mapquest.com,Josh,Crinidge,028 Farmco Avenue,Sweden,Hat,Medium,4
01HPYDXZ5S0DR421T29JNERT8X,5/13/2023,growaszkiewicz3w@arstechnica.com,Gavrielle,Rowaszkiewicz,245 Butterfield Terrace,Canada,Jacket,X-Large,2
01HPYDXZ5TCWZJZTFMZP8CNBQH,8/15/2023,bkezor3x@alibaba.com,Bernice,Kezor,8 Superior Alley,France,Hoody,Medium,2
01HPYDXZ5VAJ3BV774TVV29DK0,3/20/2023,sreddan3y@so-net.ne.jp,Susan,Reddan,5100 Annamark Court,United Kingdom,Hoody,Small,1
01HPYDXZ5WP3A3A6AXJE00PYJH,1/31/2023,kmandy3z@gnu.org,Keelby,Mandy,229 Dakota Lane,Sweden,Gloves,Medium,3
01HPYDXZ5YNPTM4J0V4BQEVWSA,6/26/2023,hpadgett40@topsy.com,Hatty,Padgett,2 Mariners Cove Trail,France,Hoody,Medium,3
01HPYDXZ5Z3YP8TB4PSYPH74RH,9/16/2023,rmessenbird41@ning.com,Rene,Messenbird,25016 Canary Place,Norway,Tshirt,Small,4
01HPYDXZ607AFETCQ3ZJXZKRHH,11/2/2023,jthomassin42@angelfire.com,Jermain,Thomassin,4 Ryan Road,Canada,Sweater,X-Large,2
01HPYDXZ627QMKJKTG9AH0SM48,3/27/2023,smeekings43@phpbb.com,Simmonds,Meekings,832 Schmedeman Crossing,France,Scarf,Medium,1
01HPYDXZ63D6SF6YN642CAQ2W5,2/27/2023,zjustis44@angelfire.com,Zulema,Justis,12951 Loeprich Place,Peru,Hoody,Small,3
01HPYDXZ64YCDKZ0SHDHS9TMRE,12/11/2023,rhousaman45@cpanel.net,Rafi,Housaman,1824 Mendota Junction,Ireland,Hat,XX-Large,4
01HPYDXZ651KRRZ17FYYA6Y46K,5/18/2023,fmadeley46@hp.com,Franzen,Madeley,667 Esker Court,United States,Jacket,Large,3
01HPYDXZ67Y0NFNNYCPM5EA72N,1/15/2023,astanton47@wikimedia.org,Alika,Stanton,518 Bashford Street,Chile,Gloves,Small,1
01HPYDXZ69R576CB1SBDK1RFC8,7/18/2023,oraitt48@elegantthemes.com,Orbadiah,Raitt,55 Main Trail,Brazil,Shorts,Medium,1
01HPYDXZ6ANQMMZ9GFXNNG4ANE,7/14/2023,dyarham49@nba.com,Daron,Yarham,7 Kensington Crossing,Ireland,Jacket,Large,4
01HPYDXZ6BCZJZ1JP4HFCVJXFP,10/9/2023,dskiplorne4a@loc.gov,Dela,Skiplorne,699 Mesta Point,France,Gloves,Medium,2
01HPYDXZ6CJ9WNSXP4YRCBNZWK,11/28/2023,mburdett4b@hud.gov,Marve,Burdett,73902 Maple Point,Bosnia and Herzegovina,Tshirt,Medium,4
01HPYDXZ6E563AF5VH9BXAG438,7/17/2023,ldunphy4c@odnoklassniki.ru,Lil,Dunphy,91716 Iowa Street,Sweden,Scarf,Large,4
01HPYDXZ6F28EBY8D0ZY048VWR,5/2/2023,jwhitehouse4d@wordpress.org,Jose,Whitehouse,34424 Talisman Place,Chile,Gloves,Medium,3
01HPYDXZ6G76P7G39VMM36QGE0,1/7/2023,skidsley4e@cam.ac.uk,Selby,Kidsley,77 Bartillon Circle,France,Tshirt,X-Large,1
01HPYDXZ6HCP9TYJNAXB00JCYR,11/29/2023,challor4f@wikipedia.org,Clio,Hallor,04 Johnson Lane,Argentina,Jacket,Medium,1
01HPYDXZ6KE3X9CN53BWY02PA9,4/13/2023,kglitherow4g@meetup.com,Keri,Glitherow,36690 Shopko Way,Brazil,Jacket,Large,4
01HPYDXZ6MXVR3V8BY97SW853W,1/17/2023,gandreini4h@imgur.com,Gwyn,Andreini,674 Debs Drive,Peru,Gloves,Large,1
01HPYDXZ6PB7Z8ZQAQ7SSG277C,9/8/2023,ematches4i@over-blog.com,Emelia,Matches,1026 Evergreen Plaza,Canada,Tshirt,Medium,1
01HPYDXZ6QGXD6BEZD720PZ598,11/20/2023,lcoats4j@naver.com,Lorene,Coats,62871 Elka Road,France,Tshirt,XX-Large,1
01HPYDXZ6RK7ETCNFPKMDPYW2E,7/16/2023,ctampling4k@google.com.au,Chandal,Tampling,47844 Mockingbird Crossing,Ireland,Shorts,Small,2
01HPYDXZ6T581H856AC9C3WKRX,3/3/2023,sfrankcom4l@ted.com,Simone,Frankcom,89257 Shasta Road,Brazil,Scarf,Medium,2
01HPYDXZ6V078N9PYVRZ4WSHGG,2/27/2023,kkullmann4m@hud.gov,Kym,Kullmann,9320 Vernon Drive,Nigeria,Jacket,Medium,3
01HPYDXZ6WJTMF68V5HKG1QA64,1/4/2023,hmarjanski4n@example.com,Hallsy,Marjanski,56 Springview Park,United States,Gloves,Medium,4
01HPYDXZ6XD206QDMKGAJXDC33,10/21/2023,ntorre4o@patch.com,Neille,Torre,187 Sage Center,France,Tshirt,Large,4
01HPYDXZ6YVSKY31YP1WXTG6NY,10/24/2023,trugg4p@nature.com,Tannie,Rugg,3 Alpine Plaza,Sweden,Tshirt,Small,1
01HPYDXZ7055S0BWDX7400F7DK,2/16/2023,amcnulty4q@elegantthemes.com,Allsun,McNulty,42541 Vidon Terrace,Sweden,Tshirt,Medium,1
01HPYDXZ71KZZSAA7VMX8NKHWB,9/19/2023,sblezard4r@oaic.gov.au,Suellen,Blezard,2299 Old Gate Center,Brazil,Shorts,Large,4
01HPYDXZ72DY0AK48SEKDTA5N2,7/14/2023,aody4s@sohu.com,Archaimbaud,Ody,52 Calypso Hill,Brazil,Tshirt,Small,2
01HPYDXZ74KYF3WVDYCVGWK2R4,1/22/2023,rcamerello4t@list-manage.com,Rowena,Camerello,738 Bartillon Crossing,United States,Sweater,Small,1
01HPYDXZ75EAAB1BDZ453KEXEQ,5/23/2023,mgalbraith4u@state.gov,Milena,Galbraith,3 Tennyson Place,Brazil,Scarf,Medium,1
01HPYDXZ76XGF0A4RZCZY206VV,2/14/2023,tsketcher4v@nytimes.com,Trumaine,Sketcher,6 Autumn Leaf Parkway,Sweden,Gloves,Medium,3
01HPYDXZ78D2XXY3R3Z14P6QYG,9/5/2023,sgadson4w@dion.ne.jp,Smitty,Gadson,98949 Blaine Court,Brazil,Hoody,Medium,3
01HPYDXZ79MEKRR5Y5372R08HD,12/2/2023,miannelli4x@t.co,Meriel,Iannelli,8938 8th Pass,United States,Hoody,Large,1
01HPYDXZ7ABZSPW6G626PAK65T,2/17/2023,dpindred4y@purevolume.com,Dino,Pindred,4 Carey Circle,Sweden,Hoody,Medium,2
01HPYDXZ7BRCQEP0WM4SMK2TZC,3/20/2023,rkisby4z@yahoo.co.jp,Randy,Kisby,5973 Derek Lane,France,Hoody,Small,1
01HPYDXZ7CARCCBEWJ66EMX8SD,11/21/2023,hmccole50@paginegialle.it,Heywood,McCole,00667 Westerfield Hill,United States,Jacket,XX-Large,4
01HPYDXZ7EQKGB9F8073XMMV02,6/10/2023,cfirpi51@ow.ly,Calvin,Firpi,91 Arapahoe Trail,Brazil,Tshirt,Medium,4
01HPYDXZ7FAT2VNTE30E1SVSFY,12/11/2023,fkellitt52@tamu.edu,Fawnia,Kellitt,05461 Bunting Avenue,United States,Tshirt,Medium,1
01HPYDXZ7GDGQ5AV4H0BQWKD82,4/1/2023,boheagertie53@tripod.com,Brigg,O'Heagertie,6132 Sutteridge Drive,Peru,Hoody,Medium,1
01HPYDXZ7HN39BSR3Q92EAMWQV,2/12/2023,traphael54@forbes.com,Tobin,Raphael,2 Crest Line Junction,Sweden,Tshirt,Medium,4
01HPYDXZ7K201KH3TDTB4FQAZR,1/25/2023,wwinthrop55@stanford.edu,Wolfy,Winthrop,34482 Iowa Circle,France,Tshirt,Small,1
01HPYDXZ7M25VMNVMQDFJZE2SR,4/7/2023,bdumberell56@timesonline.co.uk,Bernelle,Dumberell,245 Corry Court,Norway,Jacket,Small,1
01HPYDXZ7N6300BZ06R6XDX7M0,6/27/2023,pbrouard57@geocities.com,Phyllida,Brouard,38226 Londonderry Drive,United States,Gloves,Large,3
01HPYDXZ7PZEJXVNH67R18KD6M,11/30/2023,bnorthill58@bandcamp.com,Bennett,Northill,1 Moose Junction,Argentina,Scarf,Medium,2
01HPYDXZ7R4T1FJ3AN3AY333P3,5/24/2023,aduffitt59@stanford.edu,Alaine,Duffitt,09773 Sugar Street,Sweden,Shorts,Large,4
01HPYDXZ7SYBNCDR08WNDM94CN,4/19/2023,fbrunet5a@wikia.com,Felizio,Brunet,19 Shasta Lane,Sweden,Scarf,XX-Large,2
01HPYDXZ7TDAEQSAG8JDJFXWH6,12/22/2023,redmonstone5b@weibo.com,Rodolph,Edmonstone,8 Northwestern Terrace,Sweden,Shorts,XX-Large,4
01HPYDXZ7VR35WZPN5QK30CK6R,1/2/2023,gjewel5c@mit.edu,Gerrie,Jewel,7 Pepper Wood Way,France,Jacket,XX-Large,1
01HPYDXZ7W015EZ72B90VEXST4,3/2/2023,afashion5d@dmoz.org,Ailey,Fashion,5 5th Terrace,United States,Scarf,X-Large,2
01HPYDXZ7YTCV5SC8R4B98F5DE,8/3/2023,bedgson5e@blogs.com,Bendicty,Edgson,10 Autumn Leaf Junction,Uganda,Hat,Large,3
01HPYDXZ7ZFT9J3NGGBHEYRJF7,11/12/2023,gclemoes5f@baidu.com,Gabey,Clemoes,45639 Elmside Crossing,Germany,Sweater,Medium,2
01HPYDXZ80ZS32VTE11ACBZP0Y,6/20/2023,ggabbidon5g@baidu.com,Gerard,Gabbidon,013 Havey Junction,United States,Tshirt,Medium,4
01HPYDXZ81JQTQX58Q057N9D21,4/24/2023,dmartt5h@businessinsider.com,Dulciana,Martt,2 Ramsey Way,Argentina,Tshirt,Medium,3
01HPYDXZ823T8ZZ9GN8FY13KPB,4/22/2023,dsamms5i@amazonaws.com,Dare,Samms,015 Dovetail Terrace,Peru,Hoody,Medium,3
01HPYDXZ852JXN322817S5FWKJ,11/26/2023,cclemmett5j@trellian.com,Chrissie,Clemmett,0 Chive Park,Sweden,Hoody,Medium,4
01HPYDXZ88Z2GNZ7TM5RM74H64,3/29/2023,emauditt5k@mediafire.com,Eugenie,Mauditt,32 Banding Hill,France,Tshirt,X-Large,2
01HPYDXZ8BEMYVX66HER7T4WDX,3/27/2023,ppreece5l@omniture.com,Paolina,Preece,7 Northport Center,Nigeria,Hat,Medium,2
01HPYDXZ8EHPN9WZXKRY6W31Y2,2/4/2023,jforsard5m@taobao.com,Jacquetta,Forsard,637 Barby Way,Peru,Jacket,XX-Large,1
01HPYDXZ8HJVTRS5EXYPFKYJZA,12/13/2023,evern5n@samsung.com,Estele,Vern,456 Sunbrook Drive,Brazil,Jacket,Small,3
01HPYDXZ8MR8KKVA41Z5MR40E4,5/16/2023,akleinmann5o@usatoday.com,Aubrey,Kleinmann,2269 Bobwhite Point,Peru,Hat,Large,3
01HPYDXZ8QW74KCHDTJ71C899E,4/16/2023,kbaggs5p@etsy.com,Kiah,Baggs,2 Dorton Road,Bosnia and Herzegovina,Shorts,Small,1
01HPYDXZ8SZTCANM9C1K5TMG51,9/13/2023,mmoran5q@phoca.cz,Marketa,Moran,818 Luster Point,Argentina,Jacket,Large,4
01HPYDXZ8TPJ8MYJ1FSC3YEZEN,11/30/2023,gmotten5r@friendfeed.com,Godart,Motten,215 2nd Center,France,Hoody,Large,1
01HPYDXZ8VH3GE8Y1Q9FT5829N,9/14/2023,hbrandenberg5s@elegantthemes.com,Holly-anne,Brandenberg,2365 Lien Court,Nigeria,Sweater,X-Large,3
01HPYDXZ8XVC25RZVNE2A9M52M,1/25/2023,lvella5t@businesswire.com,Linea,Vella,016 Kinsman Circle,Argentina,Shorts,Medium,1
01HPYDXZ8YFGD095NY1TVES8AQ,10/10/2023,gchillingworth5u@fc2.com,Gustave,Chillingworth,830 Superior Parkway,Canada,Sweater,Large,1
01HPYDXZ8ZVT84VT521YXRZQP3,1/24/2023,ccornforth5v@wp.com,Cornell,Cornforth,3 Waxwing Center,Ireland,Hoody,Large,1
01HPYDXZ913RYJ7T3PE1W1R35Y,12/1/2023,gheinig5w@lycos.com,Garvy,Heinig,263 Spohn Avenue,Brazil,Sweater,Medium,4
01HPYDXZ92S31SNV53B0CNCFGA,5/16/2023,bgingold5x@patch.com,Bartholomew,Gingold,859 Ludington Crossing,United States,Shorts,Medium,4
01HPYDXZ93XZ6CFY1SHTRE0BVV,5/9/2023,kkearford5y@google.com.au,Kassie,Kearford,332 Lakewood Lane,Peru,Hat,Medium,1
01HPYDXZ952N7V71EH2ZVA0TDB,5/17/2023,npaszek5z@state.tx.us,Niel,Paszek,7833 Northland Plaza,Brazil,Scarf,Large,1
01HPYDXZ96G6STYB5WV8FA3HGP,5/19/2023,cmacsharry60@goo.ne.jp,Conroy,MacSharry,76 Novick Trail,United States,Jacket,Small,2
01HPYDXZ98WSWF9JCB5GVX38JT,2/12/2023,bthorsby61@infoseek.co.jp,Blanch,Thorsby,1 Granby Court,Sweden,Hoody,XX-Large,3
01HPYDXZ9AD2YA51X4SPEQ4CPS,12/24/2023,kblackhurst62@vinaora.com,Katy,Blackhurst,7321 Manitowish Place,Sweden,Hoody,Medium,4
01HPYDXZ9CWRGXQ45THH85Z0NW,1/17/2023,abarnes63@jiathis.com,Andrei,Barnes,0 Talmadge Point,Ireland,Hat,Medium,2
01HPYDXZ9FECB7GCEN8TTJTE8M,6/26/2023,cguinnane64@mlb.com,Corette,Guinnane,674 Burrows Road,France,Hoody,Medium,4
01HPYDXZ9JMZYQ016WKP7YS30X,3/29/2023,jkrammer65@creativecommons.org,Jo-anne,Krammer,449 Vermont Hill,United States,Jacket,Medium,1
01HPYDXZ9NS10HR0JZHV5KQ4F1,2/9/2023,tsugarman66@usatoday.com,Thurstan,Sugarman,89504 West Pass,France,Shorts,Medium,2
01HPYDXZ9QZ7E85MTFD79BJ5Y2,4/21/2023,sbaskerville67@psu.edu,Sarena,Baskerville,769 Stang Alley,Bosnia and Herzegovina,Shorts,XX-Large,4
01HPYDXZ9TMHN6ZB4778JW88V7,10/11/2023,tager68@tuttocitta.it,Trina,Ager,78159 Tennessee Way,Sweden,Tshirt,Medium,3
01HPYDXZ9WP01G3GV1M0W4CE6T,1/24/2023,sfiller69@squidoo.com,Selene,Filler,473 Tennyson Street,Sweden,Sweater,Medium,2
01HPYDXZ9Y6DWESDQMX1YDGFC2,6/23/2023,lburriss6a@unesco.org,Lin,Burriss,646 Victoria Pass,Brazil,Scarf,Medium,3
01HPYDXZ9Z33H3VWSN8FP6BY9P,10/15/2023,fmaclise6b@tiny.cc,Fairfax,MacLise,6 Nova Alley,France,Tshirt,Medium,3
01HPYDXZA0206J57Y0QWKZHNV8,6/22/2023,aherrema6c@imageshack.us,Audi,Herrema,6 Hudson Park,Brazil,Hoody,X-Large,3
01HPYDXZA20VHXKG1VJ35RESDH,10/25/2023,abream6d@guardian.co.uk,Andree,Bream,367 Oxford Junction,Sweden,Shorts,Large,3
01HPYDXZA33C984CX1PXVS9SHB,5/1/2023,jschruur6e@discuz.net,Jae,Schruur,32 Green Ridge Court,Brazil,Hoody,Large,3
01HPYDXZA4W3AKKKRBW2PEED9J,9/26/2023,jdoel6f@amazonaws.com,Johannes,Doel,711 Emmet Terrace,Sweden,Tshirt,Small,1
01HPYDXZA62KNQZX6DD8AGVR4W,1/2/2023,bjaquin6g@nytimes.com,Barbie,Jaquin,63413 Muir Pass,France,Hoody,Large,1
01HPYDXZA76MM3V37HMS6GZ1P4,9/30/2023,fparmer6h@nymag.com,Forester,Parmer,3520 Corben Alley,Argentina,Sweater,XX-Large,2
01HPYDXZA8XGMGH7JAPEGXYSNB,6/13/2023,csturm6i@constantcontact.com,Chrystal,Sturm,362 Dawn Street,Sweden,Jacket,Medium,2
01HPYDXZAA6NKRTFFF5V0ZRHQK,8/26/2023,cclemmitt6j@epa.gov,Claudie,Clemmitt,758 Bay Park,Canada,Shorts,Medium,4
01HPYDXZACK39ESC8FKCTMYTFM,4/1/2023,alarkings6k@google.de,Alain,Larkings,3336 Onsgard Park,Brazil,Gloves,Medium,3
01HPYDXZAFQCCB4A4G9YEQ6EZ1,8/18/2023,dattride6l@npr.org,Dorolice,Attride,03315 Marquette Parkway,Sweden,Jacket,XX-Large,3
01HPYDXZAH01PEE64129TFK24R,4/5/2023,smclese6m@furl.net,Sigismund,McLese,60129 Portage Street,France,Hat,X-Large,2
01HPYDXZAKVTKZW35X6767A28R,7/24/2023,rmaliphant6n@deliciousdays.com,Roda,Maliphant,56 Paget Alley,Canada,Tshirt,Large,1
01HPYDXZAPQC357SXTQZRVRWTF,7/19/2023,nheadington6o@baidu.com,Nathaniel,Headington,5 La Follette Pass,Ireland,Hoody,Large,4
01HPYDXZARNRAXPND8W5GBP74K,6/14/2023,ematantsev6p@typepad.com,Erin,Matantsev,98397 Surrey Parkway,Sweden,Tshirt,Medium,3
01HPYDXZAV3VSRY1Y3DYVZ8VXX,7/16/2023,jangus6q@eventbrite.com,Jacinta,Angus,64805 Chive Street,Canada,Tshirt,Large,2
01HPYDXZAY77450J9CZNBYX1M6,6/12/2023,wportman6r@usda.gov,Wright,Portman,0221 Bellgrove Road,Canada,Shorts,Medium,1
01HPYDXZB1Q84Z06EGPR2E7YVA,2/13/2023,ktabourel6s@histats.com,Karl,Tabourel,7425 Muir Junction,Brazil,Sweater,Medium,1
01HPYDXZB365KKKV7514K3SDB7,2/28/2023,ccranage6t@list-manage.com,Catharina,Cranage,711 Pierstorff Crossing,Sweden,Hoody,XX-Large,3
01HPYDXZB68WK9483FAX4B633R,2/4/2023,chigginbottam6u@shutterfly.com,Charley,Higginbottam,9473 Waywood Alley,Brazil,Sweater,Large,4
01HPYDXZB9AMFH347VHSZHC2B4,10/24/2023,wguerrieri6v@csmonitor.com,Wright,Guerrieri,2 Loftsgordon Hill,Brazil,Hoody,Medium,3
01HPYDXZBWR9EQ2JJ6T35R6MAE,11/21/2023,mvyel6w@jigsy.com,Mildred,Vyel,40 Green Ridge Way,United States,Sweater,XX-Large,2
01HPYDXZBZEJM16GNCX2VDPGSK,8/25/2023,surwen6x@printfriendly.com,Simonette,Urwen,15 Debra Plaza,United States,Hoody,Medium,1
01HPYDXZC1JQEY2F62NB4FVPGB,3/16/2023,wlongmaid6y@gov.uk,Wendall,Longmaid,721 Elka Court,Spain,Tshirt,Large,1
01HPYDXZC4BX34TQ5BW6Q3RJTR,7/9/2023,ygerok6z@addthis.com,Yardley,Gerok,173 Ridgeway Plaza,Brazil,Hoody,Medium,3
01HPYDXZC6BGQCDT3PXSW1Q9RA,3/11/2023,cvanetti70@sitemeter.com,Claybourne,Vanetti,1 Anthes Street,Peru,Tshirt,X-Large,4
01HPYDXZC9KE8D7N4WVJT8SN0A,12/28/2023,tsidgwick71@hp.com,Thomas,Sidgwick,035 Warrior Place,Sweden,Hoody,Medium,4
01HPYDXZCB25PAE6H2EMKAPGYQ,8/7/2023,aorigan72@dell.com,Archibaldo,Origan,5 Maple Trail,Sweden,Hoody,Medium,4
01HPYDXZCER5KEVD4Y2QJCZP61,10/15/2023,lzuan73@tmall.com,Leopold,Zuan,98 Waywood Point,Peru,Tshirt,Large,1
01HPYDXZCH70G7D1GNPKQYAEAB,1/4/2023,groder74@sina.com.cn,Graham,Roder,79414 Memorial Avenue,France,Jacket,Large,4
01HPYDXZCM464EDD9GX6PRRNY5,4/14/2023,dmacsweeney75@cyberchimps.com,Demetria,MacSweeney,912 Mcbride Way,Sweden,Hoody,Medium,4
01HPYDXZCPDG5C41GWQCVE18F9,6/3/2023,cbraben76@photobucket.com,Cecilius,Braben,8343 Kensington Road,Norway,Sweater,Medium,1
01HPYDXZCS2DJ2MG6VVY0VFM34,12/6/2023,rbedinn77@zdnet.com,Richie,Bedinn,399 Sutherland Center,Ireland,Tshirt,Small,3
01HPYDXZCW4CTEK77V218WE4KA,11/9/2023,cgait78@theguardian.com,Chere,Gait,5753 Sachtjen Street,France,Tshirt,Medium,2
01HPYDXZCYD4YEAADTW2Q10PPW,7/31/2023,llecointe79@woothemes.com,Leonardo,Lecointe,20599 Pankratz Crossing,Peru,Tshirt,Small,1
01HPYDXZD10C6TPFDEHV21MP3T,7/27/2023,twallbrook7a@gmpg.org,Torr,Wallbrook,38 Golden Leaf Road,France,Sweater,Medium,1
01HPYDXZD4G8X5Z42XVCD4M37Q,3/14/2023,enewborn7b@dyndns.org,Evey,Newborn,5315 Maple Wood Park,Canada,Tshirt,XX-Large,1
01HPYDXZD77PMFPYJS8T5SF5VX,11/20/2023,dbartomieu7c@pbs.org,Duke,Bartomieu,9 Crest Line Way,Senegal,Tshirt,Large,1
01HPYDXZD9QQZR357NHXM70KHW,2/4/2023,nbaxendale7d@hatena.ne.jp,Nyssa,Baxendale,3 Ohio Lane,Sweden,Tshirt,Large,1
01HPYDXZDCB8ZNG722BGPH18JT,11/14/2023,sornells7e@youtube.com,Star,Ornells,88190 Bayside Road,Brazil,Hoody,XX-Large,3
01HPYDXZDF6DEVQ7KC2X7Q64SN,8/10/2023,mweatherby7f@scientificamerican.com,Melodee,Weatherby,1049 Straubel Avenue,France,Scarf,Small,3
01HPYDXZDH9EFB20N9MTTSC40Y,6/15/2023,arobardey7g@themeforest.net,Alvis,Robardey,12 Memorial Hill,Brazil,Shorts,Medium,4
01HPYDXZDJ500HQQDDK558D02K,5/23/2023,stwigge7h@microsoft.com,Seward,Twigge,6151 Marcy Plaza,Sweden,Hoody,Medium,3
01HPYDXZDKY34WR27437FC2QJ9,1/2/2023,eplues7i@mac.com,Elinore,Plues,070 Harbort Pass,Nigeria,Hoody,Small,4
01HPYDXZDN2K0TS6EQDPPJ0357,10/9/2023,sbaly7j@chronoengine.com,Shirley,Baly,262 Boyd Crossing,Peru,Jacket,X-Large,2
01HPYDXZDPPK8MYX58ZBJK1E29,11/12/2023,xerbe7k@nps.gov,Xever,Erbe,868 Kenwood Avenue,United Kingdom,Sweater,XX-Large,4
01HPYDXZDR4MGD27HPDP378TX3,1/20/2023,kjeandeau7l@amazon.de,Kettie,Jeandeau,0 Lawn Lane,France,Gloves,Large,3
01HPYDXZDSBMV38DPPHKXCCG5E,4/23/2023,mcheke7m@ask.com,Marigold,Cheke,3666 Hoard Way,United States,Jacket,Small,4
01HPYDXZDTNAEJ3XYY16WZ75BB,1/22/2023,shunnisett7n@cam.ac.uk,Shari,Hunnisett,031 Ronald Regan Terrace,Canada,Hoody,XX-Large,3
01HPYDXZDWFJETMTJE146TQ4Y4,1/18/2023,nbundey7o@mlb.com,Nanette,Bundey,24 Grasskamp Plaza,Peru,Hoody,Small,4
01HPYDXZDXVYEGC89W030XH3J2,1/7/2023,tshearn7p@zdnet.com,Tedman,Shearn,59782 Prentice Court,Brazil,Hoody,Large,4
01HPYDXZDZ6XN1ZN8EZE33669Y,4/27/2023,falphege7q@tinypic.com,Fons,Alphege,154 Hayes Lane,Brazil,Hoody,Large,3
01HPYDXZE1YDB5V8TZSZ3D8JR5,12/7/2023,lwimpey7r@drupal.org,Lilyan,Wimpey,0138 Bunting Hill,Brazil,Shorts,Large,2
01HPYDXZE2PJMZNPBG7YT0EB9V,4/15/2023,stwinbrow7s@cbslocal.com,Shanan,Twinbrow,677 Declaration Point,Canada,Hoody,Medium,1
01HPYDXZE4XM231K91ME7X1TXB,12/21/2023,brudloff7t@home.pl,Bronson,Rudloff,21986 Kipling Alley,Norway,Shorts,XX-Large,3
01HPYDXZE5X0PGPRAM2PCMBJZM,10/18/2023,qgomme7u@twitter.com,Querida,Gomme,1940 Vera Street,Brazil,Hat,Small,2
01HPYDXZE718GNQ7X7RDRYJJQX,11/23/2023,ecortez7v@wiley.com,Elfrieda,Cortez,6 Corry Hill,Canada,Tshirt,X-Large,1
01HPYDXZE86K22AHKR55VDP69W,3/18/2023,dlestrange7w@quantcast.com,Davy,L' Estrange,83527 Lakewood Crossing,Brazil,Hoody,Small,3
01HPYDXZE9342MT5BBKTS39GG0,10/6/2023,glowen7x@cisco.com,Georgeta,Lowen,550 Esker Way,France,Tshirt,Medium,3
01HPYDXZEAYCVGWCR6T02YQJT7,8/3/2023,atoffano7y@angelfire.com,Aldridge,Toffano,85 Oak Way,United States,Tshirt,XX-Large,2
01HPYDXZEC1CMVN2BHGYWB3ZNR,7/22/2023,mgianneschi7z@independent.co.uk,Marla,Gianneschi,118 Dryden Circle,Brazil,Hat,Large,1
01HPYDXZEDC50QRHYP9WPW327F,1/4/2023,ccotton80@google.com,Cherie,Cotton,00329 Anthes Way,France,Sweater,Large,4
01HPYDXZEEXJQGT4E0BX6PRN7C,7/6/2023,dbogeys81@e-recht24.de,Drusilla,Bogeys,594 Bay Junction,Sweden,Shorts,X-Large,3
01HPYDXZEGB4YC41S771N5B0CJ,7/3/2023,cserck82@ftc.gov,Crosby,Serck,9 Hermina Circle,Uganda,Tshirt,Small,1
01HPYDXZEHF1A9CDH1ZRVJ7XC0,12/12/2023,rparsisson83@prnewswire.com,Reena,Parsisson,1507 Armistice Crossing,Italy,Jacket,Large,2
01HPYDXZEKZSHZ1RYMPK7KWC4D,12/17/2023,jsindle84@123-reg.co.uk,Jenine,Sindle,9912 Harbort Pass,Uruguay,Sweater,Large,3
01HPYDXZEMFAQ1RJAEZA5G40EP,7/15/2023,lwinkell85@canalblog.com,Lyell,Winkell,850 Rowland Hill,Argentina,Hoody,Large,4
01HPYDXZENYRGHVT2WDDTYCM1P,2/22/2023,dgull86@furl.net,Demetris,Gull,134 Meadow Valley Lane,Uganda,Tshirt,Medium,3
01HPYDXZEP40JZ38WCTFRY0MEB,5/14/2023,bkettleson87@psu.edu,Bibbie,Kettleson,251 Huxley Street,France,Jacket,Medium,2
01HPYDXZER96AEYCSAMG7582KA,1/13/2023,gquare88@springer.com,Gavrielle,Quare,03 Mccormick Center,United States,Jacket,Medium,4
01HPYDXZET6X12BERVA98P65KK,10/29/2023,mtesche89@fc2.com,Marie-ann,Tesche,988 High Crossing Avenue,Brazil,Tshirt,Medium,3
01HPYDXZEWS7G53DVJSNQAWVH4,7/16/2023,rchampion8a@tmall.com,Rodina,Champion,6836 Onsgard Circle,Germany,Scarf,Medium,3
01HPYDXZEYMAWP3KTGNMH430TM,8/19/2023,kkeady8b@cnet.com,Kirsteni,Keady,0906 Pond Road,Argentina,Hoody,Medium,4
01HPYDXZF072MWERSENX4139MX,6/29/2023,rbetz8c@usatoday.com,Rollins,Betz,87786 Basil Place,Brazil,Hoody,Small,3
01HPYDXZF209HR7HPXRX6JYSB7,8/20/2023,mlavington8d@slashdot.org,Michaela,Lavington,36993 Arapahoe Court,Argentina,Jacket,Large,2
01HPYDXZF5D4ZM9XAPWVASVANH,2/21/2023,asighart8e@ameblo.jp,Aimee,Sighart,088 David Place,Sweden,Jacket,Medium,2
01HPYDXZF8BWDBBM8PV7C4EYX6,2/2/2023,bspittal8f@issuu.com,Barn,Spittal,566 Dryden Center,Spain,Hoody,X-Large,3
01HPYDXZFBV45A3Z5WNHW0ETG2,6/28/2023,pbothen8g@cbc.ca,Peterus,Bothen,68516 Goodland Plaza,France,Scarf,Small,3
01HPYDXZFEXNT32TMGCW1WQW2H,1/18/2023,macott8h@studiopress.com,Maje,Acott,20 Fuller Center,Sweden,Scarf,Large,4
01HPYDXZFGPQ19GM3YPK7AM076,10/22/2023,scrich8i@cyberchimps.com,Sally,Crich,97 Columbus Plaza,Brazil,Scarf,Small,4
01HPYDXZFKYK9DKKY90ZQYA7DV,11/24/2023,aearwaker8j@netvibes.com,Arabella,Earwaker,6294 Arizona Road,United States,Scarf,Large,2
01HPYDXZFNC4DKXX8HWN60DWYC,9/11/2023,rsquirrel8k@kickstarter.com,Rayna,Squirrel,62680 7th Pass,United Kingdom,Shorts,Large,2
01HPYDXZFPJE07Z5KMSTJ16YY8,5/20/2023,fjevon8l@baidu.com,Frederich,Jevon,911 Rowland Pass,Brazil,Hat,Medium,3
01HPYDXZFR2C5X5Z3HQTGVQGYK,12/19/2023,rswaine8m@baidu.com,Rodi,Swaine,18 Johnson Alley,Germany,Jacket,Large,1
01HPYDXZFT1QTJZ6T1PVH9NGVK,12/8/2023,rbottby8n@sogou.com,Rasla,Bottby,319 Marquette Hill,France,Shorts,Large,2
01HPYDXZFVPR0FKPGAJ0830XRV,2/9/2023,ademeter8o@soundcloud.com,Adina,Demeter,568 Holmberg Crossing,Uruguay,Shorts,Large,2
01HPYDXZFW43SMCQF7RBZVTXWA,11/11/2023,abotly8p@nsw.gov.au,Arline,Botly,96 Dryden Parkway,Peru,Tshirt,X-Large,2
01HPYDXZFYN97FD8JK97JGWY44,3/15/2023,ctoffoletto8q@craigslist.org,Carolann,Toffoletto,46 Mifflin Lane,Argentina,Hat,Large,3
01HPYDXZFZ3AYNC5YWZMM23QM9,12/14/2023,cace8r@wiley.com,Cathrine,Ace,10 Tomscot Circle,France,Shorts,Medium,3
01HPYDXZG0YC690V6PKE448T6W,4/9/2023,slefevre8s@guardian.co.uk,Stephannie,Le Fevre,1651 Parkside Way,France,Sweater,Large,4
01HPYDXZG1PGCHQ7YFBA6D279T,1/26/2023,alotte8t@naver.com,Augusta,Lotte,0 Birchwood Point,Sweden,Hoody,Large,3
01HPYDXZG3P0C3185XN62DY317,12/4/2023,tcouche8u@merriam-webster.com,Tilda,Couche,0115 Cardinal Pass,Brazil,Tshirt,XX-Large,1
01HPYDXZG4SXCE0YVEK9T3D5GC,8/29/2023,eocosgra8v@java.com,Esma,O'Cosgra,0 Del Sol Circle,Sweden,Tshirt,Large,4
01HPYDXZG5SVFSV6DGQNXVHBE5,7/9/2023,stulley8w@newyorker.com,Stacee,Tulley,08 Aberg Terrace,Norway,Shorts,Small,4
01HPYDXZG7K50103ES4EQFH64Z,10/5/2023,jfolland8x@miitbeian.gov.cn,Jasper,Folland,91 Reindahl Drive,Peru,Tshirt,Large,3
01HPYDXZG86CTQ19H3PSY24TP8,5/17/2023,adooler8y@arizona.edu,Averill,Dooler,47903 Northridge Avenue,Nigeria,Sweater,XX-Large,2
01HPYDXZG9JCFDE5S750SXRSYD,12/1/2023,emattis8z@yellowpages.com,Elianore,Mattis,5 Forest Parkway,United States,Tshirt,Small,1
01HPYDXZGA8R5R2FCDDMT60WEQ,9/9/2023,cbrafield90@yellowbook.com,Cherie,Brafield,69 Karstens Trail,Brazil,Hoody,Medium,1
01HPYDXZGCN2ZCWWF1H8NTQ1V8,1/13/2023,nkochs91@huffingtonpost.com,Noella,Kochs,742 Carey Junction,Argentina,Hoody,X-Large,4
01HPYDXZGDD12F1ZBY1HFV96K7,10/29/2023,nbust92@nature.com,Niki,Bust,93344 Loomis Center,Argentina,Hoody,Medium,3
01HPYDXZGEPMYFZCPWD4HE2RPS,6/13/2023,ckisting93@soundcloud.com,Cullen,Kisting,835 Walton Circle,Sweden,Hat,Medium,3
01HPYDXZGG65H081BT42J7YABS,1/11/2023,wstate94@flavors.me,Wilona,State,82 Morningstar Lane,France,Tshirt,Medium,4
01HPYDXZGHN5BKQPPCR0A6T9EW,1/1/2023,rweller95@adobe.com,Roy,Weller,00 Marquette Park,Sweden,Sweater,Large,4
01HPYDXZGJTJC0RG6WZZPYS671,4/30/2023,ipietersen96@theatlantic.com,Isaiah,Pietersen,4 Mosinee Junction,Brazil,Sweater,X-Large,4
01HPYDXZGKY6PHFG7QC2H6PNK3,7/1/2023,aclawsley97@rediff.com,Arlinda,Clawsley,0743 Corben Street,Peru,Hat,Medium,1
01HPYDXZGNBF4EBESSK6ZW5A46,2/27/2023,mmcgookin98@mtv.com,Merna,McGookin,8584 Menomonie Street,Norway,Tshirt,Small,3
01HPYDXZGPZWJE0ZACYNWGT0H4,10/27/2023,ostenett99@yahoo.co.jp,Orran,Stenett,95694 Larry Street,Brazil,Jacket,Large,4
01HPYDXZGQ3CVZHVV71H4JCPXA,12/9/2023,twhatley9a@dmoz.org,Tymon,Whatley,035 Truax Point,Brazil,Tshirt,Medium,3
01HPYDXZGSKMP1XWW21NT52MSD,12/6/2023,askehens9b@creativecommons.org,Agna,Skehens,4204 Grover Drive,Argentina,Hoody,Medium,1
01HPYDXZGTGPESFHKEKVCGKVTH,12/19/2023,ochatto9c@omniture.com,Ortensia,Chatto,90637 Carey Plaza,Brazil,Hat,XX-Large,3
01HPYDXZGWQ2JZHD4BQTAWV7AZ,8/11/2023,dplomer9d@mlb.com,Dalila,Plomer,14034 Northridge Parkway,Brazil,Tshirt,XX-Large,1
01HPYDXZGXM7443STQGAQNW5BD,3/13/2023,pfishlee9e@ebay.co.uk,Pincas,Fishlee,7 Meadow Vale Hill,France,Gloves,Large,1
01HPYDXZGYXCZAPZC205QHHNHM,10/28/2023,fbruster9f@csmonitor.com,Fanya,Bruster,06338 Miller Avenue,Sweden,Tshirt,XX-Large,1
01HPYDXZH039Y19S77DNZPBF2D,2/2/2023,jmouat9g@europa.eu,Jo ann,Mouat,7959 Ryan Road,France,Hoody,Large,2
01HPYDXZH2S4HN92RM7EM02ABM,1/29/2023,egarbar9h@ebay.co.uk,Ezmeralda,Garbar,5 Straubel Junction,Nigeria,Scarf,Medium,4
01HPYDXZH45H6R8TZ4EBGE4073,6/28/2023,giacovielli9i@pbs.org,Gert,Iacovielli,450 Jana Circle,Argentina,Tshirt,Medium,1
01HPYDXZH53PVSV59F262SAZEM,5/6/2023,amanthroppe9j@yellowpages.com,Auroora,Manthroppe,60822 Anderson Street,Canada,Scarf,Medium,4
01HPYDXZH7S951K6MW8QFV44AH,5/15/2023,jdohmer9k@deviantart.com,Janette,Dohmer,14522 Jay Trail,Brazil,Shorts,XX-Large,2
01HPYDXZH8EFJJ6EXFFQMA07XW,11/6/2023,jcruickshanks9l@squidoo.com,Johny,Cruickshanks,3153 Dwight Terrace,United States,Hoody,Medium,2
01HPYDXZH95CEWZ58ABQ5GY954,5/17/2023,kkyngdon9m@histats.com,Kayle,Kyngdon,44 Logan Way,Brazil,Hoody,X-Large,4
01HPYDXZHB2GD2ZDHZJ833GM9Z,7/30/2023,nhurley9n@twitter.com,Niki,Hurley,97 Utah Drive,Nigeria,Tshirt,Medium,3
01HPYDXZHCSEKGT888GYQBFSM3,10/17/2023,ggorch9o@npr.org,Gaby,Gorch,533 Meadow Ridge Alley,Brazil,Gloves,Medium,3
01HPYDXZHE5TFWCVG1142MZNS0,8/13/2023,stax9p@issuu.com,Sher,Tax,2 Arkansas Terrace,France,Shorts,XX-Large,2
01HPYDXZHFYT5FC27PFRV6BNJB,12/8/2023,sfrith9q@java.com,Sarina,Frith,470 Portage Parkway,Brazil,Tshirt,X-Large,3
01HPYDXZHHF9B96J4XVEZAWGAS,12/3/2023,gerasmus9r@mayoclinic.com,Gui,Erasmus,50 Dahle Crossing,France,Tshirt,Large,4
01HPYDXZHKQ17YB2FQ08AZ57VX,2/8/2023,lburras9s@cafepress.com,Lishe,Burras,0 Clyde Gallagher Lane,Chile,Sweater,Medium,3
01HPYDXZHN7X81SC1HE7Y37XP9,12/26/2023,maymer9t@reddit.com,Massimo,Aymer,65 Messerschmidt Alley,France,Hat,Medium,3
01HPYDXZHPT6A33NPBB3FMC8YV,10/2/2023,tproger9u@businesswire.com,Torrance,Proger,5523 Del Sol Trail,Uganda,Scarf,Large,1
01HPYDXZHR78B3P1C6YQ5CBEXP,6/29/2023,ashillitoe9v@vkontakte.ru,Athena,Shillitoe,0 Gateway Park,Brazil,Tshirt,Medium,3
01HPYDXZHTWV2W2NR65RARR0XR,1/18/2023,awhile9w@4shared.com,Ania,While,685 Green Ridge Street,France,Jacket,Medium,4
01HPYDXZHWQ5J0S47GRH0RA27H,11/5/2023,claffranconi9x@cbc.ca,Colman,Laffranconi,16 Spenser Pass,Norway,Hoody,Medium,1
01HPYDXZHX0KNDBQZ5WFTNG7GH,1/27/2023,flardier9y@parallels.com,Forster,Lardier,0985 Ilene Avenue,Sweden,Hat,Large,4
01HPYDXZHYP2VRFXRZJR40QHT6,1/29/2023,bmargaritelli9z@seattletimes.com,Binni,Margaritelli,599 Gerald Pass,United States,Sweater,Medium,3
01HPYDXZJ03VBNZT3NTS7KF5D5,6/30/2023,kcannya0@myspace.com,Kirsten,Canny,9285 Artisan Junction,United States,Scarf,Medium,1
01HPYDXZJ1JMF0R8EXCWES632H,10/21/2023,kcassella1@cargocollective.com,Karina,Cassell,5 Stoughton Terrace,Sweden,Gloves,Small,1
01HPYDXZJ3T4PXSVKX0X2RVF2F,1/19/2023,mdomma2@feedburner.com,Myra,Domm,12 Eliot Alley,United States,Tshirt,Large,2
01HPYDXZJ5AE3CY2S7BNB2F12P,3/1/2023,hwoodmana3@newsvine.com,Hodge,Woodman,8104 Eliot Street,Sweden,Hoody,Medium,3
01HPYDXZJ6ADT2YXFKRAG7F513,4/11/2023,lcuddihya4@taobao.com,Leontyne,Cuddihy,06027 Lakeland Hill,Sweden,Hoody,Medium,3
01HPYDXZJ806JKX83D7FM1X2QB,10/20/2023,cdelahaya5@vkontakte.ru,Colly,De La Hay,0 Waywood Street,Spain,Tshirt,X-Large,3
01HPYDXZJ9CKC9F83JG6JB3M5N,2/23/2023,jdossantosa6@toplist.cz,Jaimie,Dossantos,1102 Village Green Hill,Bosnia and Herzegovina,Jacket,Large,2
01HPYDXZJBN00M0FFSRC7W11M4,4/10/2023,mosticka7@wordpress.com,Merrilee,Ostick,844 Canary Trail,United States,Jacket,Medium,1
01HPYDXZJD7JZ716A1E4CQCYVX,7/3/2023,pdeevesa8@odnoklassniki.ru,Patrizia,Deeves,251 Victoria Terrace,Argentina,Hoody,Medium,2
01HPYDXZJG5WCMD8T5MY9ZH4Q0,5/19/2023,kbickerdykea9@mayoclinic.com,Karalynn,Bickerdyke,10 Loomis Drive,Sweden,Hoody,XX-Large,1
01HPYDXZJHNPDPASHYW0BF893E,2/14/2023,cgrattenaa@multiply.com,Chery,Gratten,753 Hermina Terrace,Brazil,Jacket,X-Large,1
01HPYDXZJK0D9AGS026M3KCT81,9/3/2023,pslymeab@state.tx.us,Paolina,Slyme,86471 Northland Court,Peru,Tshirt,Large,1
01HPYDXZJN0A1DP51JJDJ2CHJS,3/23/2023,datheyac@google.it,Daveen,Athey,78 Merry Lane,Chile,Hoody,X-Large,4
01HPYDXZJQBRAE2621KM8DP0H7,9/5/2023,dbourgaizead@github.com,Danell,Bourgaize,433 Crest Line Hill,Brazil,Sweater,Medium,3
01HPYDXZJS00J4MN11GQJD84SE,5/29/2023,jzukermanae@storify.com,Josy,Zukerman,063 Warner Lane,Brazil,Shorts,Large,2
01HPYDXZJT372K91ZV0MZ9FTT3,10/11/2023,cquinnellyaf@europa.eu,Coretta,Quinnelly,83636 Lighthouse Bay Hill,Brazil,Hoody,Medium,1
01HPYDXZJWPA0BK7NWA6A9PA6G,11/29/2023,mgreatbankag@biblegateway.com,Mariel,Greatbank,85085 Bunker Hill Road,United States,Tshirt,Large,4
01HPYDXZJXG1XD8F180C2QZMG1,2/9/2023,hteeseah@themeforest.net,Henka,Teese,045 Oriole Park,Ireland,Shorts,Medium,1
01HPYDXZJYSTX1EAQKWG08WRBS,1/26/2023,gfranklinai@altervista.org,Gabby,Franklin,046 Sycamore Avenue,France,Jacket,Large,2
01HPYDXZJZVXWENMV2VYDEDB95,5/29/2023,glipsettaj@ftc.gov,Germana,Lipsett,0 Maple Place,Argentina,Hoody,Large,3
01HPYDXZK1MK0XFYC9EHT4T1A9,8/3/2023,avescovoak@feedburner.com,Alex,Vescovo,7392 Westerfield Lane,United States,Hat,Small,2
01HPYDXZK2HDY3EYQ2PGB8GDQ0,4/4/2023,msweetingal@furl.net,Marleah,Sweeting,07 Mendota Parkway,Bosnia and Herzegovina,Sweater,Large,4
01HPYDXZK3CHXTNM0VMBEV1K9X,11/26/2023,acrostonam@tinyurl.com,Aubrey,Croston,6725 Nevada Circle,Bosnia and Herzegovina,Hoody,Medium,4
01HPYDXZK5GSZ13YYSFMYEE5DM,12/15/2023,rleutyan@thetimes.co.uk,Riva,Leuty,19 Miller Park,Canada,Sweater,Medium,2
01HPYDXZK61DWCWZ777147R8CW,5/4/2023,lcarayolao@msn.com,Lamond,Carayol,9903 Macpherson Junction,Norway,Tshirt,Large,1
01HPYDXZK7HTTM8ER5S0FM2FSH,7/17/2023,afussenap@sitemeter.com,Addia,Fussen,7 Ridge Oak Circle,Brazil,Tshirt,XX-Large,2
01HPYDXZK94PYGDJ987HQ7EXKC,12/22/2023,rdemkoaq@woothemes.com,Rorke,Demko,445 Karstens Street,France,Shorts,Large,3
01HPYDXZKA7WQHRHZQTC2EAG54,3/26/2023,hstuehmeierar@surveymonkey.com,Hildy,Stuehmeier,43437 Helena Alley,Uganda,Tshirt,Medium,2
01HPYDXZKBBQM1SK6PRJZ79JF8,5/20/2023,henriquesas@marriott.com,Henryetta,Enriques,744 Eggendart Parkway,Canada,Shorts,Medium,1
01HPYDXZKCM1C5F6FC0C74DBHR,7/14/2023,kcuerat@dedecms.com,Kamilah,Cuer,9211 Forster Center,Brazil,Sweater,XX-Large,3
01HPYDXZKE2ABSY4W88ZAJQPDE,10/19/2023,garonau@de.vu,Gunner,Aron,75 Blue Bill Park Junction,Ireland,Hoody,XX-Large,4
01HPYDXZKFSCWCFQ8N61JZEMW7,3/11/2023,clawnav@woothemes.com,Cliff,Lawn,3 Division Plaza,United States,Sweater,Medium,3
01HPYDXZKG7H07RG7QVY9MSV03,8/8/2023,mouslemaw@nytimes.com,Maurita,Ouslem,161 Springs Alley,Brazil,Jacket,Medium,1
01HPYDXZKJJ7XT5TBXKVQ88EYV,2/17/2023,ngooddingax@yahoo.co.jp,Nady,Goodding,60261 Kings Terrace,Sweden,Sweater,Small,2
01HPYDXZKK5M6ADTZTSTX8K595,7/8/2023,prhubottomay@arstechnica.com,Pip,Rhubottom,876 Fulton Street,Canada,Scarf,Large,3
01HPYDXZKNZ7RQ4SD2EM41J7YE,9/13/2023,acoaseaz@google.ru,Avivah,Coase,641 Eagle Crest Way,Peru,Hoody,Large,1
01HPYDXZKPN0R92SPSKMK1Y3R5,7/26/2023,jmarmonb0@unblog.fr,Jarad,Marmon,08169 Commercial Avenue,Peru,Tshirt,Large,1
01HPYDXZKS5XHCBT0702XZ28AP,8/2/2023,rmcvaughb1@state.tx.us,Raimundo,McVaugh,279 Portage Circle,France,Tshirt,Medium,4
01HPYDXZKTXNF5X6G2KCXDNDPT,3/29/2023,rdelazenneb2@cpanel.net,Reinaldos,De la Zenne,2 Blue Bill Park Hill,Brazil,Scarf,Large,1
01HPYDXZKV7PQ4P0X60V0DVCR9,10/2/2023,swieldb3@webnode.com,Shirline,Wield,304 Browning Terrace,France,Sweater,Small,1
01HPYDXZKXFAD5HQ7JSHG1Q1XF,12/10/2023,gfranchib4@unicef.org,Grantley,Franchi,4583 Old Gate Terrace,Nigeria,Tshirt,Large,2
01HPYDXZKYPDW55382F7T7CMH8,5/3/2023,jcorneilleb5@canalblog.com,Jenda,Corneille,10 Truax Place,Sweden,Tshirt,Large,3
01HPYDXZKZ5GXH55T72ZRS0Y94,7/5/2023,ahinzeb6@sbwire.com,Alene,Hinze,3 Manufacturers Street,Sweden,Scarf,Small,3
01HPYDXZM1ZHSCN5EPAEBDGMG7,8/14/2023,kchichgarb7@cafepress.com,Korry,Chichgar,40102 Stone Corner Pass,United States,Scarf,Small,2
01HPYDXZM2098G3HWFC9D8XFDW,5/6/2023,jlowerb8@vimeo.com,Joaquin,Lower,25197 Granby Junction,France,Tshirt,Large,2
01HPYDXZM3ZJVHG1Z0HNT3K6H0,10/4/2023,zmcarteb9@nba.com,Zoe,McArte,7729 Macpherson Lane,France,Shorts,XX-Large,1
01HPYDXZM5Z85ZNYNW14S27STS,10/26/2023,abehneckenba@forbes.com,Anthony,Behnecken,21251 Debs Road,France,Scarf,Large,3
01HPYDXZM6CR1GZQ50EBW8213F,6/21/2023,ehinksenbb@ucsd.edu,Eberto,Hinksen,51 Truax Way,Brazil,Sweater,Medium,3
01HPYDXZM77JE3RCZTQ451JSY6,10/11/2023,bsauvanbc@google.cn,Bernardo,Sauvan,1350 Talisman Parkway,Peru,Tshirt,Large,4
01HPYDXZM8BH6217PRJNBAFQZM,7/26/2023,kdeguarabd@yahoo.co.jp,Kermie,Deguara,0420 Nobel Plaza,France,Sweater,Large,3
01HPYDXZM92E0FFBVJNHK5KXCH,12/11/2023,plechmerebe@mozilla.com,Patsy,Lechmere,2 Warbler Plaza,Sweden,Hat,Medium,1
01HPYDXZMB7K59YVJJ7AS07WE8,5/26/2023,ltapporbf@accuweather.com,Lidia,Tappor,5017 Ridgeway Hill,France,Shorts,Large,2
01HPYDXZMD25DJDAA1R61GK9Y9,11/3/2023,mduhamelbg@yale.edu,Miquela,Du Hamel,6 Waxwing Road,Canada,Hoody,X-Large,2
01HPYDXZME3RVTE8NS6SCY7P7F,6/25/2023,mcrootbh@amazon.com,Micki,Croot,6 Aberg Hill,Brazil,Hoody,X-Large,4
01HPYDXZMGY8M5M3AV5701AS3S,9/8/2023,mtemplarbi@com.com,Maje,Templar,3368 Buhler Plaza,United States,Scarf,Medium,2
01HPYDXZMH1308ZW0QK6AEPVHF,9/23/2023,raersbj@army.mil,Rozamond,Aers,644 Ryan Court,France,Hoody,Large,2
01HPYDXZMJCMY0EKKY836V26PD,11/5/2023,bclausenthuebk@blogtalkradio.com,Benedicta,Clausen-Thue,88325 Montana Point,Sweden,Tshirt,XX-Large,1
01HPYDXZMMXC9NN13RZ6600Y7B,1/2/2023,dpatterfieldbl@rakuten.co.jp,Deana,Patterfield,3415 Spaight Trail,Peru,Scarf,Large,1
01HPYDXZMNYPA3TWBEPW4R6EAT,10/4/2023,slowndsboroughbm@shinystat.com,Suzanna,Lowndsborough,8 Laurel Junction,Canada,Scarf,X-Large,2
01HPYDXZMPFQEWESJCTN56E74F,4/1/2023,stomkowiczbn@ihg.com,Sile,Tomkowicz,6 Spaight Terrace,Peru,Tshirt,XX-Large,3
01HPYDXZMRD0DEKE66ZQGNMG8Z,12/20/2023,lsongerbo@bizjournals.com,Laurent,Songer,905 Ramsey Park,Sweden,Tshirt,Medium,1
01HPYDXZMSH7MQ607HYD7T3WGA,3/25/2023,vwybronbp@msu.edu,Valencia,Wybron,2 Badeau Drive,France,Shorts,Large,1
01HPYDXZMVM3F8JVSM21SQQG2M,3/14/2023,roliffebq@friendfeed.com,Rickert,Oliffe,72218 Dawn Pass,Canada,Scarf,Large,1
01HPYDXZMWVX1W1V6TP77EH7AW,3/21/2023,dprantonibr@linkedin.com,Dominique,Prantoni,0155 Gale Avenue,Brazil,Tshirt,Small,2
01HPYDXZMY6QM0BWSB7HBJK779,9/8/2023,fbelkbs@blogspot.com,Fidelio,Belk,231 Buell Road,Argentina,Tshirt,X-Large,1
01HPYDXZMZK996FPMBSDG54TFM,9/12/2023,bsellnerbt@deviantart.com,Briney,Sellner,69552 Knutson Pass,United States,Scarf,X-Large,2
01HPYDXZN0RJFNGCGY7NTZ2KR8,2/13/2023,vduckelsbu@nymag.com,Vite,Duckels,445 Mosinee Center,Germany,Scarf,XX-Large,1
01HPYDXZN14TWW54SWCQESNTW6,7/31/2023,bgarfirthbv@cam.ac.uk,Barry,Garfirth,9 Sheridan Trail,Brazil,Jacket,Medium,1
01HPYDXZN25E9QWG5HG49BFCTZ,8/19/2023,kolensbybw@youku.com,Kinnie,Olensby,6 Havey Lane,Australia,Jacket,Medium,2
01HPYDXZN43WK24578X7G884ME,4/16/2023,fberthbx@hugedomains.com,Fiann,Berth,9848 Oak Valley Point,Peru,Gloves,Large,1
01HPYDXZN55EYG99HWRA21CT24,6/25/2023,fgerrardby@phpbb.com,Farleigh,Gerrard,1 Doe Crossing Drive,United States,Hoody,Large,2
01HPYDXZN69JEAZNCWVCZ9D57S,2/17/2023,dsapautonbz@yolasite.com,Dev,Sapauton,215 Northwestern Pass,Brazil,Tshirt,Large,1
01HPYDXZN76A582DVP85Y03K2N,3/8/2023,ihalshawc0@wunderground.com,Ingaberg,Halshaw,44833 American Lane,France,Sweater,XX-Large,4
01HPYDXZN8ZJHQ3SFJA5TZ0CF3,3/12/2023,vgamilc1@google.com.br,Vachel,Gamil,1529 Bayside Road,Sweden,Sweater,X-Large,4
01HPYDXZNAP266A0NMEEENFKJG,9/25/2023,nlangloisc2@google.com,Nichols,L' Anglois,93042 Kennedy Plaza,Sweden,Shorts,Large,2
01HPYDXZNBB672YGC0T1PHSRME,11/17/2023,sbrookfieldc3@xinhuanet.com,Sayres,Brookfield,2882 Truax Way,Brazil,Jacket,Small,3
01HPYDXZNCC5XRY2N54K0MSKZP,9/18/2023,cprofferc4@rediff.com,Cordey,Proffer,00488 Northfield Center,Canada,Tshirt,Small,2
01HPYDXZNDPK0ZY26NJV46N44D,9/14/2023,elesorc5@dropbox.com,Elbertina,Lesor,53 Drewry Avenue,Chile,Shorts,XX-Large,1
01HPYDXZNFAJZ9NAW87GJW71V5,4/3/2023,dhenriquesc6@addthis.com,Dredi,Henriques,87863 Graceland Junction,Italy,Shorts,Small,3
01HPYDXZNJPH0T8A37H39486V4,10/6/2023,tkamingc7@dion.ne.jp,Tasha,Kaming,45769 Sommers Circle,Brazil,Tshirt,Large,1
01HPYDXZNM487RM02PCC0ZQ89F,6/17/2023,sboswoodc8@infoseek.co.jp,Sergio,Boswood,75 Vermont Place,Brazil,Tshirt,X-Large,1
01HPYDXZNQS6W014JTFE5PXVTH,9/11/2023,kduncanc9@usa.gov,Katerine,Duncan,2116 Lien Center,Brazil,Hoody,Medium,1
01HPYDXZNSV8F6BHZQRV3P5Z3T,5/8/2023,xmccrostieca@marriott.com,Xenos,McCrostie,8000 Scofield Alley,Italy,Sweater,Medium,3
01HPYDXZNWSQGXEP4ZZ1J6JS47,10/23/2023,doverstonecb@bluehost.com,Daryn,Overstone,21 Acker Street,France,Shorts,Small,3
01HPYDXZNYJY96CNE8SCPPQDSV,1/28/2023,ldaileycc@whitehouse.gov,Laurena,Dailey,9 Sherman Center,Chile,Tshirt,Small,3
01HPYDXZNZ10QKZYKX87PS2TZ1,11/24/2023,dwreycd@goodreads.com,Dori,Wrey,9002 Fuller Way,Brazil,Scarf,Large,4
01HPYDXZP0GWG41AVQFGVH7V6V,11/3/2023,ethreadgouldce@stumbleupon.com,Eugenia,Threadgould,158 Blaine Hill,Argentina,Hoody,Large,1
01HPYDXZP399P775YC38QM8J6T,9/3/2023,hdreschlercf@paginegialle.it,Hilda,Dreschler,77578 Sloan Street,Spain,Scarf,Large,3
01HPYDXZP5NZ52W0QX225EXHDQ,7/7/2023,msetoncg@sfgate.com,Mattias,Seton,79 Shasta Plaza,France,Hoody,Medium,1
01HPYDXZP6TGVQH9R3635MAX4M,11/22/2023,tkettlestingch@sbwire.com,Tammara,Kettlesting,041 Scoville Trail,Peru,Hoody,Medium,1
01HPYDXZP8CC8R8KD72TF3FENA,1/8/2023,sgrammerci@dyndns.org,Shepperd,Grammer,90025 Paget Lane,Germany,Hoody,Large,3
01HPYDXZP90PHS6HM76F77XZVY,2/15/2023,ddallacj@arstechnica.com,Diego,Dalla,0661 Utah Lane,Germany,Sweater,Large,2
01HPYDXZPAT05TVXMEB8MSVGPA,9/27/2023,hjeansck@amazon.co.uk,Hephzibah,Jeans,78851 Browning Center,Peru,Hat,Medium,2
01HPYDXZPCCDJ15H771P0NW157,11/24/2023,amccluincl@miitbeian.gov.cn,Aurlie,McCluin,087 Mallard Crossing,Sweden,Sweater,Small,4
01HPYDXZPET91SP7N3T7JNSC3Y,1/9/2023,asexstonecm@storify.com,Adora,Sexstone,278 Hanover Alley,Argentina,Sweater,X-Large,2
01HPYDXZPGZ3X7NFCTMJ33CCZK,2/28/2023,ideniscn@aol.com,Ingeborg,Denis,3861 Forster Parkway,Norway,Sweater,XX-Large,4
01HPYDXZPJ8ZYSZ9WJTY0KY1PN,1/29/2023,afitzgeorgeco@example.com,Andrus,FitzGeorge,1561 Sauthoff Court,Canada,Hoody,Large,4
01HPYDXZPMED18FH3A63W81MME,3/19/2023,lliffeycp@netvibes.com,Linoel,Liffey,1 Nancy Park,Peru,Tshirt,X-Large,4
01HPYDXZPN819MQPSWSBN5PA2X,1/26/2023,dfluckscq@independent.co.uk,Dane,Flucks,37972 Hollow Ridge Road,Ireland,Hoody,Medium,4
01HPYDXZPQEMB45WCV4BFCJDXJ,7/19/2023,kbordmancr@redcross.org,Kelcie,Bordman,63225 Anniversary Plaza,Australia,Hoody,Large,4
01HPYDXZPTHHB64EFHHJSXMJWZ,10/14/2023,schumleycs@house.gov,Shurwood,Chumley,7 Ridgeway Alley,Argentina,Hat,Medium,1
01HPYDXZPW83995VWDJEH7M9F4,9/25/2023,lwadiect@apache.org,Lauren,Wadie,923 Dakota Place,United States,Tshirt,Small,4
01HPYDXZPY45D7ESHAD1WHA2K5,9/12/2023,lstocktoncu@ft.com,Lazare,Stockton,71 Reinke Court,United States,Tshirt,XX-Large,1
01HPYDXZPZPZ3XFTJCGD6B1A9E,8/26/2023,eseintcv@networkadvertising.org,Eben,Seint,03 Waywood Plaza,Peru,Hoody,XX-Large,1
01HPYDXZQ050JDZA72T6HNZRAS,11/8/2023,grodbournecw@kickstarter.com,Godart,Rodbourne,61 Sycamore Circle,Brazil,Tshirt,Medium,3
01HPYDXZQ167N6ZN44K406F31R,1/8/2023,mmichiecx@godaddy.com,Meryl,Michie,79 Northridge Plaza,France,Sweater,XX-Large,1
01HPYDXZQ36CM9RH36B58VA604,4/12/2023,ltarttcy@hud.gov,Larisa,Tartt,14428 Comanche Junction,Peru,Jacket,XX-Large,4
01HPYDXZQ5VQM5TZ0XJ719HC8M,9/28/2023,cgriswaitecz@google.com.au,Cos,Griswaite,33113 Schlimgen Park,France,Tshirt,X-Large,4
01HPYDXZQ75ZR1M8MZQPMVR2PB,3/31/2023,mransteadd0@webs.com,Misha,Ranstead,5515 Ohio Lane,United States,Hoody,XX-Large,3
01HPYDXZQ9GJBWHK6NZYT4YZZ5,1/13/2023,heastesd1@fastcompany.com,Hadley,Eastes,78001 Rusk Avenue,United States,Tshirt,Medium,3
01HPYDXZQB9S0VX57GMGSEP5H9,2/20/2023,pgettend2@macromedia.com,Penni,Getten,592 Forest Dale Alley,Uganda,Scarf,X-Large,1
01HPYDXZQENZQS9T5AQJ0Y45J0,12/22/2023,ldunstalld3@skyrock.com,Libbi,Dunstall,61 Talmadge Drive,Canada,Tshirt,Medium,4
01HPYDXZQHZWZFEDXD35TSX4J2,4/22/2023,mliepinad4@icio.us,Mathe,Liepina,97562 Buhler Parkway,Brazil,Scarf,Small,2
01HPYDXZQKTGK0GZ78MGDXE7TJ,12/16/2023,cweildd5@youku.com,Celestine,Weild,26276 Waywood Way,United States,Scarf,Small,1
01HPYDXZQN8W86TETNSQXC77G2,5/15/2023,flongthorned6@upenn.edu,Felice,Longthorne,10 Lakewood Point,Peru,Tshirt,Small,2
01HPYDXZQP7P9TREKCAWKCBCT1,12/10/2023,nlanded7@phpbb.com,Naoma,Lande,122 Cambridge Plaza,Brazil,Jacket,Small,2
01HPYDXZQRF6TTW3YJ2QXKYF14,5/6/2023,egierardid8@scribd.com,Elisabeth,Gierardi,08 Lien Drive,Sweden,Shorts,Medium,3
01HPYDXZQSGGP3W11GB6XZDRVY,5/12/2023,lvolantd9@cpanel.net,Lisa,Volant,3 Sunfield Hill,United States,Tshirt,XX-Large,3
01HPYDXZQVQWRZNY6HRKZQNPPC,10/28/2023,eespinosada@tripod.com,Edin,Espinosa,432 Upham Road,France,Tshirt,Medium,1
01HPYDXZQWHE0AM82Y1AB120AD,6/2/2023,wstollmandb@last.fm,Wiatt,Stollman,7515 Valley Edge Crossing,United States,Hoody,Medium,2
01HPYDXZQYEP0GEVK6WPHFW5K1,3/13/2023,pgillesondc@so-net.ne.jp,Paulo,Gilleson,7727 Cottonwood Terrace,Peru,Shorts,Medium,3
01HPYDXZQZE3XNBZ6WSD8ETSMM,10/22/2023,zyatemandd@nifty.com,Zorah,Yateman,43905 Roth Parkway,Nigeria,Sweater,Medium,1
01HPYDXZR0AZBJYS1Y0W0SC3DR,12/7/2023,dhowickde@etsy.com,Daveen,Howick,5 Reinke Drive,Nigeria,Tshirt,Medium,2
01HPYDXZR2S3PM09YRXC921P8A,9/9/2023,jwhilderdf@discovery.com,Judith,Whilder,2303 Nobel Drive,Brazil,Jacket,Small,2
01HPYDXZR5Z0GDZH9C46GRR3V1,4/1/2023,ckilleleydg@tamu.edu,Conni,Killeley,08 Eagle Crest Hill,Argentina,Hoody,Large,1
01HPYDXZR6NT655K2G4H46PJBW,1/30/2023,dgoucherdh@arizona.edu,Darla,Goucher,34 Golden Leaf Court,Norway,Hoody,Small,3
01HPYDXZR7BSSE6WDJMGJJMGN8,7/11/2023,cjoannicdi@hud.gov,Cynde,Joannic,25001 Pleasure Junction,Norway,Hat,Medium,2
01HPYDXZR8QSQ4V9SSBEVN3ZPG,10/22/2023,paartsendj@chronoengine.com,Philis,Aartsen,64 Scofield Trail,United States,Scarf,Large,4
01HPYDXZR907AM5PRCPCXMHECS,11/23/2023,tbangdk@elpais.com,Terri,Bang,72801 Hoard Alley,Norway,Tshirt,Small,3
01HPYDXZRBEH6K9SXHCB3SGHZX,7/21/2023,kduinkerkdl@github.io,Karna,Duinkerk,29328 Shasta Hill,France,Shorts,XX-Large,2
01HPYDXZRCB70F5397MV1QWVGR,6/17/2023,tdesouzadm@sun.com,Thia,Desouza,89675 Ridgeview Junction,Canada,Sweater,Large,3
01HPYDXZRDRNE9XX13SAXBVT5C,4/26/2023,rolenanedn@sun.com,Ruthi,O'Lenane,33 Mifflin Court,Canada,Scarf,X-Large,1
01HPYDXZRE2JT2AW1Y9T7JQP5Z,9/9/2023,phalmkindo@ucoz.com,Pebrook,Halmkin,44 Kedzie Crossing,France,Tshirt,Medium,3
01HPYDXZRFC9AQXVPGAXFDW483,6/23/2023,gyakobdp@yale.edu,Geri,Yakob,377 3rd Junction,France,Sweater,Small,2
01HPYDXZRHCA6SE0D530HER53T,2/17/2023,kragotdq@admin.ch,Kiri,Ragot,9280 Glacier Hill Crossing,Nigeria,Shorts,Large,4
01HPYDXZRJFX9PQX3NPNQ34XP2,9/27/2023,mhawardendr@elegantthemes.com,Morse,Hawarden,0 Anthes Avenue,Brazil,Tshirt,Medium,1
01HPYDXZRKY2D0VBPN1JZJGJNR,7/23/2023,egahagands@xinhuanet.com,Emelda,Gahagan,2 Caliangt Park,France,Hoody,X-Large,3
01HPYDXZRM4SD3N50FMDBS0PJB,5/21/2023,dbalnavesdt@flavors.me,Dode,Balnaves,4007 Ohio Road,Peru,Tshirt,XX-Large,1
01HPYDXZRNAQR40JW5VETP14K9,9/15/2023,dkilbeydu@answers.com,Delila,Kilbey,833 Almo Trail,France,Tshirt,Medium,2
01HPYDXZRPW6NE4E1NF3V7SPJ8,5/29/2023,lbartolomeazzidv@cdc.gov,Linda,Bartolomeazzi,2804 Dorton Hill,France,Hoody,Medium,3
01HPYDXZRRB98RTCHDZF02AJJD,5/6/2023,agilbodydw@blogs.com,Artemas,Gilbody,8 Green Circle,Peru,Tshirt,Medium,3
01HPYDXZRS6FATJ1DD4DEDMY7K,5/16/2023,kslowandx@about.com,Kynthia,Slowan,40141 Westridge Terrace,United Kingdom,Tshirt,Medium,2
01HPYDXZRTN2XT2NQTKBGDGJRN,7/19/2023,gyanceydy@fda.gov,Gideon,Yancey,83 Hagan Pass,France,Hoody,Large,1
01HPYDXZRVHFZTFB33HPYYAKVT,12/25/2023,mothendz@sbwire.com,Moira,Othen,3519 Sauthoff Road,France,Tshirt,Large,4
01HPYDXZSDPTMQE2TRRVSKWANG,5/22/2023,rparadine0@fc2.com,Rickie,Paradin,6 Merry Circle,Brazil,Tshirt,XX-Large,4
01HPYDXZSFWYVVG1H9X3WQTPG9,12/18/2023,pohanessiane1@independent.co.uk,Petunia,Ohanessian,2 Sage Lane,Nigeria,Jacket,Medium,3
01HPYDXZSGVXZPNVXN4R7Y0SWS,11/27/2023,oduestere2@rakuten.co.jp,Oralle,Duester,16107 Dapin Pass,Brazil,Scarf,Large,2
01HPYDXZSJ4XNZQMQNRM8R05PC,12/20/2023,odunridgee3@sohu.com,Olenka,Dunridge,45 Norway Maple Pass,Peru,Tshirt,Large,1
01HPYDXZSK726ZEPHF6P00BAS4,1/12/2023,jitzkove4@liveinternet.ru,Jannelle,Itzkov,12169 Twin Pines Trail,Germany,Tshirt,X-Large,2
01HPYDXZSNCC5KJ4JE70JBR9CE,8/26/2023,ratkinsone5@hostgator.com,Royall,Atkinson,2 Eliot Alley,Sweden,Shorts,X-Large,1
01HPYDXZSPQA9DEK537DTXPX6H,10/2/2023,esimenone6@dagondesign.com,Emili,Simenon,550 Vahlen Street,Argentina,Sweater,Medium,3
01HPYDXZSR9HTC2XDNHAJ0V3ZC,2/2/2023,bhisee7@posterous.com,Bobbe,Hise,3344 Cordelia Lane,France,Sweater,Medium,1
01HPYDXZSTB73V4PV8CE69SBPB,12/26/2023,aparleye8@shinystat.com,Abby,Parley,39942 Gateway Road,Nigeria,Scarf,Medium,3
01HPYDXZSW0NXM6TD2KZZ692ZJ,10/10/2023,wbulleyne9@icio.us,Waldo,Bulleyn,7 Vidon Drive,Sweden,Scarf,Large,4
01HPYDXZSYN4S459887V97KSFW,4/25/2023,gpidcockea@wikimedia.org,Giselle,Pidcock,351 Linden Trail,Canada,Hoody,Medium,2
01HPYDXZT1F9V03M08NQR4WTG8,4/5/2023,hprettyjohneb@ucla.edu,Hannis,Prettyjohn,26791 Barby Trail,Sweden,Tshirt,X-Large,3
01HPYDXZT2GY0WVXQCE31BXE7C,12/5/2023,igarbottec@blogger.com,Izaak,Garbott,68 Messerschmidt Street,Canada,Hoody,Medium,3
01HPYDXZT5SPWYKJ6JV3NH19ZF,3/24/2023,lpantoned@phoca.cz,Leanora,Panton,5056 Walton Hill,France,Jacket,X-Large,2
01HPYDXZT81ANRJQMZR9MKG212,5/19/2023,dwalteree@washingtonpost.com,Denver,Walter,7 Longview Trail,Sweden,Shorts,XX-Large,3
01HPYDXZTAYXB2HA90MVKQ4Z16,5/17/2023,ecelizef@economist.com,Esmeralda,Celiz,0367 Ludington Park,United States,Sweater,XX-Large,4
01HPYDXZTC13XMHQAR4ZHYCPEC,11/1/2023,zavramoviceg@elegantthemes.com,Zeb,Avramovic,3 Montana Road,Brazil,Tshirt,X-Large,2
01HPYDXZTEKF82JS5PA31Z1A7G,11/6/2023,partuseh@reuters.com,Philippe,Artus,5607 David Drive,Brazil,Hoody,Medium,4
01HPYDXZTFATBN61E2A3MFV8TT,9/19/2023,mgliddenei@flickr.com,Michelina,Glidden,55 Dakota Park,France,Shorts,XX-Large,1
01HPYDXZTGR20A6B4VNS900TE6,4/14/2023,mbeekej@bbb.org,Maye,Beek,37 Lakeland Hill,Canada,Shorts,Medium,1
01HPYDXZTJVNX757516BN568K8,10/21/2023,bcamolliek@home.pl,Bobby,Camolli,7 Pearson Road,United States,Scarf,Small,1
01HPYDXZTKK8G3YQ8DS5NZRFAS,8/15/2023,ajuppel@omniture.com,Aurelea,Jupp,4690 Dryden Drive,Argentina,Hoody,Medium,4
01HPYDXZTNE2JM3RC91ADW1ZTJ,10/22/2023,jbentameem@apple.com,Jori,Bentame,8 Golden Leaf Circle,Brazil,Hoody,Large,4
01HPYDXZTQVVS26KXSMAAEJKEV,2/16/2023,dlewndenen@icq.com,Derby,Lewnden,3947 Chive Pass,United States,Tshirt,Small,1
01HPYDXZTRFMTJ32YAS7K8HAV1,1/18/2023,gtruslereo@imgur.com,Gerome,Trusler,49312 Vidon Street,Sweden,Shorts,Large,2
01HPYDXZTSAWX9EDG1NPW5WNQM,5/13/2023,jschefflerep@cbsnews.com,Jennette,Scheffler,745 Valley Edge Circle,Brazil,Hat,X-Large,1
01HPYDXZTTW5C1NZKBQTZ0EFJF,10/27/2023,kmoleeq@blinklist.com,Katusha,Mole,5844 Old Gate Pass,Sweden,Scarf,Large,4
01HPYDXZTWJTJN6M2TG0PYP2GD,3/14/2023,ekeyeser@elpais.com,Emory,Keyes,544 Grover Terrace,Sweden,Shorts,X-Large,3
01HPYDXZTXDV9RB4DFT2HYQZ7J,12/26/2023,hdightones@cam.ac.uk,Halette,Dighton,46307 Harbort Plaza,France,Hoody,Large,2
01HPYDXZTY82S2C9FKBWHNXBWY,8/31/2023,elintonet@hc360.com,Emilie,Linton,3238 Arkansas Alley,Norway,Sweater,Medium,1
01HPYDXZV04401WXC6SKKVAAHV,4/27/2023,lklauereu@imgur.com,Liane,Klauer,6679 Fuller Road,United States,Hoody,Medium,3
01HPYDXZV1NNPP19R832T7D7RP,5/23/2023,hlowlessev@vkontakte.ru,Hadlee,Lowless,55892 Badeau Road,Sweden,Sweater,Medium,1
01HPYDXZV2T2509S3H62HFGGGY,10/9/2023,gnewtownew@spiegel.de,Gordie,Newtown,8 Namekagon Way,United States,Hoody,Medium,1
01HPYDXZV4WH8180G0M2YYH18A,3/16/2023,sdriex@google.com.hk,Sidnee,Dri,41607 Toban Street,Brazil,Hat,Medium,4
01HPYDXZV5X9N0CSAWHQBVS07J,2/2/2023,btribbeckey@google.ru,Brian,Tribbeck,8601 Forest Dale Street,Sweden,Shorts,Small,3
01HPYDXZV66W1V7NX8VJ0BF57C,12/24/2023,gsamwyseez@drupal.org,Gearard,Samwyse,7339 Lakewood Lane,Ireland,Hoody,X-Large,4
01HPYDXZV8SAZ3163VGGQQHRYG,5/24/2023,nboxhallf0@bigcartel.com,Natassia,Boxhall,1006 Mccormick Point,France,Hat,Medium,3
01HPYDXZV9GJ3JPW81JCZWJNEQ,2/21/2023,brawllf1@si.edu,Boony,Rawll,72 Eastwood Road,Argentina,Sweater,X-Large,4
01HPYDXZVAFZ6SN3CP3S3BCYF3,3/4/2023,fdrayef2@nps.gov,Frans,Draye,0217 Hooker Pass,Brazil,Tshirt,X-Large,1
01HPYDXZVBN4N5MWQ3RWGTXR8S,7/26/2023,nbelfragef3@purevolume.com,Nels,Belfrage,8 Badeau Parkway,France,Tshirt,Medium,2
01HPYDXZVDKX82KA6RD227HG76,4/30/2023,tshadrachf4@sun.com,Templeton,Shadrach,3054 Corscot Crossing,United States,Tshirt,Large,2
01HPYDXZVEX6G59NZRN6SV3P99,7/14/2023,kgaskoinf5@boston.com,Kessia,Gaskoin,3070 Blue Bill Park Pass,Brazil,Hat,Medium,1
01HPYDXZVFA08RGH5PF7W4HV52,12/25/2023,mnormanvillf6@amazon.co.uk,Malena,Normanvill,023 Annamark Crossing,Sweden,Tshirt,Medium,1
01HPYDXZVHMVZK0QGHJBJS0XV8,5/4/2023,ddavidovitchf7@skyrock.com,Dewitt,Davidovitch,44 Bellgrove Place,Nigeria,Shorts,Small,4
01HPYDXZVJRCCYE1WBGN5JSZTF,2/1/2023,dbowichf8@tinyurl.com,Doroteya,Bowich,408 Myrtle Avenue,Argentina,Scarf,Medium,3
01HPYDXZVK1VS9XDETMZJW38H5,1/27/2023,mdeathf9@slashdot.org,Missie,De'Ath,40257 Toban Place,Argentina,Gloves,Large,2
01HPYDXZVNHRVTEX3RRETWQZ6F,3/14/2023,wlowingsfa@weather.com,Wallis,Lowings,693 Barby Junction,Sweden,Tshirt,XX-Large,3
01HPYDXZVPRK92KQEAY3ZVSQJK,12/29/2023,fblennerhassettfb@slate.com,Farlee,Blennerhassett,06 Miller Park,United States,Sweater,Small,4
01HPYDXZVQ8F3S83TQPC684KKH,4/26/2023,ereichertfc@livejournal.com,Edlin,Reichert,8472 Elgar Point,Sweden,Tshirt,Medium,3
01HPYDXZVRJWC3N7NAY0FCQWE0,12/18/2023,ktretwellfd@who.int,Kaylil,Tretwell,2 Farragut Trail,Canada,Hat,Large,3
01HPYDXZVTRVQSFG2MST373316,12/28/2023,aneeshamfe@dailymotion.com,Ashlie,Neesham,91709 Gina Crossing,Ireland,Tshirt,Medium,2
01HPYDXZVVN11TCR77G06ADCVV,9/1/2023,mbeddowsff@delicious.com,Myranda,Beddows,6914 School Parkway,Brazil,Hoody,Medium,3
01HPYDXZVWDTDGPXMF3F8SJQTZ,10/31/2023,rstockyfg@mac.com,Radcliffe,Stocky,96080 6th Street,Peru,Hoody,Small,3
01HPYDXZVXDY7HJYKVY9KCA2FH,5/26/2023,njedrzejkiewiczfh@aol.com,Noach,Jedrzejkiewicz,3 Schiller Street,Ireland,Tshirt,XX-Large,2
01HPYDXZVZWVMF4622KTH1VGCH,8/31/2023,cboddingtonfi@oaic.gov.au,Chastity,Boddington,8 Starling Road,France,Hoody,X-Large,1
01HPYDXZW0W50XVT8FBD5HRCPB,5/24/2023,dlongcakefj@webmd.com,Derick,Longcake,82815 Rieder Hill,Nigeria,Sweater,Large,4
01HPYDXZW1GNVGTJGEZCBPGB4P,6/3/2023,mbentonfk@yellowpages.com,Milly,Benton,2 Lien Drive,Sweden,Shorts,Medium,3
01HPYDXZW2BR34REM31QP39QNT,8/12/2023,telmesfl@ed.gov,Tiphani,Elmes,9973 Anniversary Plaza,United States,Tshirt,Medium,4
01HPYDXZW4YBBVQ8037QC6G92V,1/12/2023,rpeersfm@hubpages.com,Rodger,Peers,5182 Esker Junction,United States,Hoody,Medium,1
01HPYDXZW5K704EMXJRF75EBCW,1/23/2023,lhorleyfn@wisc.edu,Larissa,Horley,2390 Huxley Lane,Brazil,Tshirt,Large,2
01HPYDXZW6S7EV883V81BBY8BG,9/12/2023,hlamprechtfo@google.es,Helge,Lamprecht,31 Talmadge Circle,Argentina,Jacket,Medium,3
01HPYDXZW8DT3KK8HM85T2TYP9,1/3/2023,hmcgarrityfp@springer.com,Herschel,McGarrity,61612 Merchant Road,Canada,Shorts,XX-Large,1
01HPYDXZW94117686HXBC186QW,3/17/2023,ctonkinsonfq@fastcompany.com,Cameron,Tonkinson,41767 Caliangt Street,Sweden,Hoody,XX-Large,1
01HPYDXZWB0WDT39RK28MW159Y,7/18/2023,ubothafr@oracle.com,Ulberto,Botha,5 Dayton Court,Argentina,Tshirt,Large,2
01HPYDXZWCC84SGNX1HS0HP6AJ,9/4/2023,sbaxstairfs@weibo.com,Sarine,Baxstair,7717 High Crossing Court,France,Sweater,XX-Large,1
01HPYDXZWEKC76MSNW21NDMTS0,4/11/2023,alinsteadft@mit.edu,Antonina,Linstead,948 Acker Court,Canada,Shorts,Large,2
01HPYDXZWF8BRRW2VQD1VW09YE,11/23/2023,ffancefu@altervista.org,Florencia,Fance,62337 Heath Junction,United States,Jacket,X-Large,1
01HPYDXZWGMGCYDYBY73HXJ8BY,3/1/2023,wbaistowfv@imdb.com,Wallis,Baistow,619 Nobel Lane,Nigeria,Hoody,Small,2
01HPYDXZWJJTTXKQMATHSER45G,11/20/2023,dcottinghamfw@alibaba.com,Daisi,Cottingham,20263 Red Cloud Center,Brazil,Hoody,Small,3
01HPYDXZWK1506V3QGB90VT04V,8/25/2023,gscoughfx@ucsd.edu,Gina,Scough,859 Annamark Junction,Brazil,Gloves,Medium,2
01HPYDXZWMQXSPAKYC7FRD31ZM,10/29/2023,gnuttfy@google.com.hk,Gradeigh,Nutt,752 Kennedy Drive,Brazil,Scarf,Medium,3
01HPYDXZWNV82N8ZRF8363373G,4/21/2023,hjoanfz@goo.ne.jp,Hedy,Joan,3647 Oak Valley Pass,Sweden,Jacket,Medium,2
01HPYDXZWQ0P3B7M6MP9EPM0YZ,7/19/2023,fskymeg0@marriott.com,Federica,Skyme,69 Trailsway Trail,Brazil,Tshirt,XX-Large,1
01HPYDXZWRCFZ3JHG8BJCNRACS,4/6/2023,zakersg1@archive.org,Zerk,Akers,9 Mcguire Point,Peru,Shorts,X-Large,1
01HPYDXZWSTTDJGHWV9MCJD6C1,6/9/2023,lchristenseng2@geocities.jp,Luther,Christensen,93 Mandrake Trail,Brazil,Hoody,X-Large,1
01HPYDXZWTFE4XT6Q4WR3FES4H,7/4/2023,hridelg3@latimes.com,Henrieta,Ridel,3554 Moose Lane,Brazil,Hoody,X-Large,2
01HPYDXZWWKZYYCJC2PVZYB7FB,10/24/2023,dmacterlaghg4@unc.edu,Delphine,MacTerlagh,8442 Sunnyside Terrace,Italy,Tshirt,Medium,3
01HPYDXZWXC6RG5DACZ3PA0NYP,8/17/2023,bwebsdaleg5@wikipedia.org,Berke,Websdale,11 Dunning Trail,Peru,Jacket,Large,4
01HPYDXZWYBSWRY08X1AFZHT85,6/13/2023,wyankovg6@utexas.edu,Willie,Yankov,744 Orin Junction,Sweden,Hat,Medium,2
01HPYDXZWZJNS4983WCZFYSAXS,5/28/2023,vhargeyg7@cbslocal.com,Valery,Hargey,88 Northridge Street,Brazil,Jacket,Medium,3
01HPYDXZX1431XRQ5PMJGXP2TE,3/21/2023,rmongerg8@seesaa.net,Regine,Monger,95 Dottie Way,Sweden,Gloves,Medium,3
01HPYDXZX284FAJ353VGRZY427,11/14/2023,sdugaldg9@amazon.co.jp,Sheena,Dugald,854 Kennedy Plaza,Canada,Shorts,Medium,4
01HPYDXZX3AA5WK6WCTFP3PDRZ,3/19/2023,csargantga@webeden.co.uk,Cissiee,Sargant,06 Sachtjen Place,Argentina,Hoody,XX-Large,2
01HPYDXZX4T78996NBMGJA6BS3,11/30/2023,vwilesgb@i2i.jp,Vilma,Wiles,66358 Randy Plaza,France,Hoody,Medium,3
01HPYDXZX6M5TXQ980G21P2YAD,4/26/2023,tshearstonegc@cnbc.com,Tadd,Shearstone,68977 Ohio Street,Peru,Tshirt,X-Large,2
01HPYDXZX7YZ3E8G91YEW7ER40,7/14/2023,ppurcellgd@house.gov,Pieter,Purcell,51989 Dahle Hill,Germany,Scarf,Medium,2
01HPYDXZX9YQ76DE1RXT3J1ZM2,11/24/2023,ttestinge@hibu.com,Tyrus,Testin,8 Moulton Hill,Nigeria,Shorts,XX-Large,3
01HPYDXZXA5N73ARW2XNSAVJ05,12/28/2023,rhassewellgf@jimdo.com,Roseann,Hassewell,0869 Hintze Road,France,Sweater,X-Large,3
01HPYDXZXBVAFT9J6102NCH5CX,2/16/2023,fsnowdengg@linkedin.com,Faustine,Snowden,403 School Road,Brazil,Tshirt,Small,2
01HPYDXZXC66TVXE416MK7D5E4,9/25/2023,vquintongh@deliciousdays.com,Vivi,Quinton,645 Elka Crossing,Brazil,Tshirt,Small,3
01HPYDXZXEEF8CWKAW971SFS75,1/11/2023,rgreenallgi@dmoz.org,Rosina,Greenall,71 Hovde Center,United States,Tshirt,Large,2
01HPYDXZXF3MW10JCCDQYR90HD,1/18/2023,owyliegj@howstuffworks.com,Ole,Wylie,3 Pepper Wood Pass,Peru,Hoody,Medium,1
01HPYDXZXHZFWH54T5PQ60VGWW,1/15/2023,gbackesgk@whitehouse.gov,Gilemette,Backes,5 Memorial Pass,Italy,Sweater,Large,1
01HPYDXZXJX352V7AGHTC82GFK,1/28/2023,ebedenhamgl@shutterfly.com,Elli,Bedenham,19 Melody Parkway,Nigeria,Hat,XX-Large,3
01HPYDXZXKJ9CX4QS8SSPGNB2C,11/10/2023,obowgengm@qq.com,Otho,Bowgen,5 Carey Avenue,Peru,Tshirt,Small,1
01HPYDXZXMX23NJAVTKVVW5HKS,2/15/2023,ibartotgn@wiley.com,Irv,Bartot,0 Claremont Circle,Canada,Tshirt,Medium,1
01HPYDXZXQZ35VVM2D32ZT642D,11/8/2023,gadlemgo@baidu.com,Guthry,Adlem,031 Twin Pines Plaza,Brazil,Hoody,Large,4
01HPYDXZXTT1ESCTW93WPHNTHM,1/30/2023,agherardinigp@umich.edu,Ara,Gherardini,28295 5th Center,Brazil,Tshirt,Medium,4
01HPYDXZXXS7BEYH38ABKF9K39,1/28/2023,bbonnickgq@columbia.edu,Betteanne,Bonnick,7 Claremont Lane,Uruguay,Scarf,Large,3
01HPYDXZY0VSPW9X07Y86KNF51,2/9/2023,kveritygr@army.mil,Kirbee,Verity,7829 Little Fleur Alley,Brazil,Scarf,Large,4
01HPYDXZY3PA8XFWYF5VJ75Q22,1/6/2023,alangmaidgs@youku.com,Aurora,Langmaid,14 Pawling Trail,Peru,Sweater,Small,4
01HPYDXZY6NCKPQEC9MGXGVMDG,9/22/2023,gickeringillgt@umn.edu,Gabriellia,Ickeringill,5 Continental Crossing,Sweden,Shorts,Medium,4
01HPYDXZY9G4C69CCPZSAC9YB5,9/25/2023,dballefantgu@mediafire.com,Daryl,Ballefant,6012 Gulseth Lane,United States,Tshirt,XX-Large,1
01HPYDXZYCSZMX0GG760KXZNHT,6/12/2023,gromushkingv@skyrock.com,Garfield,Romushkin,837 Ruskin Parkway,United States,Hat,Medium,4
01HPYDXZYGY6QRQTWZ2T1D19D5,10/29/2023,anollergw@kickstarter.com,Aurea,Noller,6433 Express Point,Canada,Hoody,Medium,3
01HPYDXZYK1BA37DMV6SF30SG4,4/17/2023,zomullengx@wix.com,Zora,O Mullen,31149 Hudson Place,France,Sweater,X-Large,3
01HPYDXZYP4D8P84TRRS1PV4RR,9/24/2023,jivanyukovgy@spiegel.de,Jelene,Ivanyukov,4199 Oakridge Point,Brazil,Scarf,XX-Large,2
01HPYDXZYSQE4909AT0NYDY38Z,4/6/2023,gheightgz@qq.com,Gregorius,Height,40 Kingsford Hill,Argentina,Tshirt,Large,4
01HPYDXZYWAH7F9Z0FXM3E3R56,11/16/2023,mcollynsh0@wordpress.com,Moses,Collyns,2 Mendota Center,Peru,Sweater,Medium,1
01HPYDXZYZ30RAX1XHJ7BE5N8J,1/19/2023,smaylardh1@weibo.com,Susy,Maylard,082 Fallview Circle,Peru,Sweater,XX-Large,4
01HPYDXZZ29HM0R0TEQ6ZBGMSA,4/17/2023,astegellh2@house.gov,Audrye,Stegell,4837 Hollow Ridge Road,Nigeria,Tshirt,Medium,4
01HPYDXZZ5KGHG01YEWGV0P9WQ,3/16/2023,eedyh3@europa.eu,Emmeline,Edy,00 Waxwing Circle,United States,Tshirt,Small,4
01HPYDXZZ8B9R55D6NS5YTAQNY,12/14/2023,bphiliparth4@chicagotribune.com,Bird,Philipart,6026 Northwestern Road,Peru,Scarf,Small,2
01HPYDXZZBKFYFTAFVEG7RF259,8/29/2023,kbaytroph5@vinaora.com,Kingsly,Baytrop,811 Wayridge Avenue,Canada,Scarf,Small,4
01HPYDXZZESGKB8Y5T6TYBQZ42,9/14/2023,ibortolonih6@accuweather.com,Isabelle,Bortoloni,9560 Spenser Avenue,Nigeria,Sweater,Small,2
01HPYDXZZH9083PFBY4YBKZBDM,10/10/2023,apenrethh7@mysql.com,Abrahan,Penreth,4702 Kipling Park,Uruguay,Shorts,Large,2
01HPYDXZZNBYHSKSHVMMXZ8W2G,9/28/2023,ameehanh8@woothemes.com,Aldis,Meehan,698 Sundown Circle,France,Hoody,Large,4
01HPYDXZZR289YB018JCDVSQ6D,6/28/2023,searengeyh9@blogger.com,Selle,Earengey,5055 Welch Parkway,Brazil,Hat,Small,4
01HPYDXZZVZ1GG73X2DYQ7R5JV,11/23/2023,achadwellha@addtoany.com,Anestassia,Chadwell,823 Continental Drive,Nigeria,Hat,Medium,3
01HPYDXZZYVC9XMXXC33K0HKXF,2/4/2023,cpedicanhb@google.com.au,Cleopatra,Pedican,99655 Service Pass,United States,Hoody,XX-Large,3
01HPYDY001PNQEAW2W5WTZJJB9,7/18/2023,kedsonhc@berkeley.edu,Keven,Edson,87 3rd Parkway,Bosnia and Herzegovina,Hoody,Large,3
01HPYDY004SQBYS0NQE7C5CZV1,2/4/2023,cwooffindenhd@harvard.edu,Carole,Wooffinden,9 Johnson Trail,Sweden,Jacket,Large,3
01HPYDY005Y7GCKYD1NH09NXDF,3/1/2023,ecolefordhe@rakuten.co.jp,Eve,Coleford,8655 Vahlen Plaza,Brazil,Scarf,X-Large,2
01HPYDY007AD354AC3EF3A82BR,4/22/2023,mludlamhf@aboutads.info,Marv,Ludlam,00 Brickson Park Drive,Uganda,Hoody,Medium,3
01HPYDY008GPCHD2Q38PRQMQV5,1/29/2023,godooleyhg@google.fr,Genevieve,O' Dooley,1 Luster Avenue,Sweden,Hat,Large,4
01HPYDY00BV25DFWQWEC34Q9EF,4/3/2023,tmabbutthh@tinyurl.com,Tammara,Mabbutt,71236 Almo Lane,Nigeria,Scarf,Small,1
01HPYDY00EJXXYRZ42Q03Y3V0E,11/23/2023,cdurringtonhi@redcross.org,Corri,Durrington,02 Anhalt Alley,United Kingdom,Tshirt,Small,3
01HPYDY00JARGMFMRMY15A6F0Y,5/21/2023,tilyasovhj@nhs.uk,Timi,Ilyasov,81426 Corscot Hill,Nigeria,Hat,Large,2
01HPYDY00N8TCNS5DMZ19FNZDC,9/26/2023,aguerrierohk@rambler.ru,Annamaria,Guerriero,31 Kim Place,Sweden,Jacket,Medium,4
01HPYDY00RQ52SKQVBA1YC97CG,12/27/2023,ckleenhl@ustream.tv,Ced,Kleen,407 Dorton Street,Peru,Tshirt,Large,4
01HPYDY00VZTXXY37P5HYEMH45,11/18/2023,rbannellhm@weebly.com,Reggy,Bannell,43316 Alpine Park,Brazil,Tshirt,Medium,2
01HPYDY00Y4SJDCNC38KDTQHWY,3/30/2023,lstreetinghn@blog.com,Larine,Streeting,143 Fisk Circle,France,Sweater,Medium,4
01HPYDY011A50Y8HNC86MHY0JA,6/13/2023,imiskho@seattletimes.com,Inness,Misk,918 Stoughton Avenue,France,Sweater,Small,1
01HPYDY014X8JG2VZCJVX2ECMW,4/24/2023,hchauveyhp@instagram.com,Heinrik,Chauvey,127 Elmside Point,Argentina,Hoody,Small,2
01HPYDY017W61QZD9WR43VJHN5,2/4/2023,cherleyhq@zdnet.com,Cati,Herley,90 Crest Line Street,France,Hat,XX-Large,2
01HPYDY01ABYRAD3S3N1A91RMM,12/9/2023,jhuitthr@java.com,Jacquetta,Huitt,40 Havey Avenue,France,Shorts,X-Large,4
01HPYDY01D9HKG0XPJF9T91B71,3/23/2023,jandrivelhs@about.com,Jonathon,Andrivel,1929 Haas Lane,Peru,Tshirt,Medium,3
01HPYDY01G0X5Q17G6JNS2HX2B,5/27/2023,harnaultht@yahoo.com,Haley,Arnault,2 Arapahoe Plaza,United States,Hoody,XX-Large,1
01HPYDY01J3A3CM902XPRZ4JJH,9/17/2023,faronoffhu@wufoo.com,Florry,Aronoff,4785 Packers Point,Bosnia and Herzegovina,Hoody,XX-Large,4
01HPYDY01M5RA3VRBE76SKSR27,8/21/2023,kroycrofthv@foxnews.com,Knox,Roycroft,87 Bunker Hill Parkway,Ireland,Tshirt,Medium,3
01HPYDY01PWVV4MA5YEHFN57XX,4/29/2023,mzorzonihw@nytimes.com,Marla,Zorzoni,60218 Mitchell Plaza,Sweden,Gloves,Large,2
01HPYDY01S90507Z0H2FNC51BQ,12/6/2023,jockendenhx@fastcompany.com,Javier,Ockenden,18789 Springview Street,Brazil,Shorts,Medium,1
01HPYDY01W615Y3KH3PK6GZD87,6/14/2023,msnawdenhy@oaic.gov.au,Matthiew,Snawden,9042 Bonner Point,Brazil,Tshirt,Large,4
01HPYDY020VX5A7CXCD8T6CZQN,3/17/2023,ggoldshz@baidu.com,Giovanna,Golds,046 Marquette Trail,Nigeria,Hoody,Medium,1
01HPYDY023HZB7Z9RGVZYGFGY1,12/5/2023,jferoi0@theatlantic.com,Joletta,Fero,95725 Maple Point,Sweden,Tshirt,XX-Large,1
01HPYDY0264CPZH8HBVAVTT078,9/12/2023,dmityushini1@ameblo.jp,Dareen,Mityushin,61414 Sunbrook Place,France,Tshirt,Small,3
01HPYDY029E67AHG2V648EK0VQ,8/24/2023,rmatthewsi2@php.net,Ryun,Matthews,9 Judy Way,Brazil,Shorts,Large,3
01HPYDY02CF7K16V13SXDY8Z77,3/16/2023,kgoodwinsi3@fotki.com,Karlie,Goodwins,4505 Orin Street,Nigeria,Hat,Large,4
01HPYDY02FM1WC95G2X1WQRH6J,9/23/2023,abakeri4@nasa.gov,Ariella,Baker,5 Scofield Circle,Peru,Hoody,XX-Large,3
01HPYDY02JYCRRETN3ZWT4CDBH,4/12/2023,bwhiteleyi5@seesaa.net,Belvia,Whiteley,5 Southridge Road,Canada,Tshirt,Medium,4
01HPYDY02PV9VTBPAFMRZAC0NM,11/14/2023,bvockingsi6@opensource.org,Brittni,Vockings,3683 Vermont Drive,Peru,Tshirt,XX-Large,4
01HPYDY02SBW0JASH4WFFQ4M1M,5/27/2023,gwadmorei7@cnbc.com,Gustie,Wadmore,2010 Larry Trail,Brazil,Tshirt,Medium,3
01HPYDY02W0J985P4J84K9PNX6,4/20/2023,ufishpondi8@forbes.com,Ulrika,Fishpond,357 Knutson Alley,Argentina,Tshirt,Medium,3
01HPYDY02ZGT2QAVNWGNPVA52J,11/23/2023,prosengarti9@usatoday.com,Pammy,Rosengart,176 Lunder Place,United States,Hoody,XX-Large,2
01HPYDY031MPAB3K7HFP24ZJ9Z,10/21/2023,cklauberia@weather.com,Constantino,Klauber,3 Sullivan Court,France,Sweater,XX-Large,2
01HPYDY032D2YFZAA7SE7XYZS5,1/26/2023,igarwellib@geocities.com,Ira,Garwell,93040 Declaration Center,France,Scarf,Small,1
01HPYDY033Y7X55TTBR05GEDWV,1/13/2023,dcurnockic@smugmug.com,Dew,Curnock,01665 Banding Crossing,Peru,Sweater,Medium,2
01HPYDY0355TH90Q3HBT40AYN6,1/14/2023,anegusid@usgs.gov,Allx,Negus,939 Park Meadow Plaza,Germany,Hoody,Medium,1
01HPYDY0367355H4D0M0KFRRHP,7/11/2023,gslisbyie@jiathis.com,Guillaume,Slisby,996 Dennis Crossing,Brazil,Shorts,Small,1
01HPYDY037EJM6T2CNP7CSHQJ9,4/28/2023,vgunnerif@sphinn.com,Vivian,Gunner,5 Veith Parkway,Sweden,Hoody,Large,1
01HPYDY038FWEXJZ7CPXQXHKKY,3/14/2023,eascraftig@miibeian.gov.cn,Efrem,Ascraft,6 Tennessee Pass,United States,Hoody,Medium,2
01HPYDY03ANXWF724VZ3B1TBBV,11/30/2023,mrubertiih@edublogs.org,Margie,Ruberti,465 Merchant Court,Brazil,Gloves,Medium,4
01HPYDY03BSAFM6M4JGQVZV0JK,7/25/2023,nasaafii@mit.edu,Nathanael,Asaaf,0 Michigan Pass,Brazil,Scarf,XX-Large,2
01HPYDY03C39VH6Z5Q6EPB7YEN,3/4/2023,cornellsij@vkontakte.ru,Cordell,Ornells,7 Sauthoff Crossing,Nigeria,Shorts,Large,2
01HPYDY03DC8WX70KEWD78V44H,6/21/2023,lrawetik@com.com,Leila,Rawet,1 Anzinger Pass,Peru,Hoody,XX-Large,1
01HPYDY03FEXRKBQTMEXTCWHBP,3/27/2023,cdyteril@merriam-webster.com,Carolyne,Dyter,3906 6th Hill,Sweden,Sweater,Medium,1
01HPYDY03G09HD2P1DEQSY75PW,1/12/2023,riredellim@csmonitor.com,Ramsey,Iredell,70623 Ronald Regan Drive,Argentina,Tshirt,XX-Large,2
01HPYDY03HVD491Q1RQ167J0DC,1/11/2023,bcoulesin@businessweek.com,Barbi,Coules,91968 Hollow Ridge Crossing,Brazil,Hoody,X-Large,1
01HPYDY03JB0AV6MTPMT2H56G4,12/14/2023,cwhitehurstio@blog.com,Cullie,Whitehurst,28 Cherokee Avenue,United States,Tshirt,Large,3
01HPYDY03MKBBHC7JAV9940JR0,5/6/2023,soldredip@craigslist.org,Stavros,Oldred,94295 Namekagon Trail,Brazil,Tshirt,XX-Large,1
01HPYDY03NZ0ZRBBCS5VZEEEVW,9/3/2023,kboshelliq@skype.com,Kale,Boshell,2 Loftsgordon Terrace,Sweden,Tshirt,Medium,4
01HPYDY03QN32EGKS33PNBDXBM,6/28/2023,asprouleir@discuz.net,Adolphe,Sproule,3521 Graedel Parkway,France,Hoody,XX-Large,4
01HPYDY03S7BMM3BQEJX4ENAJM,7/13/2023,kgentilis@domainmarket.com,Kaylil,Gentil,34 Mesta Plaza,France,Tshirt,Large,2
01HPYDY03T48SRG87KWGVXR1H3,11/14/2023,llynessit@comsenz.com,Laurella,Lyness,4 Banding Park,Spain,Hoody,Medium,2
01HPYDY03VSB8NXAYCS6QKHV0M,4/30/2023,edwellyiu@blinklist.com,Estell,Dwelly,77877 Northwestern Drive,Nigeria,Gloves,Medium,1
01HPYDY03WTQHB1YNVMQP2XP2C,12/29/2023,avinkiv@huffingtonpost.com,Amalea,Vink,35 Glendale Pass,Brazil,Hoody,XX-Large,1
01HPYDY03Y51P376QMYHDVH55G,9/16/2023,vnattiw@youtu.be,Virgilio,Natt,2490 Granby Park,France,Scarf,XX-Large,3
01HPYDY03Z3SB91JRCD0AQZTYP,5/20/2023,rsmallsmanix@facebook.com,Rubia,Smallsman,9 Lerdahl Drive,France,Hoody,Large,1
01HPYDY04056FJBHC4Y7XYD3FM,8/7/2023,kastiniy@xrea.com,Ker,Astin,08200 Morning Lane,Sweden,Shorts,Medium,2
01HPYDY042TXR9B1Y7EZH2FCBD,7/7/2023,ejefferysiz@usnews.com,Evvie,Jefferys,89 Dapin Place,Sweden,Hoody,XX-Large,2
01HPYDY043RKWAM4T3S6X9THXD,9/26/2023,scouchaj0@amazon.com,Shina,Coucha,418 Cordelia Alley,Argentina,Shorts,X-Large,1
01HPYDY045A6B3CB6S57EC14J4,10/15/2023,zborrelj1@scribd.com,Zackariah,Borrel,6448 Randy Place,Sweden,Hoody,Medium,2
01HPYDY046D9S0C007E7C1J26Q,5/4/2023,sfairpoolj2@tumblr.com,Sander,Fairpool,8966 Annamark Park,France,Hat,Medium,1
01HPYDY047G766HQV876N68AAP,2/24/2023,jcastillej3@ovh.net,Joy,Castille,9 Cody Road,United States,Hoody,Large,4
01HPYDY0480Z7KD7YDKHEN1QCR,1/10/2023,csignj4@histats.com,Carson,Sign,241 Carioca Alley,France,Hoody,Large,2
01HPYDY049TH33DHW1P48ACFQY,5/13/2023,aharbagej5@people.com.cn,Ambrosius,Harbage,0516 Express Hill,France,Hoody,X-Large,4
01HPYDY04BK2FYJ7CD1415QRD9,2/26/2023,vpascowj6@flavors.me,Vida,Pascow,623 Roxbury Parkway,Peru,Tshirt,X-Large,3
01HPYDY04CG10DSR9QWEEGGJP6,9/8/2023,cerickssenj7@fotki.com,Coleen,Erickssen,00 John Wall Lane,Sweden,Tshirt,Medium,1
01HPYDY04DBG8ZDBCHZ8K4BZRS,7/31/2023,agottsj8@mashable.com,Annemarie,Gotts,8 Tony Alley,Norway,Scarf,Small,2
01HPYDY04FGXAZKA9G3WS8PEXB,1/4/2023,adenisardj9@wired.com,Anna-diana,Denisard,4 Cascade Pass,Sweden,Tshirt,Large,4
01HPYDY04GRSTPV1MPKEVXBZ83,1/17/2023,ajatczakja@google.it,Armand,Jatczak,535 Old Gate Place,Peru,Sweater,X-Large,1
01HPYDY04HJ5CXHQ577C1T6Z9A,11/12/2023,cdanilchenkojb@shop-pro.jp,Clerc,Danilchenko,730 Huxley Terrace,Brazil,Sweater,Small,1
01HPYDY04K4SJFH28JTGVPRCNM,7/29/2023,xhorwelljc@dedecms.com,Ximenes,Horwell,106 Warbler Way,Sweden,Hoody,Medium,2
01HPYDY04MC3R78SMWJF39VSET,10/7/2023,falfonsettijd@1und1.de,Florry,Alfonsetti,0 Carioca Circle,United States,Tshirt,Small,2
01HPYDY04NZQTDX701VC3WQ0NX,11/15/2023,jcragheadje@paypal.com,Jobyna,Craghead,956 Melvin Parkway,France,Hoody,Large,2
01HPYDY04P965THY18J619MFX5,4/21/2023,hhalbardjf@hostgator.com,Haskell,Halbard,2035 Westridge Point,Sweden,Tshirt,Large,1
01HPYDY04RPE5HYHVHY05P23BN,1/4/2023,oospillanejg@domainmarket.com,Othello,O'Spillane,70 Melvin Point,Nigeria,Shorts,Large,3
01HPYDY04S116BZPQX5Y8NYWS7,3/2/2023,bpassejh@aol.com,Bertha,Passe,555 Melvin Hill,France,Hoody,Medium,4
01HPYDY04V72M54F3X3M47NM5Z,1/13/2023,ageistmannji@prnewswire.com,Archibaldo,Geistmann,2662 Algoma Street,United States,Tshirt,Medium,3
01HPYDY04WPDAAY72ADD6EQ43X,12/28/2023,gmccambroisjj@wikipedia.org,Glori,McCambrois,80 Blue Bill Park Alley,France,Hoody,Large,4
01HPYDY04XXHGCHG2V56YS87BB,10/23/2023,wpearsalljk@instagram.com,Walden,Pearsall,270 Dryden Park,Brazil,Hoody,XX-Large,4
01HPYDY04Y49PZ1CS0WZVHSRMS,10/1/2023,mondrasekjl@yandex.ru,Matthus,Ondrasek,37682 Spaight Crossing,Peru,Tshirt,XX-Large,4
01HPYDY050F5WH6QHP4AVWNW3R,10/28/2023,cgirardengojm@liveinternet.ru,Cristie,Girardengo,04554 Sunnyside Circle,Brazil,Hoody,X-Large,3
01HPYDY051VXX3XQJ2V1FNQ0YJ,8/4/2023,npestelljn@mediafire.com,Nedi,Pestell,1019 Darwin Road,Canada,Hoody,Large,4
01HPYDY052G7SGVBQ02ZHK16XP,12/16/2023,jwrankmorejo@bandcamp.com,Jacquelynn,Wrankmore,6 Dwight Place,United States,Sweater,XX-Large,3
01HPYDY054GEQ165T71ABDJSP7,12/20/2023,jburwinjp@google.pl,Jocelin,BURWIN,17 Myrtle Court,France,Scarf,Medium,1
01HPYDY055QPK8THDFFX0W95WM,11/16/2023,bstapyltonjq@foxnews.com,Bernard,Stapylton,3931 Forest Run Alley,Peru,Tshirt,Large,3
01HPYDY056841CVWECWRR1ZE85,1/26/2023,morhtjr@aboutads.info,Melisse,Orht,8748 Melvin Avenue,France,Scarf,Large,4
01HPYDY0587RJN255MYVKSMHCM,3/14/2023,sghelardonijs@jalbum.net,Sophia,Ghelardoni,73 Canary Alley,Brazil,Hoody,Small,3
01HPYDY059XA8D77BX0Y7C2QHT,12/23/2023,tnorewoodjt@chronoengine.com,Teddy,Norewood,9258 Emmet Parkway,France,Hat,X-Large,2
01HPYDY05AGVTBDTZEZNAFDQH9,1/2/2023,sclewarthju@amazon.co.jp,Selie,Clewarth,5 Farmco Park,Peru,Tshirt,Large,4
01HPYDY05BC7D046MDX5QSK81J,5/2/2023,bdoblinjv@exblog.jp,Barr,Doblin,01562 Jana Center,Uganda,Tshirt,Medium,2
01HPYDY05DG5MH1831EAR4Y88A,3/19/2023,lfontelljw@bloglovin.com,Lexis,Fontell,892 Maple Wood Lane,Brazil,Scarf,XX-Large,2
01HPYDY05EKJZZ5N1JVFNH5KRW,4/16/2023,tdiioriojx@ucsd.edu,Tiphani,Di Iorio,68691 Sachs Point,France,Tshirt,Large,1
01HPYDY05FCNQW6P2557BC2RXJ,6/21/2023,dodhamsjy@odnoklassniki.ru,Denver,Odhams,3 Westerfield Avenue,Canada,Hoody,Large,3
01HPYDY05HRPVX1SNXH2KBQHR2,8/17/2023,lmaaszejz@bandcamp.com,Lola,Maasze,14479 Crescent Oaks Drive,Nigeria,Hoody,Large,2
01HPYDY05JR54GF0NKEC30MDBX,11/4/2023,kfolomkink0@fotki.com,Kimball,Folomkin,78516 Shasta Point,France,Tshirt,Small,4
01HPYDY05KHGHDM96P9MKCAX86,10/15/2023,crandellk1@webeden.co.uk,Carly,Randell,572 Sunbrook Point,Sweden,Gloves,Large,4
01HPYDY05NKHX6W43HG6TV2JYX,5/22/2023,jgorlerk2@ca.gov,Jehanna,Gorler,7775 Debra Alley,Sweden,Sweater,Medium,4
01HPYDY05QBP60JQQ267HHCZNZ,10/4/2023,gemanuelk3@vkontakte.ru,Ginnifer,Emanuel,08 Karstens Road,Canada,Hat,Medium,2
01HPYDY05THD2H482QQFF23A67,7/1/2023,ramottk4@list-manage.com,Roman,Amott,4 Old Gate Center,Sweden,Tshirt,Medium,4
01HPYDY05X43S54GDVJRER86MP,1/26/2023,gjakoviljevick5@wikia.com,Gretna,Jakoviljevic,4 Mcguire Trail,Brazil,Scarf,X-Large,2
01HPYDY060YMG9J44YS8Y88ZWK,5/30/2023,wmallatrattk6@princeton.edu,Wrennie,Mallatratt,29070 Aberg Parkway,Nigeria,Scarf,Small,1
01HPYDY062WRCWQCWMJWAH2E3Y,3/15/2023,lpynnk7@usatoday.com,Lona,Pynn,1 Kim Circle,Switzerland,Sweater,XX-Large,1
01HPYDY063XGM0R6V9BNP70P4H,9/24/2023,gaindraisk8@hp.com,Geno,Aindrais,742 Lakewood Street,France,Tshirt,XX-Large,4
01HPYDY064FRP7YK7B635RFASQ,1/24/2023,cjuaresk9@meetup.com,Cirillo,Juares,8 Esker Junction,Peru,Hoody,Medium,4
01HPYDY066RPX8NRPP06JR6J5G,1/29/2023,aarndtsenka@barnesandnoble.com,Ahmad,Arndtsen,50 Lindbergh Crossing,Norway,Hoody,Large,2
01HPYDY06863SZSGQC46B7HDB9,9/11/2023,fbarensekb@spotify.com,Farleigh,Barense,095 Village Green Place,Sweden,Tshirt,Medium,3
01HPYDY06BJQZGZJZA5ZB8JXNP,6/12/2023,jeversfieldkc@walmart.com,Juline,Eversfield,25 American Ash Hill,Canada,Sweater,Medium,3
01HPYDY06EBJPK5ASF7D6JDT47,10/20/2023,smacrurykd@unblog.fr,Sterling,MacRury,78285 Garrison Street,Sweden,Shorts,X-Large,2
01HPYDY06HJG00A4D6EKSCHSF3,3/21/2023,ebroadiske@furl.net,Estrellita,Broadis,7 Ludington Street,Canada,Tshirt,Medium,1
01HPYDY06MC1FTNH2M5AWN8T0R,10/9/2023,cstandrinkf@bluehost.com,Chloe,Standrin,15791 Dayton Alley,France,Tshirt,X-Large,4
01HPYDY06RGN5MZQC49ND6V91F,11/19/2023,sanankg@purevolume.com,Sarene,Anan,29 Pepper Wood Park,Argentina,Hoody,Medium,3
01HPYDY06VTRSDMW7N9478TZ7Z,2/10/2023,abaiylekh@privacy.gov.au,Alverta,Baiyle,26332 Kinsman Trail,Sweden,Hoody,Large,4
01HPYDY06XA5E09RCAN9AD0KFR,1/15/2023,rpedrocchiki@sun.com,Rolf,Pedrocchi,76291 Vera Plaza,France,Shorts,Large,2
01HPYDY070KVQDZ0QDQE9CJPT2,6/10/2023,lfronkskj@jimdo.com,Lucila,Fronks,038 Brickson Park Center,Sweden,Shorts,XX-Large,2
01HPYDY073QSRG4MHE3MEPFCX6,7/19/2023,calibertikk@utexas.edu,Cathie,Aliberti,0 American Ash Street,Ireland,Scarf,Medium,3
01HPYDY0756JFE27DFG5WX9E5G,12/17/2023,hdrinankl@tuttocitta.it,Harmon,Drinan,513 Riverside Hill,France,Hoody,Large,3
01HPYDY078Q03XP11TG3HRTGBQ,3/23/2023,bburgumkm@abc.net.au,Blakelee,Burgum,631 Scoville Court,Nigeria,Shorts,Small,3
01HPYDY07BBHPB15AZ442F2CK1,2/26/2023,elangrishkn@istockphoto.com,Ephrem,Langrish,761 Hansons Way,Peru,Scarf,X-Large,1
01HPYDY07DBFGG27SCZRE43PJ4,10/9/2023,afrandsenko@skyrock.com,Adeline,Frandsen,40467 Sherman Junction,Germany,Gloves,Medium,1
01HPYDY07GWW8X7KAP8JKCBM1X,1/14/2023,dmuzzallkp@nyu.edu,Deana,Muzzall,9 Montana Drive,Sweden,Tshirt,Medium,2
01HPYDY07J98BHTDKWJMCFKDEQ,9/14/2023,ttrehearnekq@nhs.uk,Trenna,Trehearne,58 Hanover Drive,Brazil,Hoody,Medium,3
01HPYDY07KTFN2T31GKYRS8RDS,6/8/2023,bmcgaraghankr@geocities.com,Bibbie,McGaraghan,123 Sutherland Pass,Brazil,Hoody,XX-Large,4
01HPYDY07MBTXTX0TG01FKBSCP,9/2/2023,djumelks@usa.gov,Deonne,Jumel,03 Lotheville Parkway,Norway,Hoody,Medium,1
01HPYDY07P3AERKTM4DC80DS6R,7/29/2023,smachonkt@marketwatch.com,Shaw,Machon,9671 Donald Parkway,Brazil,Hat,Medium,2
01HPYDY07QR8G7V2QW5JVGB0WH,10/8/2023,mdinniesku@intel.com,Miltie,Dinnies,271 Valley Edge Way,Sweden,Sweater,XX-Large,2
01HPYDY07S0SYA07QBTQH7C51M,4/27/2023,arohlfskv@java.com,Ahmed,Rohlfs,07 Utah Parkway,Canada,Hoody,Medium,4
01HPYDY07V1PF26VES08TKVN5Q,12/7/2023,ibeauchopkw@meetup.com,Irina,Beauchop,1438 Sunfield Center,Canada,Sweater,Large,1
01HPYDY07YMYBAND9VTB63YXJY,4/24/2023,btomasellokx@princeton.edu,Brice,Tomasello,798 Kropf Point,France,Sweater,Medium,4
01HPYDY081VKZG3F3K48NTB89V,2/25/2023,mmeadusky@mozilla.com,Myrtie,Meadus,75380 Onsgard Center,United States,Jacket,Medium,3
01HPYDY084EVAK5C7VKHJKEKP2,5/22/2023,pmacnairkz@google.ca,Pammy,MacNair,02848 Delaware Circle,Italy,Hoody,X-Large,1
01HPYDY086JJQ30B7402GBQ39T,3/24/2023,gwaggel0@cnet.com,Gill,Wagge,7 Schmedeman Trail,France,Hoody,Medium,3
01HPYDY089GMMFHZ7Y49YZZVJS,4/3/2023,ijesticol1@unesco.org,Imelda,Jestico,7355 Moland Alley,Brazil,Tshirt,X-Large,4
01HPYDY08CK3YV03FVAK7682QQ,4/14/2023,bgintyl2@jiathis.com,Bobette,Ginty,490 Express Drive,Peru,Tshirt,X-Large,1
01HPYDY08F30D632AMGBCEEG24,8/28/2023,dputleyl3@posterous.com,Dael,Putley,34349 Lien Circle,Sweden,Shorts,XX-Large,4
01HPYDY08H97772CW929BKW4AF,1/15/2023,mcoskerl4@nba.com,Mickie,Cosker,19340 Karstens Park,Brazil,Hoody,Large,4
01HPYDY08MDK2Y86CFXWSD5S77,11/4/2023,kwelbeckl5@hibu.com,Kylie,Welbeck,33086 Gulseth Alley,Sweden,Hoody,Medium,3
01HPYDY08PYEZZHWQAD90XBGQC,6/3/2023,fangrickl6@cornell.edu,Filippa,Angrick,94325 Larry Junction,Ireland,Tshirt,XX-Large,4
01HPYDY08SBVAR1N4VDA3F5R1G,6/1/2023,lyankishinl7@pbs.org,Linell,Yankishin,11 Columbus Court,Chile,Sweater,X-Large,4
01HPYDY08VQJVXZTJ2YG0M9B0N,4/7/2023,tbeeseyl8@tiny.cc,Tannie,Beesey,01 Northfield Junction,Canada,Jacket,Small,2
01HPYDY08XN2GCQ286PNBAFTXM,6/22/2023,slaurentinl9@berkeley.edu,Shellie,Laurentin,625 Butternut Terrace,France,Hoody,X-Large,4
01HPYDY090MQQNMC7TVBW9W1HZ,6/4/2023,srugierila@people.com.cn,Shelbi,Rugieri,72286 Shelley Place,Peru,Tshirt,Large,1
01HPYDY093JCDJ9PGV85H9XZA0,8/12/2023,ymilmoelb@google.ca,Yank,Milmoe,4 Blue Bill Park Street,Argentina,Gloves,Medium,2
01HPYDY096MVJBWCB734JY6EYM,8/8/2023,ggolbornlc@who.int,Gerhardine,Golborn,786 Pennsylvania Park,United States,Jacket,Large,2
01HPYDY098V2E2GF3DB9N0VWNN,11/22/2023,rdommerqueld@weibo.com,Roderigo,Dommerque,3 Center Center,Peru,Shorts,Medium,3
01HPYDY09BJN8F043XXH5HCJ7T,6/8/2023,credierle@weebly.com,Chiquita,Redier,5526 Summerview Plaza,United States,Hoody,X-Large,1
01HPYDY09D1VYX6RN79QBTR5QX,11/27/2023,mzuppalf@infoseek.co.jp,Marylou,Zuppa,1 Caliangt Crossing,Ireland,Tshirt,Small,1
01HPYDY09GVGB5CQK1BW16M8NX,2/16/2023,ksiddenslg@tuttocitta.it,Kathye,Siddens,405 Graceland Terrace,France,Tshirt,Medium,4
01HPYDY09KGZ5KPVZTN0HBHT93,8/11/2023,lsindelllh@amazonaws.com,Lonny,Sindell,85286 Stuart Pass,Peru,Shorts,X-Large,3
01HPYDY09N4E5P9531174PBR6N,6/23/2023,rgibbingsli@uiuc.edu,Roderick,Gibbings,9368 Cottonwood Pass,Brazil,Hoody,X-Large,3
01HPYDY09QXTKN5BCKF1RP7BDN,9/25/2023,bcomminslj@123-reg.co.uk,Brett,Commins,6 Sloan Way,Germany,Scarf,Medium,1
01HPYDY09SBSXNXCRYNJ64JN5B,9/2/2023,grevingtonlk@sohu.com,Gilligan,Revington,163 Colorado Lane,Peru,Scarf,Medium,3
01HPYDY09WX3J25T1QGX83M5EA,2/27/2023,bjeffcoatll@craigslist.org,Billie,Jeffcoat,45002 Hoepker Terrace,Sweden,Gloves,Medium,4
01HPYDY09ZW9WVA8HHRF1CC4YA,12/2/2023,tdepportlm@latimes.com,Teressa,Depport,783 Randy Trail,Uganda,Jacket,Large,1
01HPYDY0A10G45DGZCDNJWJFTQ,11/14/2023,golivoln@is.gd,Gwen,Olivo,44 Utah Road,Canada,Tshirt,Large,3
01HPYDY0A2D9M5F7C12HPNYKR7,11/23/2023,lwearelo@dion.ne.jp,Leshia,Weare,0 Fulton Crossing,Canada,Jacket,Medium,1
01HPYDY0A3BDDWAAFS9J9V17GH,4/8/2023,hringslp@plala.or.jp,Hartwell,Rings,2193 Goodland Parkway,Nigeria,Hoody,Medium,1
01HPYDY0A59VNRMRRAP6FCD2VK,12/1/2023,scubbonlq@ft.com,Salomi,Cubbon,2380 Messerschmidt Park,Australia,Scarf,Medium,2
01HPYDY0A6C631Y0JNJ7C342NS,9/21/2023,abrodeaulr@naver.com,Alleyn,Brodeau,8 Meadow Valley Plaza,Sweden,Gloves,XX-Large,3
01HPYDY0A7Y7PBZMQBNX1XB7W7,1/21/2023,irutterls@oaic.gov.au,Illa,Rutter,2 Holy Cross Way,Nigeria,Hoody,Small,1
01HPYDY0A92K3J3GYHQAZSX63K,12/25/2023,morwinlt@unc.edu,Marnia,Orwin,3252 Linden Avenue,Switzerland,Scarf,X-Large,2
01HPYDY0AAXZ9BP48CVJ3GX4WN,2/9/2023,ffrearlu@google.de,Franciska,Frear,24664 Arizona Avenue,United States,Hoody,Medium,2
01HPYDY0ABFZTR4NB8QRDDRSDK,10/4/2023,rrigmondlv@ustream.tv,Rubetta,Rigmond,36 Toban Court,Brazil,Hat,Large,3
01HPYDY0ACXA2A8DNXJV6FXGTN,5/14/2023,nrispinelw@amazon.co.jp,Nikaniki,Rispine,4777 Buena Vista Plaza,Argentina,Tshirt,XX-Large,2
01HPYDY0AEFKXQTMSCWVMY1TTR,2/4/2023,carmigerlx@buzzfeed.com,Cyndia,Armiger,343 Stoughton Hill,France,Tshirt,Large,3
01HPYDY0AFCE8M918ERCEEJ691,7/25/2023,rcomettoly@harvard.edu,Rex,Cometto,32 Fair Oaks Lane,Brazil,Tshirt,Medium,3
01HPYDY0AHY7F7CFF3KYXXG7PP,2/28/2023,glindmarklz@comcast.net,Gates,Lindmark,90 Scoville Way,France,Sweater,Small,1
01HPYDY0AMHJ7M4FZKZDVBWP1B,7/17/2023,sfaustianm0@google.com.au,Sherman,Faustian,7 Almo Terrace,Bosnia and Herzegovina,Sweater,Large,4
01HPYDY0ANJSVC9FZAJAVWAXYN,7/12/2023,ccovertm1@timesonline.co.uk,Charo,Covert,4 Kings Trail,Brazil,Sweater,Medium,2
01HPYDY0AQ0BFBVFB4K9E399N7,1/14/2023,mtregoningm2@yolasite.com,Milli,Tregoning,586 Dakota Circle,Spain,Scarf,Medium,1
01HPYDY0ARE0D9H8388XGGQQ52,5/15/2023,awigglesworthm3@huffingtonpost.com,Arlyne,Wigglesworth,560 Donald Court,Canada,Jacket,X-Large,2
01HPYDY0ASH4GFQTRNE5PJ95P1,3/5/2023,nberryclothm4@dmoz.org,Nehemiah,Berrycloth,04458 Ohio Center,Sweden,Hat,Small,2
01HPYDY0ATK4D0X0193EHJGMV1,5/5/2023,wlappingm5@google.it,Winston,Lapping,9541 Linden Pass,France,Tshirt,Medium,2
01HPYDY0AVBNAEGWJE5KCFZZ1F,3/31/2023,bcalabrym6@google.co.uk,Barn,Calabry,1511 Mccormick Street,Brazil,Tshirt,Medium,1
01HPYDY0AYDFDYHHA80YPS18CR,3/12/2023,smacgheem7@hud.gov,Shelby,MacGhee,1414 Dunning Circle,Sweden,Shorts,Small,1
01HPYDY0AZWVDEAHM7QJ89P2D4,9/10/2023,slerouxm8@washington.edu,Svend,Leroux,4332 Barnett Junction,Nigeria,Gloves,Large,1
01HPYDY0B0FVE8EQZGYPMFMZWN,2/17/2023,rmcpeakem9@mayoclinic.com,Roselia,McPeake,821 Merry Place,Brazil,Tshirt,Medium,2
01HPYDY0B3FE24QR1HNHWZZA88,11/27/2023,trawlsma@imageshack.us,Thorstein,Rawls,1681 Mayer Pass,Sweden,Scarf,X-Large,2
01HPYDY0B4WZCHYBH3XMBTERCQ,6/15/2023,cpretiousmb@google.com.hk,Cullan,Pretious,956 Arrowood Parkway,Brazil,Hat,Small,4
01HPYDY0B6CV9GFN7Y1K1S4Y9H,1/31/2023,cnizardmc@ocn.ne.jp,Claresta,Nizard,526 Mifflin Way,United States,Jacket,X-Large,3
01HPYDY0B8DFBXTPNS25GQ7TY4,10/21/2023,vgremainmd@yelp.com,Vin,Gremain,49564 Waywood Pass,United States,Sweater,Medium,3
01HPYDY0BAE8PK1Z606CJ0ZV2Z,8/1/2023,vmantme@nhs.uk,Valenka,Mant,31579 Graceland Circle,Brazil,Tshirt,Small,1
01HPYDY0BB0ZPHNDNK8ZM1J3CH,9/13/2023,bosherrinmf@chron.com,Barnebas,O'Sherrin,127 Anniversary Court,France,Shorts,XX-Large,2
01HPYDY0BD92F3HD160D05Y7XD,10/27/2023,npietersmg@bluehost.com,Nelle,Pieters,3636 Stone Corner Lane,Sweden,Shorts,Medium,2
01HPYDY0BE1A3Q0K2KHDHCWNCS,7/24/2023,htarbattmh@psu.edu,Harrison,Tarbatt,123 Golf View Center,Germany,Hat,Medium,2
01HPYDY0BFA62885175KGWGH6S,8/1/2023,wshowersmi@blogger.com,Wanids,Showers,612 Vernon Circle,Sweden,Hat,Large,1
01HPYDY0BJEHNYPP2XD06JR4S2,1/13/2023,bterbrugmj@wunderground.com,Berty,Terbrug,26272 Mcbride Alley,Sweden,Hat,X-Large,1
01HPYDY0BK3TMYB3G66V97X10F,12/29/2023,msetfordmk@prweb.com,Missy,Setford,4179 Arizona Hill,Sweden,Shorts,Large,3
01HPYDY0BMK5VQYSC1ED5E678V,5/30/2023,mgrethamml@fda.gov,Marillin,Gretham,244 Hooker Lane,Sweden,Gloves,Large,4
01HPYDY0BNJ3VR5KYSAWKZAERP,10/9/2023,cotoweymm@wufoo.com,Cross,O'Towey,679 Center Trail,Peru,Scarf,XX-Large,3
01HPYDY0BQS0CYBV8ZDET5W7PV,2/21/2023,gcollsmn@geocities.com,Giraldo,Colls,6587 Westend Way,Italy,Tshirt,X-Large,2
01HPYDY0BRMX8ZN80J5109T7PG,2/11/2023,eboalmo@altervista.org,Elicia,Boal,2311 Main Court,Sweden,Hoody,Small,2
01HPYDY0BS3342S3WTS49RGFRD,3/23/2023,adudnymp@typepad.com,Amye,Dudny,3 Meadow Vale Pass,France,Tshirt,Large,1
01HPYDY0BVDGBM0QQX9A5ABG3F,6/28/2023,dpriestleymq@indiegogo.com,Diann,Priestley,430 Ridgeway Point,Brazil,Tshirt,Medium,3
01HPYDY0BX6ERRKDSJG5GK229V,7/18/2023,lholburymr@lycos.com,Lazar,Holbury,167 Ridge Oak Place,Peru,Scarf,Medium,1
01HPYDY0BYC0QXMKNQ6AX6X3DB,1/25/2023,cmichelms@timesonline.co.uk,Corella,Michel,97699 Garrison Terrace,France,Jacket,Medium,3
01HPYDY0BZFV7P8FWWYZV8BEA2,9/11/2023,jleysonmt@ed.gov,Jozef,Leyson,1041 Annamark Center,Sweden,Tshirt,Medium,2
01HPYDY0C0SGFM3XPAG5C591VJ,10/2/2023,jjedrzejkiewiczmu@alibaba.com,Jolee,Jedrzejkiewicz,78092 Main Alley,Brazil,Hat,Large,4
01HPYDY0C22EMMPAQJS3H684HW,1/22/2023,glegenmv@infoseek.co.jp,Giffie,Legen,63545 Village Green Drive,Canada,Tshirt,Large,3
01HPYDY0C3ZW7NXYA2YJHD9GQ4,6/8/2023,cspurwaymw@live.com,Chadd,Spurway,44 Bashford Road,United States,Shorts,X-Large,1
01HPYDY0C4J7WTR5FHKYZ86KRG,9/14/2023,bvondramx@live.com,Bendick,Vondra,42492 Declaration Trail,Argentina,Shorts,XX-Large,4
01HPYDY0C5T81PQAJYP7R1FWN0,1/22/2023,npimblettmy@feedburner.com,Nicko,Pimblett,119 Stuart Drive,Brazil,Hat,Medium,4
01HPYDY0C7J7ARAY5REB4W9RW0,2/19/2023,phubachmz@xing.com,Paxon,Hubach,866 Fallview Junction,Argentina,Scarf,Medium,1
01HPYDY0C8QK20MJ3PTWAPSG7B,7/16/2023,sucn0@who.int,Salomo,Uc,6 Center Avenue,Brazil,Tshirt,Large,1
01HPYDY0C9D3MH50W732R3KNBZ,6/15/2023,ebremleyn1@reuters.com,Esdras,Bremley,07 Huxley Alley,France,Hoody,X-Large,2
01HPYDY0CAKF10DT4RR3E93RRA,12/15/2023,cmaiorn2@last.fm,Caro,Maior,6879 Graceland Point,Ireland,Tshirt,X-Large,3
01HPYDY0CCTFMSXFX826SNKGM6,5/10/2023,jleandern3@globo.com,Jennee,Leander,97 Grover Junction,France,Tshirt,Medium,2
01HPYDY0CDFDE3HZQS082QPGJF,12/9/2023,ccovenyn4@omniture.com,Chaim,Coveny,527 Melby Parkway,Brazil,Tshirt,Small,1
01HPYDY0CEVVWVP3W59F30E7JS,10/25/2023,nalvaradon5@washington.edu,Nonah,Alvarado,7 Spaight Way,Bosnia and Herzegovina,Hoody,Medium,4
01HPYDY0CGWET5CX9Q618ESCZ5,12/8/2023,ijagielan6@clickbank.net,Irving,Jagiela,492 Randy Avenue,France,Gloves,Medium,1
01HPYDY0CJ4T2WDSQ3574B4K6J,9/17/2023,jtarplyn7@vimeo.com,Jayson,Tarply,0075 Lukken Circle,Chile,Hoody,Medium,2
01HPYDY0CNFEP3E245QXGTRQKC,8/20/2023,mkettlestingn8@livejournal.com,Minna,Kettlesting,1638 4th Point,Brazil,Scarf,Large,1
01HPYDY0CQ8XZPNJN0502N9VSP,11/6/2023,mcronshawn9@ed.gov,Malia,Cronshaw,811 Katie Lane,Brazil,Shorts,Medium,1
01HPYDY0CT9M7XJ09KZ195527A,10/23/2023,rgwynnna@rakuten.co.jp,Raffaello,Gwynn,8636 Porter Alley,United States,Hoody,Medium,2
01HPYDY0CWZFPTT2MGJHBCFYCW,1/29/2023,scorcutnb@php.net,Sissie,Corcut,65 Oak Valley Street,France,Sweater,X-Large,4
01HPYDY0CY8F30PJEY7RMWB5R7,7/18/2023,nwandennc@amazonaws.com,Noble,Wanden,11489 Sommers Point,Canada,Sweater,XX-Large,4
01HPYDY0CZ8JQP91RJDN6VDD93,5/12/2023,rtemporalnd@php.net,Russell,Temporal,64656 Texas Avenue,France,Hoody,Medium,4
01HPYDY0D0RXBWKKXAMRDDBBC5,12/23/2023,dstanionne@examiner.com,Dareen,Stanion,2598 Utah Park,Sweden,Shorts,Medium,2
01HPYDY0D1PJ8RDDAJ3CS3CG76,5/8/2023,dgrevenf@hostgator.com,Darelle,Greve,19 Homewood Crossing,Brazil,Tshirt,X-Large,2
01HPYDY0D24J6YBN6GCQGC5MEY,10/17/2023,jwhiscardng@wp.com,Joline,Whiscard,7405 Westerfield Terrace,Canada,Shorts,Small,2
01HPYDY0D4V1KZWNFXB95SCHTG,8/8/2023,ggillbeynh@biglobe.ne.jp,Grethel,Gillbey,2202 Mendota Court,United Kingdom,Hoody,X-Large,3
01HPYDY0D6TB24YF6P70A2EWEN,2/20/2023,wmadiganni@gravatar.com,Westbrook,Madigan,87813 Morningstar Circle,France,Tshirt,Medium,3
01HPYDY0D96YEY34M792TNVFER,7/16/2023,ebrimilcombenj@networksolutions.com,Earvin,Brimilcombe,7109 Kipling Point,France,Sweater,XX-Large,3
01HPYDY0DBYN778AC7S3BF2EJ4,10/24/2023,lbiglynk@google.pl,Lacee,Bigly,2 Lunder Court,Brazil,Sweater,Large,3
01HPYDY0DDWQYZAB4GMAW3F9AS,12/23/2023,frothnl@ovh.net,Florie,Roth,880 Bashford Circle,Nigeria,Tshirt,Large,4
01HPYDY0DFTW3TXQCHQGNXRAQ5,11/18/2023,tvowellsnm@cnet.com,Tamqrah,Vowells,47 High Crossing Alley,Norway,Gloves,XX-Large,3
01HPYDY0DG7FAV36K6R858XAZW,6/29/2023,aeasterlingnn@huffingtonpost.com,Anya,Easterling,6 Huxley Junction,Ireland,Tshirt,Medium,3
01HPYDY0DK03DSQHJA56G4MTRV,3/1/2023,dfossettno@tinyurl.com,Denise,Fossett,75850 Manley Pass,Canada,Hoody,XX-Large,4
01HPYDY0DNGS8Q261V7Y8E952B,8/8/2023,thaggasnp@ovh.net,Teddi,Haggas,39 Springs Road,France,Scarf,XX-Large,1
01HPYDY0DQA0H6J835YXTHTSV5,10/28/2023,mblenkinsoppnq@shop-pro.jp,Milly,Blenkinsopp,77 Merry Terrace,France,Hoody,X-Large,2
01HPYDY0DRFMM3KAH215Y755YJ,3/26/2023,jpatrisksonnr@sogou.com,Joseph,Patriskson,71095 Columbus Pass,United States,Gloves,Medium,4
01HPYDY0DSASQR1GMWMF86DHMW,4/3/2023,ecurgenuerns@mediafire.com,Ebony,Curgenuer,66620 Chinook Lane,Brazil,Scarf,X-Large,2
01HPYDY0DT2S3FHJ56KZ37FVZA,3/10/2023,bmctavishnt@nationalgeographic.com,Benedikt,McTavish,45728 Park Meadow Avenue,Sweden,Sweater,Small,3
01HPYDY0DWJ5FGZRYYQG50HC9H,4/26/2023,mseebornenu@discovery.com,Maisie,Seeborne,482 Arizona Terrace,Sweden,Hoody,Large,4
01HPYDY0DXMWBKXSBJBRBJG8HM,6/29/2023,tgoldanv@un.org,Tonnie,Golda,5 Sage Point,Sweden,Scarf,Large,4
01HPYDY0DZJV15M85DGN14TSC8,1/4/2023,kspowardnw@networkadvertising.org,Katti,Spoward,92307 Kropf Place,United States,Hoody,X-Large,3
01HPYDY0E0EQPF470YVJGHFSP8,2/8/2023,akrebernx@businesswire.com,Adrian,Kreber,7 Coleman Center,Uruguay,Shorts,Large,3
01HPYDY0E1ENYMV0N2KQ13PSA5,10/9/2023,proundny@reverbnation.com,Pepe,Round,5227 Veith Way,Argentina,Gloves,Small,3
01HPYDY0E2GPKGP2TBRGC29BV0,3/4/2023,xmccloudnz@discuz.net,Ximenez,McCloud,56053 3rd Hill,Peru,Tshirt,XX-Large,3
01HPYDY0E4H1TFFWMC3JDE0KPS,10/3/2023,ewimmero0@prweb.com,Elke,Wimmer,8 Kennedy Way,Sweden,Scarf,XX-Large,4
01HPYDY0E5JPPYYVF0TH5H61G8,6/14/2023,ccominottio1@ocn.ne.jp,Clerissa,Cominotti,98 Carey Place,Brazil,Scarf,Large,2
01HPYDY0E6EHJKH2Y7N12JQFBR,3/22/2023,pguillono2@51.la,Philippine,Guillon,841 Briar Crest Lane,United States,Tshirt,Medium,3
01HPYDY0E8YQA0889MMMJNVKRD,6/3/2023,ecaesmanso3@printfriendly.com,Eulalie,Caesmans,9564 Corben Place,Brazil,Hoody,Small,4
01HPYDY0E9T3DVJW4287KTCXCH,6/28/2023,dwetterno4@phoca.cz,Davida,Wettern,72542 Bunker Hill Pass,United States,Hoody,Medium,1
01HPYDY0EA2H3AV8S7A8MTED2E,12/2/2023,ccasacchiao5@examiner.com,Clemmie,Casacchia,76640 Mayfield Alley,Sweden,Scarf,X-Large,2
01HPYDY0EB105C303PS25G070W,9/5/2023,nbeggino6@sogou.com,Nydia,Beggin,23 Nobel Center,Nigeria,Gloves,Small,2
01HPYDY0EEPMGJ4RJ4VN1WGXSX,4/9/2023,mjammeso7@ow.ly,Moina,Jammes,2 Oneill Court,Sweden,Tshirt,Medium,3
01HPYDY0EGXFD668ZY7EHGJYQG,12/23/2023,bstellino8@free.fr,Brett,Stellin,99749 Manitowish Avenue,United States,Sweater,Medium,1
01HPYDY0EJXKXK4JEKHD0B6GEA,4/11/2023,agiloglyo9@yahoo.co.jp,Ali,Gilogly,5124 Cherokee Way,Peru,Tshirt,Medium,4
01HPYDY0EKEVHHMRQ16VVQS11X,3/29/2023,avaheyoa@thetimes.co.uk,Andra,Vahey,02 Mendota Drive,Sweden,Tshirt,Large,3
01HPYDY0ENJFGCY9R5PXVX1PC2,12/30/2023,ftootingob@netvibes.com,Faun,Tooting,44624 Donald Circle,Norway,Sweater,Large,1
01HPYDY0EPSWAS6DEKJTYXFHMC,8/14/2023,drowswelloc@unc.edu,Daphna,Rowswell,06 Pierstorff Way,United States,Tshirt,Small,3
01HPYDY0EQ7C2EV23MFMK9RD41,11/27/2023,korromod@latimes.com,Kellia,Orrom,05 Reinke Point,Uganda,Hoody,Small,1
01HPYDY0ESK537Z62XHEEGKHRV,3/22/2023,cbrittlebankoe@mayoclinic.com,Consolata,Brittlebank,95 Manitowish Parkway,Brazil,Shorts,Medium,4
01HPYDY0ET3XYJ872ACGMF76RQ,1/17/2023,sbussettiof@ihg.com,Sula,Bussetti,32148 Delaware Pass,Sweden,Hoody,Medium,2
01HPYDY0EV9V54D2TGR3B5Y12H,7/12/2023,aloreitog@cnbc.com,Adolph,Loreit,775 Upham Pass,France,Tshirt,Medium,4
01HPYDY0EW0X3PH6FZB12W1QQ5,10/2/2023,aspaffordoh@istockphoto.com,Amalie,Spafford,66 Duke Hill,Sweden,Jacket,Medium,1
01HPYDY0EYQ7V1SFJB0X97W58B,6/4/2023,cretchfordoi@icio.us,Chaim,Retchford,25 Dennis Trail,France,Hoody,Small,3
01HPYDY0EZWE1YQR2XCX8YDF9X,4/4/2023,kboucheroj@github.io,Kerby,Boucher,65003 Grayhawk Crossing,Brazil,Sweater,Small,2
01HPYDY0F06BMAXKSTN2WGV4FH,12/3/2023,rterreyok@goodreads.com,Rainer,Terrey,53 Cascade Center,Germany,Jacket,Large,2
01HPYDY0F1KZ0BB0P7BRDKT3Q6,2/17/2023,dcurthoysol@nbcnews.com,Dredi,Curthoys,388 Merry Junction,France,Hoody,Medium,2
01HPYDY0F32XC7PEAV25R8F6CW,12/14/2023,nbrontom@wisc.edu,Niall,Bront,63 Thackeray Pass,Brazil,Sweater,Large,3
01HPYDY0F4RTG29M3ZKFA9PYYT,11/24/2023,drevillon@xing.com,Dalis,Revill,541 Ruskin Circle,Ireland,Hoody,Medium,3
01HPYDY0F5657FX4NA47M29JK3,2/9/2023,vbarthroppoo@drupal.org,Vida,Barthropp,807 Hovde Alley,Brazil,Tshirt,Medium,4
01HPYDY0FPAHRW3RDPNVZJM67S,1/19/2023,cmorbyop@ox.ac.uk,Carine,Morby,9671 Autumn Leaf Lane,Germany,Hoody,Large,1
01HPYDY0FQWV4DQQV6J3GF6N9J,3/25/2023,singlissoq@cam.ac.uk,Symon,Ingliss,3 Banding Parkway,United States,Tshirt,Large,3
01HPYDY0FSX2M9NX54R8C3BWAG,2/12/2023,gegdalor@soup.io,Garrik,Egdal,40 Crescent Oaks Terrace,Canada,Tshirt,X-Large,4
01HPYDY0FTMRP3EQ4XR0HF7C7Z,5/16/2023,dhowellsos@salon.com,Darwin,Howells,49727 Sundown Avenue,United States,Shorts,Small,2
01HPYDY0FW6PYHM4RYENNA2ND8,7/2/2023,bzottoot@sitemeter.com,Barbi,Zotto,417 Basil Hill,Sweden,Tshirt,Medium,1
01HPYDY0FXSX8VVRC2HP3GRDSV,8/19/2023,litzchakyou@yandex.ru,Lulita,Itzchaky,08891 Twin Pines Road,Brazil,Hat,Medium,2
01HPYDY0FYJ9FGT5FFXK9RK8Y2,10/3/2023,glerigoov@mysql.com,Germana,Lerigo,2 Atwood Park,Nigeria,Sweater,Medium,3
01HPYDY0FZ43Y441WEQBZ9HT53,2/26/2023,scorsorow@cam.ac.uk,Sharl,Corsor,976 Thompson Terrace,Norway,Tshirt,Medium,4
01HPYDY0G1SN5VGK91GS1EXCWB,8/17/2023,aansillox@microsoft.com,Arabella,Ansill,7 Marcy Circle,Canada,Tshirt,X-Large,3
01HPYDY0G2G3KJBD3VWX5JNP7J,12/28/2023,sdarceyoy@a8.net,Sasha,Darcey,0 Blue Bill Park Avenue,Argentina,Hoody,Large,1
01HPYDY0G4KB5NA38M1YBXPG24,9/25/2023,htollerfieldoz@acquirethisname.com,Helen-elizabeth,Tollerfield,8022 Tomscot Plaza,France,Sweater,Medium,4
01HPYDY0G69BQYKHXEMKAQAVX5,2/24/2023,mwinchcombep0@deliciousdays.com,Marijo,Winchcombe,8 Banding Junction,Peru,Gloves,Small,3
01HPYDY0G7B5S5PP1EQR1P1VNV,11/8/2023,jjefferiesp1@redcross.org,Jolee,Jefferies,82737 Gateway Street,Argentina,Gloves,Small,2
01HPYDY0G8VA1RFB79X27VKY16,5/2/2023,jnandp2@zdnet.com,Jessalyn,Nand,2057 Grover Hill,Sweden,Gloves,Large,2
01HPYDY0G9FNTFB0Z0GYAR8AHW,1/11/2023,wbluesp3@domainmarket.com,William,Blues,2 Almo Crossing,United States,Shorts,Large,2
01HPYDY0GBFG8752SYB49NT525,12/15/2023,rspeddingp4@acquirethisname.com,Ruthie,Spedding,2 Mifflin Pass,Norway,Sweater,Medium,1
01HPYDY0GCVZ7PFA06FN53PJS1,8/25/2023,mhorsburghp5@weebly.com,Melvyn,Horsburgh,92 Coolidge Terrace,Peru,Tshirt,X-Large,2
01HPYDY0GDYYEESTBR1ZHBS9FG,5/30/2023,vcrushp6@typepad.com,Vanna,Crush,99199 Roxbury Hill,Brazil,Jacket,Medium,3
01HPYDY0GE5W5XJR8QP5EN1ABA,12/24/2023,twehnerrp7@acquirethisname.com,Toddy,Wehnerr,4504 Upham Point,United States,Scarf,Medium,4
01HPYDY0GGC9CW8NEATB148T9B,8/11/2023,sseldnerp8@bloglines.com,Stavros,Seldner,74809 Melody Plaza,Peru,Shorts,Large,2
01HPYDY0GH01YX8VKDWVWJVSXF,4/12/2023,gmaccip9@tuttocitta.it,Giorgia,Macci,794 Crownhardt Drive,Brazil,Sweater,Medium,2
01HPYDY0GJQV9EM6S9YYWEXV4G,8/25/2023,tgreenigpa@jigsy.com,Tamqrah,Greenig,99 Manitowish Center,Sweden,Scarf,XX-Large,4
01HPYDY0GM29DB89J5FW8ZCAV9,7/28/2023,dryriepb@time.com,Daile,Ryrie,7005 Fisk Place,Spain,Shorts,Small,2
01HPYDY0GNFMZJ57RT3T4F7589,9/15/2023,hgiacoppolipc@networkadvertising.org,Ham,Giacoppoli,6541 Lerdahl Lane,Sweden,Hoody,XX-Large,3
01HPYDY0GP6H7CC8NPEW9HGRSZ,5/22/2023,bbesnardpd@ftc.gov,Batsheva,Besnard,3 Cascade Parkway,United States,Hoody,Large,2
01HPYDY0GR06T30STJWN10SDF3,12/14/2023,gfairfullpe@shutterfly.com,Gilles,Fairfull,41225 Westridge Crossing,United States,Scarf,X-Large,1
01HPYDY0GTAKSB0D1TCGAXV1KW,7/8/2023,amordanpf@buzzfeed.com,Aggy,Mordan,77 Lakewood Street,France,Hoody,Large,4
01HPYDY0GVTVAV49H5C7ND1244,3/8/2023,estarbuckpg@blogtalkradio.com,Eli,Starbuck,56 Sachs Avenue,United Kingdom,Tshirt,Small,1
01HPYDY0GXTCWHQT8K1ZXG11T1,12/19/2023,cerskinph@ftc.gov,Chane,Erskin,98 Almo Court,France,Tshirt,XX-Large,1
01HPYDY0GYGFS4WZK4ZNHGEP4N,1/15/2023,fpielpi@fastcompany.com,Fabiano,Piel,8 Welch Hill,Peru,Tshirt,X-Large,1
01HPYDY0GZ3RGNX050AAC6T2BD,11/9/2023,bgoncavespj@miibeian.gov.cn,Bevon,Goncaves,499 Everett Center,Peru,Tshirt,Large,4
01HPYDY0H1E236S8593M2K9M90,7/28/2023,dcambridgepk@imgur.com,Debora,Cambridge,0 Sugar Lane,Spain,Tshirt,XX-Large,2
01HPYDY0H2XNSMTP205AC8HC49,4/20/2023,svanhallepl@webmd.com,Stanton,Van Halle,618 Hagan Circle,Brazil,Gloves,X-Large,1
01HPYDY0H3T8WKA1VR7X8ZDM9B,6/19/2023,rnegripm@webnode.com,Rodge,Negri,9 2nd Alley,Canada,Hoody,Medium,4
01HPYDY0H5HA5AZ2GTTEMB6PB5,9/14/2023,csanbrookepn@mozilla.org,Cecilius,Sanbrooke,5253 Southridge Avenue,United States,Sweater,Medium,1
01HPYDY0H7MJM84QCRDFGNV68H,12/12/2023,smaierpo@cargocollective.com,Stephani,Maier,445 Little Fleur Pass,Nigeria,Hoody,Medium,1
01HPYDY0H994JZMCVK4WNTFQPS,2/21/2023,ckoppelmannpp@canalblog.com,Carey,Koppelmann,070 Dovetail Street,Peru,Shorts,Medium,3
01HPYDY0HB4PT7FAPT1H0HPM9T,11/19/2023,fzellnerpq@wsj.com,Feliza,Zellner,6672 Hintze Place,United States,Sweater,X-Large,4
01HPYDY0HDWGB98TD8D9RSBY50,6/22/2023,rbootherpr@e-recht24.de,Rickie,Boother,1 Holy Cross Pass,France,Hoody,X-Large,3
01HPYDY0HF4CR963X2SSV061DF,6/26/2023,slansberryps@woothemes.com,Sile,Lansberry,349 Old Gate Park,Brazil,Tshirt,Medium,1
01HPYDY0HGH2J625Z4VCF36WQ8,3/30/2023,ssarlept@wordpress.com,Sybille,Sarle,68186 Alpine Alley,Brazil,Shorts,Medium,4
01HPYDY0HJMKYXVAZ4SCRAST27,11/1/2023,qholdrenpu@google.ru,Quintana,Holdren,046 Brickson Park Road,United Kingdom,Hat,XX-Large,2
01HPYDY0HMRFAFE1JYK5CK59X8,8/20/2023,rcloverpv@google.cn,Rosalyn,Clover,5466 Katie Point,Italy,Tshirt,Medium,4
01HPYDY0HP509E8JQXJA8M16WD,7/17/2023,zwarbyspw@tripadvisor.com,Zonda,Warbys,117 Mandrake Hill,Argentina,Scarf,XX-Large,1
01HPYDY0HS0KHF2XPF75FF0D19,12/26/2023,fmeliorpx@si.edu,Faythe,Melior,6 Susan Hill,Canada,Sweater,Medium,2
01HPYDY0HT9XJWQGRN5SYKT97R,10/25/2023,tworboypy@ted.com,Trudey,Worboy,7 Muir Point,Italy,Hoody,XX-Large,3
01HPYDY0HWMB60N4MSWEDAEACC,3/2/2023,hhellenspz@nydailynews.com,Hortense,Hellens,15445 Toban Junction,Brazil,Scarf,Medium,3
01HPYDY0HZ29HFT5EFVWBPQ9AZ,3/10/2023,glowryq0@tiny.cc,Glad,Lowry,884 Bartelt Pass,France,Tshirt,Large,2
01HPYDY0J1YNHFABCM71H5ZSGE,12/12/2023,kmaggsq1@google.de,Kira,Maggs,67235 Amoth Court,Nigeria,Tshirt,Large,2
01HPYDY0J2T27MA9WYKPQA571F,7/18/2023,dgremainq2@google.com.hk,Duane,Gremain,7 Tomscot Parkway,Nigeria,Tshirt,Large,1
01HPYDY0J5Q670RE0ZTC0Q37C1,5/7/2023,dfoundq3@apache.org,Danella,Found,7841 Pennsylvania Parkway,Bosnia and Herzegovina,Scarf,Medium,1
01HPYDY0J8VXTXNVJDQKMBMGEW,1/18/2023,bprisleyq4@indiatimes.com,Brandie,Prisley,13929 Dovetail Park,Italy,Gloves,XX-Large,1
01HPYDY0JARSS6T3P4W2XW8DD1,6/7/2023,apimmockeq5@amazon.co.uk,Aloysius,Pimmocke,3 Summerview Court,Sweden,Hoody,Medium,4
01HPYDY0JBJAH5E0FSGW0M23JV,4/7/2023,mbonelleq6@ihg.com,Myrtie,Bonelle,0991 Sullivan Way,Argentina,Hoody,Medium,3
01HPYDY0JCAKW1X9G1KJEJVQY1,3/31/2023,nkinchleaq7@edublogs.org,Nikolaos,Kinchlea,967 Nevada Street,Sweden,Hat,Small,2
01HPYDY0JEYWG2WSSBB91Y0NAC,7/13/2023,nlambethq8@nasa.gov,Nico,Lambeth,39725 Randy Trail,Ireland,Tshirt,X-Large,2
01HPYDY0JG403DGPRTK49FN1A2,2/14/2023,amacnellyq9@naver.com,Aubert,MacNelly,58 Acker Center,Brazil,Tshirt,Medium,3
01HPYDY0JJP2H8HDBM9R2H9MWR,8/30/2023,mrodgeqa@wisc.edu,Monica,Rodge,64483 Parkside Place,United States,Tshirt,XX-Large,3
01HPYDY0JM06FNCMTA1CPVPJ1A,10/26/2023,scholtonqb@java.com,Sallie,Cholton,7543 Vernon Street,Ireland,Scarf,Medium,3
01HPYDY0JQ3Q4DHFCZECB9TA9M,6/1/2023,ghurdqc@howstuffworks.com,Gregg,Hurd,433 Stone Corner Park,Senegal,Tshirt,XX-Large,2
01HPYDY0JSH1R3TWXQZF0KKGTT,10/22/2023,wrubbensqd@ucsd.edu,Wilona,Rubbens,59 Village Street,Peru,Tshirt,X-Large,2
01HPYDY0JV4JJ65FAFAM2P99AS,1/20/2023,sblakesleyqe@meetup.com,Sondra,Blakesley,23177 Sutherland Way,Brazil,Tshirt,Medium,2
01HPYDY0JYGEDTMVH2F0GDWQJA,10/4/2023,osindellqf@addtoany.com,Olive,Sindell,09 Springview Park,Brazil,Shorts,XX-Large,1
01HPYDY0JZZ8F5NQ0EBX2HCKX8,11/19/2023,nstoodqg@istockphoto.com,Noach,Stood,5854 Steensland Junction,United States,Hoody,Medium,3
01HPYDY0K1BE782TRJG8EP9N5C,9/24/2023,nlambertiniqh@nhs.uk,Nehemiah,Lambertini,6753 Spohn Pass,France,Tshirt,Medium,4
01HPYDY0K36JJKWZ971YA77JGR,4/6/2023,pmacneilleyqi@delicious.com,Pepe,MacNeilley,049 Anniversary Parkway,Spain,Hoody,Medium,2
01HPYDY0K5A15SWGWFWRA629TM,2/25/2023,kwallsamqj@ca.gov,Kliment,Wallsam,65430 Sullivan Trail,United States,Scarf,Small,2
01HPYDY0K60HTD844K9KVYEMK2,1/26/2023,dbannerqk@state.gov,Darci,Banner,82 Barby Road,Brazil,Shorts,Medium,2
01HPYDY0K7B3SJXHY1VRS2AXQD,6/11/2023,wwinfreyql@flavors.me,Wilhelm,Winfrey,124 Debs Place,Norway,Tshirt,Medium,4
01HPYDY0K92B05A4C7W0YJ2DXG,4/13/2023,mmacguireqm@i2i.jp,Myranda,Macguire,349 Helena Road,Sweden,Tshirt,Medium,3
01HPYDY0KAG8GAWV61EFBRC25F,9/13/2023,dgrumbridgeqn@abc.net.au,Devin,Grumbridge,02110 Fulton Circle,United States,Sweater,Medium,1
01HPYDY0KB5TK8TWTNRF0HFGSN,7/18/2023,jvasiliuqo@moonfruit.com,Joseph,Vasiliu,87 Lindbergh Road,Canada,Tshirt,X-Large,3
01HPYDY0KDT2W33X804D0YMKEX,11/6/2023,cradborneqp@nature.com,Cyrillus,Radborne,11 Mallard Alley,Senegal,Sweater,Large,1
01HPYDY0KEM2P178TSSAR9CS7Y,4/7/2023,arobroeqq@yandex.ru,Ara,Robroe,97 Holy Cross Park,Italy,Sweater,Large,3
01HPYDY0KGMN62KAA1KBJMJJ71,10/2/2023,gboyingtonqr@yellowpages.com,Garvey,Boyington,0957 Jana Court,France,Hoody,Medium,3
01HPYDY0KHJESWSSX3ECQ9Y5QR,9/20/2023,gnorthqs@woothemes.com,Guillema,North,696 Butterfield Circle,Argentina,Tshirt,Medium,1
01HPYDY0KKCTXMTEAFFSZV8SX9,5/21/2023,bclancyqt@163.com,Barnett,Clancy,0424 Talisman Hill,Brazil,Hoody,Small,3
01HPYDY0KN7EGACYV33HGWXGKV,6/13/2023,tdebischopqu@ca.gov,Tyson,De Bischop,8 Portage Plaza,Brazil,Sweater,Small,3
01HPYDY0KQH41WPV5ARYGYG2YE,4/16/2023,sglanvilleqv@bizjournals.com,Sarene,Glanville,65315 Main Terrace,Canada,Gloves,Medium,1
01HPYDY0KSSA1Y597VRA049E86,12/26/2023,rdreakinqw@ezinearticles.com,Rabbi,Dreakin,355 Bayside Point,Nigeria,Shorts,Large,4
01HPYDY0KTTFJC4FDYX9A06W5Y,1/13/2023,ddiganceqx@imdb.com,Dominga,Digance,3 Lake View Pass,Sweden,Gloves,Medium,2
01HPYDY0KW9JWB6T0T9Q86WYMR,12/20/2023,mpotkinqy@list-manage.com,Matty,Potkin,29914 Clyde Gallagher Trail,Brazil,Sweater,Medium,3
01HPYDY0KXXCXPRSRXY1AWEHQW,10/8/2023,pcashmanqz@businesswire.com,Philipa,Cashman,1 Elka Parkway,Sweden,Hoody,Large,1
01HPYDY0KYRM3HY8A7NDBYKFKS,1/26/2023,svanhesterenr0@ucsd.edu,Sonja,Van Hesteren,44 Spohn Way,Ireland,Jacket,X-Large,2
01HPYDY0KZMANJBYRGA0MJ8FZB,3/17/2023,lwandrichr1@vimeo.com,Lizette,Wandrich,0416 La Follette Road,France,Shorts,Large,2
01HPYDY0M1G4TE34S1TN0MAGT0,6/9/2023,mclacsonr2@europa.eu,Megan,Clacson,5 Stone Corner Hill,Canada,Tshirt,XX-Large,3
01HPYDY0M4H089JHHDCJAVHWPH,11/14/2023,fcoppockr3@dyndns.org,Frederica,Coppock.,67607 Schlimgen Center,United States,Shorts,X-Large,3
01HPYDY0M5F8BW4Z13ZMQNCHAC,9/27/2023,dmcgaugier4@usatoday.com,Daryle,McGaugie,6 Veith Point,Sweden,Hoody,Small,1
01HPYDY0M7NR6BF7BZKHH3QV3H,3/7/2023,kfrainr5@cargocollective.com,Kipp,Frain,936 Annamark Alley,Chile,Scarf,Medium,1
01HPYDY0M8X52JQAS5V0EJNSQW,9/24/2023,tbisonr6@sun.com,Tiphani,Bison,35257 Mandrake Parkway,United States,Tshirt,Medium,2
01HPYDY0MADCN5MSVEX9FQESXF,5/6/2023,hgilliesr7@phoca.cz,Hortensia,Gillies,78453 Waubesa Hill,Canada,Shorts,Medium,1
01HPYDY0MDYBBHMYM0293QM3WZ,3/2/2023,ssallar8@rambler.ru,Shelley,Salla,36 Mayfield Parkway,United States,Shorts,X-Large,3
01HPYDY0MF5G890K4BJKAVWGRX,12/28/2023,mlestranger9@blogspot.com,Manolo,Lestrange,572 Division Trail,Brazil,Sweater,Large,1
01HPYDY0MHPNM1VRD1ENGRH24Y,7/27/2023,bantyukhinra@princeton.edu,Brett,Antyukhin,06307 Pearson Avenue,United States,Tshirt,Medium,1
01HPYDY0MJ52DK9VWSCMZH369D,2/27/2023,cmullinsrb@va.gov,Cyndia,Mullins,26502 Welch Drive,Norway,Hoody,XX-Large,3
01HPYDY0MNQG5GAQEGHB201J4S,4/13/2023,dmarishenkorc@homestead.com,Devland,Marishenko,26759 Thierer Terrace,Sweden,Tshirt,XX-Large,1
01HPYDY0MQ7HCAK5K3ZAVVGD78,1/24/2023,mmashamrd@irs.gov,Melany,Masham,2 Heffernan Parkway,France,Hoody,Medium,2
01HPYDY0MSZSKAV8XYQSCG745V,11/19/2023,ddumberellre@washington.edu,Devlin,Dumberell,758 Stang Place,Bosnia and Herzegovina,Gloves,Small,2
01HPYDY0MVBD2BG604780BBAZC,6/18/2023,staggertyrf@cornell.edu,Stanleigh,Taggerty,5 Portage Plaza,Brazil,Sweater,Medium,1
01HPYDY0MWDK24ZFXATWMYSSS1,1/22/2023,amcnamararg@seattletimes.com,Audrye,McNamara,1370 Redwing Plaza,Sweden,Sweater,Medium,4
01HPYDY0MY2VGBJHZ9R3MJKMYM,3/6/2023,rgirtrh@seattletimes.com,Ruthann,Girt,6 Hallows Center,Ireland,Sweater,Small,4
01HPYDY0N0JZ51ASQ7F4NVT47K,9/19/2023,kmcilriachri@cdc.gov,Kennie,McIlriach,6 Holmberg Center,Canada,Gloves,XX-Large,1
01HPYDY0N2RGXT5X9DMYTVXNYP,11/18/2023,ablakeleyrj@over-blog.com,Alex,Blakeley,56992 Sundown Court,Norway,Sweater,Small,4
01HPYDY0N304N93C8G0QGM3Y29,1/4/2023,mdredgerk@google.co.jp,Margareta,Dredge,8082 American Park,France,Shorts,Medium,2
01HPYDY0N5GM6MBWBZ5AW5RTJX,2/16/2023,adicksrl@cbc.ca,Anny,Dicks,83 Mesta Plaza,Sweden,Tshirt,Medium,3
01HPYDY0N63NTYT596T5SB36X2,4/15/2023,kaubrirm@posterous.com,Kizzie,Aubri,03312 Oak Lane,United States,Shorts,XX-Large,3
01HPYDY0N7TWGV0ZZVYT5SEJ0T,4/27/2023,pcrinagern@boston.com,Parke,Crinage,0 Mayer Trail,Sweden,Hat,XX-Large,4
01HPYDY0N95BR1VSNGJ47S7APK,3/9/2023,hstanesro@ucoz.ru,Hervey,Stanes,1 Killdeer Place,Norway,Hoody,Large,3
01HPYDY0NA3GHX4SGD64Y0B0AW,7/8/2023,mgrebnerrp@rakuten.co.jp,Matthus,Grebner,90 Merry Place,France,Tshirt,X-Large,4
01HPYDY0NCH3EM1YP1HAY0CDWG,4/13/2023,dbrazerrq@google.ca,Davita,Brazer,19950 Mosinee Road,United Kingdom,Hoody,Medium,2
01HPYDY0NFVRA7RP69678CZPJY,3/4/2023,athirlwellrr@uol.com.br,Anabal,Thirlwell,4298 Oriole Terrace,Sweden,Scarf,XX-Large,2
01HPYDY55F80BKVW9TWD4BSWEQ,3/21/2023,jgive0@list-manage.com,Jarib,Give,18 American Street,Canada,Scarf,Medium,2
01HPYDY57VE3XZFJSFVH31CVXD,4/4/2023,gboatwright1@about.me,Gunter,Boatwright,3 Badeau Terrace,Nigeria,Gloves,X-Large,4
01HPYDY57YH9VG4AV5ZS1RP2E0,1/4/2023,epautot2@histats.com,Ennis,Pautot,2 Waubesa Crossing,Argentina,Hoody,Medium,3
01HPYDY581FC43ZPNKT72KCSBK,4/8/2023,zhewkin3@businessinsider.com,Zoe,Hewkin,5 Orin Court,France,Hoody,Medium,4
01HPYDY585JXPTRQMAMDWPMVQN,3/27/2023,jmacvanamy4@sfgate.com,Jandy,MacVanamy,7 Lakewood Plaza,Spain,Hoody,XX-Large,4
01HPYDY588FDB8GCEAF86M0J38,7/26/2023,emasterman5@com.com,Evania,Masterman,872 Center Plaza,Sweden,Hat,Medium,1
01HPYDY58A8Z6VBDMJ2BPFGK0V,1/10/2023,johartnedy6@upenn.edu,Jessey,O'Hartnedy,871 Bunting Court,Sweden,Scarf,X-Large,2
01HPYDY58BYHMGD3VDWFXRKVDK,9/13/2023,dswaddle7@geocities.com,Daniel,Swaddle,1 Thompson Street,Brazil,Gloves,Medium,4
01HPYDY58EHAQNNRQV4XAW5PZD,7/8/2023,crigney8@nhs.uk,Catherine,Rigney,62492 Hansons Road,Peru,Tshirt,Large,1
01HPYDY58HN2TV95TTF384CS74,4/13/2023,ifawssett9@senate.gov,Isabelle,Fawssett,1563 Tennyson Park,Brazil,Sweater,X-Large,2
01HPYDY58K7EC4MX32Z9TY4JR7,12/19/2023,hzanicchia@deviantart.com,Hamid,Zanicchi,4715 Stoughton Drive,Brazil,Hoody,Medium,2
01HPYDY58N2G11Z29W93MP7B78,11/21/2023,obroodb@state.tx.us,Ora,Brood,258 Welch Crossing,Brazil,Sweater,XX-Large,2
01HPYDY58QJMZWSE3XGV3WA20X,1/22/2023,emckennanc@home.pl,Ericka,McKennan,8389 Washington Court,France,Sweater,Medium,4
01HPYDY58T11H40MYXDV864TZK,7/9/2023,wmaccartd@arstechnica.com,Whitby,MacCart,5000 Crownhardt Center,Brazil,Sweater,Large,1
01HPYDY58VGQHA1BFRWCHDC3RK,8/27/2023,abollarde@infoseek.co.jp,Aguste,Bollard,137 Sheridan Alley,Canada,Shorts,Small,1
01HPYDY58W66TKDWNFQAASZF0H,7/24/2023,agisckenf@hp.com,Ada,Giscken,434 Hazelcrest Road,Argentina,Sweater,XX-Large,1
01HPYDY58YA2SCKBDRC51W3EJN,4/16/2023,kwatkinsg@photobucket.com,Karol,Watkins,1 Russell Circle,Sweden,Tshirt,Large,4
01HPYDY590KTR6HWSRKSE5Q5CV,11/15/2023,dpickerellh@microsoft.com,Dinah,Pickerell,4 Sachs Drive,Spain,Sweater,Large,4
01HPYDY592F25BRPFQ5BS4VQJY,2/28/2023,tcarnecki@1und1.de,Tristan,Carneck,50 Nevada Drive,United States,Hoody,Medium,1
01HPYDY594J9BW11DCRC960QPA,6/5/2023,cmolandj@hexun.com,Christoph,Moland,07832 Pawling Place,Canada,Hoody,Medium,1
01HPYDY596X3MVNC7215DSKV5X,2/19/2023,zladymank@csmonitor.com,Zahara,Ladyman,37 Lerdahl Parkway,United States,Jacket,Medium,1
01HPYDY5996QFE979JB7PSFG17,7/20/2023,dferruccil@discovery.com,Dedra,Ferrucci,85111 Lakewood Pass,Ireland,Tshirt,X-Large,3
01HPYDY59CRSNQKHWQDM6E8EZK,10/18/2023,ccraisfordm@wisc.edu,Chiquita,Craisford,87 Carey Alley,France,Tshirt,Medium,2
01HPYDY59E7XWPZE4DAPAK1S9Z,12/2/2023,spulleyn@freewebs.com,Shandra,Pulley,1 Brown Point,United States,Sweater,X-Large,3
01HPYDY59HA7F62D1XFQ5MX26S,3/4/2023,hbulcho@nymag.com,Honoria,Bulch,98011 Ryan Court,Brazil,Scarf,Small,1
01HPYDY59MX2SC3CM4ZJGJ2MN6,3/11/2023,dleathartp@google.ru,Dorita,Leathart,918 Steensland Point,Canada,Tshirt,Medium,3
01HPYDY59PR4DPFD66AJBD6TW6,1/7/2023,mboastq@constantcontact.com,Modestine,Boast,9 Clyde Gallagher Hill,Brazil,Hoody,Large,4
01HPYDY59QS8N33TVS4DGPR5A7,4/13/2023,wocleryr@netvibes.com,Willamina,O'Clery,71813 Riverside Road,United States,Sweater,Medium,4
01HPYDY59RTJDBGG5WH69NC5J8,4/3/2023,iromeis@zimbio.com,Immanuel,Romei,966 Everett Terrace,United States,Hoody,Small,2
01HPYDY59SGS23W06DCC2HGW6Q,8/21/2023,sshepherdsont@wired.com,Shela,Shepherdson,9487 Loeprich Circle,Peru,Jacket,Medium,3
01HPYDY59TS796HP0Y882DV993,2/2/2023,dtieu@hostgator.com,Dewey,Tie,71299 New Castle Court,Brazil,Sweater,XX-Large,3
01HPYDY59XQZSR1D768NAHR4JD,5/12/2023,mlocksleyv@auda.org.au,Mathian,Locksley,520 Thackeray Center,Brazil,Hoody,Large,1
01HPYDY5A00W6S7V1606Z0X96S,10/4/2023,pstrangew@scientificamerican.com,Prudy,Strange,9147 Bellgrove Point,United States,Tshirt,X-Large,3
01HPYDY5A378FPVHRM80568DB4,10/2/2023,lpeppardx@deviantart.com,Lorrie,Peppard,374 Meadow Ridge Alley,France,Gloves,Medium,2
01HPYDY5A5CYKYEY13GCZX3XGG,9/19/2023,mlairdcraigy@ft.com,Matty,Laird-Craig,99518 Emmet Center,Argentina,Hoody,Medium,3
01HPYDY5A6GJ8YWC582Z851SEN,4/26/2023,cheugelz@goodreads.com,Constantina,Heugel,0045 Weeping Birch Street,France,Hoody,Large,4
01HPYDY5A9HB3SVRFWM10DFT6A,4/3/2023,lbarnwall10@constantcontact.com,Lani,Barnwall,87116 Spaight Drive,United States,Tshirt,Small,2
01HPYDY5ABHFESB2JQBRN4K8DV,8/8/2023,ksuscens11@shinystat.com,Kamilah,Suscens,30717 Rigney Alley,Sweden,Tshirt,Small,2
01HPYDY5AEDB59TVTB524HD8BT,3/27/2023,lseamer12@pcworld.com,Lock,Seamer,7258 Westend Point,France,Hoody,Medium,1
01HPYDY5AH3M78YQHSJCD9BJG0,3/18/2023,csmedmoor13@state.gov,Clemmy,Smedmoor,118 Barby Circle,Brazil,Tshirt,Large,4
01HPYDY5AMNM5HT6Q74CHRVBVJ,10/26/2023,fbenitti14@xrea.com,Fredek,Benitti,1725 High Crossing Place,United States,Hoody,Medium,3
01HPYDY5AQT88TTJ7S56CZ4KJM,8/31/2023,mvenus15@macromedia.com,Melonie,Venus,233 Scofield Street,Brazil,Gloves,Medium,1
01HPYDY5ASK5CTF1RCXGAK10HW,12/29/2023,tluttger16@mediafire.com,Thurston,Luttger,59831 Southridge Plaza,France,Sweater,Medium,3
01HPYDY5AVYK0Y9VTAV2D1E2QN,5/20/2023,mpeter17@yale.edu,Mellisa,Peter,8 Forest Lane,France,Jacket,Large,4
01HPYDY5AXV4749CRSCXZJ6RYH,9/9/2023,rfylan18@epa.gov,Ragnar,Fylan,96505 Butterfield Parkway,Sweden,Hoody,XX-Large,2
01HPYDY5B0184FAJSPF6T5ETH3,1/6/2023,umcculloch19@hao123.com,Urbano,McCulloch,0 Sullivan Street,Canada,Shorts,Large,2
01HPYDY5B2BHZHATK183HEC3YE,12/17/2023,bsanson1a@state.gov,Bryn,Sanson,45470 4th Crossing,Argentina,Shorts,Large,1
01HPYDY5B4B3X98VX3ACNJ9212,1/2/2023,mgrayshon1b@last.fm,Myrah,Grayshon,9 Michigan Drive,Canada,Scarf,Small,4
01HPYDY5B66QEGJDW1X80S7QSZ,7/27/2023,gnesfield1c@tumblr.com,Galvin,Nesfield,960 Spenser Plaza,Spain,Sweater,XX-Large,1
01HPYDY5B8WNK8JTB1ZSSCY78F,9/14/2023,equainton1d@taobao.com,Emalia,Quainton,6075 Morningstar Way,France,Tshirt,Medium,1
01HPYDY5BB3JEK2DEAPPNTM68E,6/2/2023,hcoyle1e@chron.com,Hugh,Coyle,4 Holmberg Park,France,Tshirt,X-Large,2
01HPYDY5BECN9YWGQMCYVDPKME,4/24/2023,dmcclure1f@foxnews.com,Davidson,McClure,09 Prairieview Avenue,Brazil,Hoody,Medium,3
01HPYDY5BGAC9XCHZECBP51MSB,8/18/2023,ptweedy1g@yale.edu,Philippine,Tweedy,28510 Graceland Place,France,Hoody,Medium,4
01HPYDY5BKTHM31X1FEGJEAXK6,10/15/2023,bbantock1h@vistaprint.com,Benji,Bantock,499 Kensington Plaza,Peru,Shorts,Small,2
01HPYDY5BPTSJASKNYKDMBQAVP,8/11/2023,eegdal1i@army.mil,Etti,Egdal,31211 Parkside Crossing,United States,Tshirt,X-Large,4
01HPYDY5BSPXQ7FJPM0KJ92X4Z,5/29/2023,twalentynowicz1j@weibo.com,Thoma,Walentynowicz,5615 Paget Avenue,Brazil,Tshirt,Large,1
01HPYDY5BWHC8NTRPMXBC95QXW,8/25/2023,ggillum1k@cpanel.net,Glenda,Gillum,43 Cottonwood Avenue,Switzerland,Tshirt,Large,1
01HPYDY5BZDDFP3WD0C4MBPMQB,7/6/2023,cbrereton1l@google.it,Cortney,Brereton,44 Del Mar Road,Brazil,Tshirt,X-Large,3
01HPYDY5C1A05Y0J1T8X5N1MGG,1/4/2023,tsiegertsz1m@bloglovin.com,Tucky,Siegertsz,4505 Reindahl Hill,Brazil,Shorts,X-Large,1
01HPYDY5C4SMGAT7589QTEHY9S,3/27/2023,erabbe1n@sitemeter.com,Eilis,Rabbe,21026 Everett Parkway,Germany,Hoody,Small,4
01HPYDY5C715Z7VVMD9W2MATP1,10/19/2023,ecolthard1o@xing.com,Eustace,Colthard,66 Katie Street,United States,Tshirt,X-Large,4
01HPYDY5CAJSM84JMY0AFMBP5G,7/28/2023,ckomorowski1p@irs.gov,Carroll,Komorowski,919 Merchant Alley,Canada,Sweater,X-Large,4
01HPYDY5CC3JD21ATMJBS7FE8V,4/8/2023,rpury1q@yelp.com,Robena,Pury,8528 Di Loreto Court,Sweden,Tshirt,Medium,3
01HPYDY5CFEN71B9F50P4ZF260,8/29/2023,lklewer1r@facebook.com,Lari,Klewer,89 Norway Maple Place,Brazil,Tshirt,Medium,1
01HPYDY5CHP7MS6SWJMEXNZN0X,2/2/2023,dsatchel1s@state.tx.us,Daveen,Satchel,61589 New Castle Pass,Uruguay,Hoody,Large,4
01HPYDY5CK9NZ7PC00D5E79G9E,7/17/2023,hkikke1t@tiny.cc,Hurley,Kikke,26456 Nelson Junction,Ireland,Tshirt,Medium,1
01HPYDY5CN36X2PPAC2F2SW7HJ,8/30/2023,nduddle1u@opera.com,Nelia,Duddle,0138 Valley Edge Junction,Canada,Tshirt,Small,1
01HPYDY5CQZ3F7P2ZAJ6777P2M,2/25/2023,ddowty1v@deviantart.com,Desmund,Dowty,9 Linden Street,Nigeria,Jacket,XX-Large,1
01HPYDY5CREF4M3MRZDN3YY440,4/6/2023,hpedri1w@miitbeian.gov.cn,Hilly,Pedri,7430 Atwood Way,United States,Scarf,Medium,1
01HPYDY5CSBMFTA6PCJBRYP508,7/27/2023,jmcgeffen1x@tripadvisor.com,Jory,McGeffen,07423 Upham Center,Peru,Hat,XX-Large,1
01HPYDY5CV0ME6CXAXMQSR970Y,6/29/2023,bedwardes1y@over-blog.com,Brant,Edwardes,032 Maple Crossing,Sweden,Shorts,Large,3
01HPYDY5CX32FKCAQD5MF0970Q,9/23/2023,aseeks1z@bigcartel.com,Ange,Seeks,9 Mesta Crossing,Spain,Hat,XX-Large,3
01HPYDY5CZWJCGYPYTR2WPG3EM,6/15/2023,nmarples20@youku.com,Nancie,Marples,0 Loftsgordon Hill,Brazil,Tshirt,Medium,4
01HPYDY5D0A96S2VQMCQ5F5J2P,11/14/2023,crobertucci21@prweb.com,Carolin,Robertucci,4677 Milwaukee Hill,Norway,Scarf,Medium,3
01HPYDY5D1XYH4PM10CQQYXED0,8/20/2023,astebbing22@answers.com,Adda,Stebbing,885 Luster Avenue,Brazil,Tshirt,Medium,2
01HPYDY5D3SMABM6C9XP5EB6EX,7/23/2023,mcovely23@tamu.edu,Maritsa,Covely,21053 Fair Oaks Alley,Spain,Sweater,XX-Large,1
01HPYDY5D5CA5CXQJSE5W2M0D5,7/24/2023,agartin24@php.net,Andrus,Gartin,16259 6th Terrace,Nigeria,Gloves,Large,2
01HPYDY5D64F1PZXP7FQHQ1EK2,3/16/2023,soflaverty25@stumbleupon.com,Sasha,O'Flaverty,61985 Division Way,Sweden,Hoody,XX-Large,2
01HPYDY5D8ZCG9WJWDGP6ZD45Y,8/16/2023,tclissell26@nba.com,Torrin,Clissell,186 Moulton Junction,Peru,Tshirt,Large,3
01HPYDY5DBMX1P0YMN1AH7Z138,11/5/2023,jshellsheere27@typepad.com,Janna,Shellsheere,0 Division Crossing,Brazil,Tshirt,Large,2
01HPYDY5DDPDCDD9AQD8C643AD,6/21/2023,jclitsome28@disqus.com,Johannes,Clitsome,3310 7th Circle,France,Tshirt,X-Large,1
01HPYDY5DG2Q9WVDW7RWN3YZ5R,1/20/2023,jboxer29@studiopress.com,Jennine,Boxer,21493 Rockefeller Avenue,Sweden,Hoody,X-Large,2
01HPYDY5DK9WJ272BAEHRRAT9N,1/19/2023,frives2a@wisc.edu,Fae,Rives,60268 Brickson Park Parkway,Brazil,Hoody,Large,2
01HPYDY5DPRDSBJP0TTDDC8YXS,8/25/2023,hlamprecht2b@e-recht24.de,Hannie,Lamprecht,53437 Butterfield Junction,Germany,Hoody,Medium,1
01HPYDY5DS0GH9R8NAD91Y81SV,5/24/2023,yfolan2c@chronoengine.com,Yehudi,Folan,668 Sommers Alley,Bosnia and Herzegovina,Scarf,Medium,1
01HPYDY5DWC431YPK7TD0SFZ35,4/7/2023,ccasburn2d@tripadvisor.com,Carlye,Casburn,4 Granby Hill,France,Tshirt,XX-Large,4
01HPYDY5DXBJ3AYDYBCAV497KT,12/13/2023,llewins2e@cnn.com,Linnet,Lewins,0 Huxley Pass,Brazil,Hoody,Medium,4
01HPYDY5E0NT5211FV0HTEF98X,11/15/2023,itatteshall2f@friendfeed.com,Israel,Tatteshall,54229 Forest Run Avenue,Uruguay,Hoody,Medium,4
01HPYDY5E234ZA9RDP97RXYC0W,4/6/2023,hwordington2g@webs.com,Hilliard,Wordington,3 Anniversary Center,Brazil,Hoody,XX-Large,3
01HPYDY5E4ZZE8SRW6J3316AGW,8/7/2023,pburness2h@ask.com,Paulie,Burness,46844 Dottie Park,Argentina,Tshirt,Medium,3
01HPYDY5E7GS7H8NEK8K5R6E1A,10/11/2023,gmcdermott2i@shutterfly.com,Giles,McDermott,733 Village Park,Uganda,Shorts,Small,4
01HPYDY5EA5T0EAX1S8XXFKJW3,9/17/2023,apierce2j@harvard.edu,Abie,Pierce,2776 Bunting Way,United States,Scarf,X-Large,1
01HPYDY5EC4VPR2CVEHTTV899C,3/18/2023,ywybourne2k@g.co,Yolanthe,Wybourne,105 Jay Alley,Peru,Tshirt,Medium,2
01HPYDY5EFSEFM3PM1TGMTYECK,1/19/2023,omarkos2l@wikispaces.com,Osbert,Markos,82 Veith Court,Nigeria,Tshirt,Large,2
01HPYDY5EHMEM261F0B1TG0CCF,2/5/2023,ldimmer2m@purevolume.com,Leslie,Dimmer,23659 8th Plaza,France,Tshirt,Medium,1
01HPYDY5EKCN872ZKB6W7P4FK8,1/27/2023,sfairlam2n@msn.com,Shayla,Fairlam,3464 Huxley Pass,Spain,Shorts,Small,1
01HPYDY5EPBSJFW9RAFY2EZT0X,10/12/2023,cgrewcock2o@state.gov,Cammy,Grewcock,41658 Lakewood Street,Peru,Hoody,XX-Large,3
01HPYDY5ER538RV9RJG89F97TZ,6/9/2023,cbalwin2p@netlog.com,Cinnamon,Balwin,07160 Manley Lane,Sweden,Hoody,Small,1
01HPYDY5EV1214F9F076X84TMT,4/15/2023,lsyratt2q@facebook.com,Lelah,Syratt,4727 Erie Circle,Argentina,Gloves,Medium,2
01HPYDY5EY2KS3X87ZJ3YT1R5S,2/10/2023,gpreator2r@phoca.cz,Gaven,Preator,8 Aberg Lane,Sweden,Shorts,Small,1
01HPYDY5F078FRTQQXSM4B4APF,1/21/2023,jgunter2s@tuttocitta.it,Jedediah,Gunter,3 Riverside Street,Canada,Hoody,Small,2
01HPYDY5F33D02CN8N6HW299QG,11/1/2023,icisland2t@amazon.co.uk,Isacco,Cisland,370 8th Street,Norway,Gloves,Large,1
01HPYDY5F6AQZTZ0SZ2KD714BS,7/31/2023,hcummungs2u@smh.com.au,Hart,Cummungs,97 Eastwood Junction,Bosnia and Herzegovina,Tshirt,XX-Large,4
01HPYDY5F85AH56VCRPAH2XK7K,6/11/2023,crutigliano2v@skype.com,Carolynn,Rutigliano,75933 Stephen Center,Chile,Scarf,Small,1
01HPYDY5FB26YRNDP5NC09V09M,8/13/2023,jmilner2w@nyu.edu,Jeffie,Milner,3 Clyde Gallagher Park,Peru,Gloves,XX-Large,3
01HPYDY5FD10HBTX7BJJQY5YD8,5/15/2023,sgarretts2x@jugem.jp,Sholom,Garretts,897 Oakridge Alley,France,Jacket,Large,3
01HPYDY5FE7RFX34T2SG6SBMV3,7/1/2023,ahendonson2y@wisc.edu,Austen,Hendonson,1640 Commercial Court,Argentina,Scarf,Medium,2
01HPYDY5FFM16DV52ZWFN2BSXX,3/27/2023,sogglebie2z@canalblog.com,Saudra,Ogglebie,359 Anhalt Plaza,Nigeria,Tshirt,X-Large,1
01HPYDY5FHYH5V11G0JT2H0CAM,7/31/2023,hburnel30@yahoo.co.jp,Henry,Burnel,20 Becker Hill,Brazil,Hoody,XX-Large,2
01HPYDY5FJBVQVN2E7AT86XWH6,7/15/2023,gloddy31@hp.com,Georgianne,Loddy,64893 Sugar Crossing,Sweden,Shorts,Small,4
01HPYDY5FK6BZ9FHPD0KK71SKQ,3/19/2023,gdabourne32@dailymotion.com,Giff,Dabourne,95608 Bonner Junction,United States,Tshirt,X-Large,1
01HPYDY5FMKNPCWJ2F9E7NWK6M,5/18/2023,nblanchard33@microsoft.com,Norina,Blanchard,77 Logan Alley,United States,Shorts,XX-Large,4
01HPYDY5FNPDWGWE5ECV2V3NHQ,5/16/2023,rrowlstone34@spiegel.de,Robbyn,Rowlstone,29 Linden Avenue,Brazil,Tshirt,Medium,2
01HPYDY5FQZKXNZ5XEB34ACNMR,7/1/2023,bbooton35@google.com,Bertha,Booton,08518 Old Shore Road,Brazil,Sweater,X-Large,1
01HPYDY5FRPN0KNAGQ632KF41B,1/13/2023,asteade36@clickbank.net,Amil,Steade,3 Menomonie Alley,Norway,Tshirt,Medium,3
01HPYDY5FS5R8DBBQ0DX925G7A,4/20/2023,rgeerling37@symantec.com,Ruddy,Geerling,4 Spaight Court,Nigeria,Sweater,Small,2
01HPYDY5FTHA253RPQMR70YTA8,5/29/2023,kendrizzi38@europa.eu,Kathe,Endrizzi,2396 Veith Court,France,Jacket,Large,2
01HPYDY5FV2S9416GKMWZVXTRQ,8/25/2023,fbrekonridge39@apache.org,Fernanda,Brekonridge,697 Ramsey Hill,Peru,Sweater,Medium,4
01HPYDY5FXW2NSZ3SGZ0VHSZGW,10/21/2023,vputman3a@shutterfly.com,Vere,Putman,2190 Bartelt Terrace,Uruguay,Hoody,Medium,3
01HPYDY5FYS247BS58QGSSW0BP,11/3/2023,mcapini3b@mysql.com,Malvin,Capini,79 Ronald Regan Center,Peru,Hoody,X-Large,2
01HPYDY5FZ9MMY8JK9N68ZEYGY,3/10/2023,kholton3c@youku.com,Kelcey,Holton,261 Del Sol Court,Nigeria,Hoody,Large,1
01HPYDY5G0HMWX04EMCQW6NS7M,6/5/2023,epulham3d@psu.edu,Ethe,Pulham,7041 Ridge Oak Center,United States,Shorts,XX-Large,1
01HPYDY5G2X97WX99H0MWEETWN,5/15/2023,bwehden3e@cocolog-nifty.com,Bab,Wehden,37 Forster Alley,Nigeria,Hoody,Small,1
01HPYDY5G31RCFWGYBG5D2J2AK,2/13/2023,mtaylerson3f@cocolog-nifty.com,Mattheus,Taylerson,310 Mccormick Lane,Sweden,Jacket,Large,4
01HPYDY5G4MAGTXJ5VKVVX2112,8/6/2023,ekebell3g@statcounter.com,Eddi,Kebell,7437 Acker Court,Brazil,Hat,Large,3
01HPYDY5G6E3KJJKQKNN3B4AA7,3/13/2023,bbrightman3h@altervista.org,Basile,Brightman,05504 Center Center,Peru,Hat,Medium,2
01HPYDY5G7Y6V4AY3CJQNC0CAY,4/3/2023,cbabin3i@amazon.com,Cloris,Babin,386 Lakeland Place,France,Tshirt,Medium,1
01HPYDY5G90SBN2A1AEVK85G6H,3/14/2023,jlowery3j@networkadvertising.org,Jory,Lowery,3 Knutson Way,France,Gloves,Large,2
01HPYDY5GBEJWYX8MN1WSGVVPN,8/18/2023,meilert3k@usda.gov,Mattias,Eilert,9301 Loeprich Terrace,Brazil,Hoody,Small,3
01HPYDY5GD6V4EFC3FCABWBMKX,2/12/2023,nscardefield3l@opera.com,Nydia,Scardefield,67351 Westerfield Parkway,Sweden,Sweater,Medium,2
01HPYDY5GF9VF4VR7PKSS6BT1D,6/23/2023,mgrivori3m@theatlantic.com,Mahmud,Grivori,7196 Leroy Lane,Sweden,Tshirt,Large,1
01HPYDY5GG672NBQP5E1WEP87R,9/11/2023,hmays3n@seesaa.net,Humfried,Mays,25044 Memorial Street,Brazil,Jacket,Medium,2
01HPYDY5GJS0Y3ZC20T08H00Z4,6/8/2023,slattka3o@gravatar.com,Shellie,Lattka,59 Monument Trail,Sweden,Hoody,XX-Large,4
01HPYDY5GN9B6E6R4HFD8PPBW0,3/1/2023,aharness3p@storify.com,Aldrich,Harness,1670 Esch Street,Peru,Shorts,Small,4
01HPYDY5GP84ND6SQK9QG2QSQT,9/2/2023,utreske3q@dion.ne.jp,Uri,Treske,02602 Stoughton Lane,France,Hoody,Large,3
01HPYDY5GQVG2BE86X9X4GBRRD,1/7/2023,jtait3r@apache.org,Jackie,Tait,073 Calypso Drive,France,Jacket,Medium,3
01HPYDY5GSTWNJRV8XE0CBPT1W,5/1/2023,amulbry3s@hud.gov,Annemarie,Mulbry,41 Maywood Terrace,Sweden,Tshirt,Large,1
01HPYDY5GTQEQVD705S0V5N400,1/30/2023,rglewe3t@google.nl,Rea,Glewe,6542 Maywood Point,Canada,Hoody,XX-Large,4
01HPYDY5GWXWNT2WEZC9785X93,3/23/2023,abartosik3u@shareasale.com,Anabal,Bartosik,475 Melrose Court,France,Shorts,Medium,4
01HPYDY5GXZX6J9XDYSYJWCYFH,9/29/2023,fpauncefort3v@examiner.com,Forrest,Pauncefort,38630 Kropf Place,Canada,Scarf,Large,1
01HPYDY5GY24QPSAR5N9E6MDM8,4/12/2023,pborg3w@1688.com,Peirce,Borg,9 Kinsman Street,Sweden,Shorts,Small,2
01HPYDY5H0GQ2AGJ53RV678KQX,7/23/2023,slanceter3x@reddit.com,Saudra,Lanceter,35925 Fremont Junction,Brazil,Jacket,Medium,2
01HPYDY5H1E6BKFR945HN9809X,11/14/2023,cwreford3y@wordpress.com,Corny,Wreford,9048 Vermont Terrace,France,Hoody,Large,3
01HPYDY5H36KTZCYTQRS5TM8HB,12/19/2023,aparham3z@dailymotion.com,Aveline,Parham,88 Ryan Lane,Brazil,Sweater,Medium,2
01HPYDY5H43XNGXAZ96R4P06VH,12/5/2023,jkeilloh40@vkontakte.ru,Jacklyn,Keilloh,6 Swallow Avenue,Brazil,Sweater,Medium,3
01HPYDY5H5A3EDXN2S8EYKWWS3,7/5/2023,pbleackley41@4shared.com,Philipa,Bleackley,9970 Maryland Junction,France,Shorts,X-Large,1
01HPYDY5H7V9VCCMQM6RGWY74N,6/13/2023,pneilson42@storify.com,Peyter,Neilson,2 Bobwhite Pass,France,Scarf,Medium,4
01HPYDY5H8V8AXA3RHGD7QV2XQ,3/17/2023,jpetru43@wikimedia.org,Joli,Petru,1675 Paget Court,United States,Hoody,XX-Large,4
01HPYDY5HABM00FNFDVXHTSWHH,4/30/2023,dshay44@gnu.org,Donnell,Shay,9 Arrowood Crossing,Brazil,Scarf,Large,4
01HPYDY5HC27E4T5E6JS7JWGMF,2/1/2023,zjirusek45@typepad.com,Zondra,Jirusek,68131 Manley Hill,United States,Gloves,Medium,1
01HPYDY5HF9P4GXS9D7J65V4G0,10/29/2023,blesser46@smugmug.com,Blondell,Lesser,139 Boyd Park,Norway,Hoody,Medium,4
01HPYDY5HHHNE3J3BZ5X62SDCG,7/11/2023,dforlonge47@washington.edu,Derby,Forlonge,8527 Northwestern Crossing,Argentina,Hat,Medium,1
01HPYDY5HK70V2T65SFYJN1QVA,1/10/2023,medgin48@4shared.com,Marlee,Edgin,0 Corry Park,Nigeria,Gloves,Large,1
01HPYDY5HP8YA7CSA790Z3S9DF,8/9/2023,clanaway49@irs.gov,Christabel,Lanaway,5975 Bartillon Lane,Ireland,Gloves,X-Large,4
01HPYDY5HS901XHSVQ68ZT4MZA,8/28/2023,pweald4a@hud.gov,Patty,Weald,650 Thierer Avenue,France,Hoody,X-Large,3
01HPYDY5HVNEWWVDGAFJ8AX2Y6,9/11/2023,adenham4b@paypal.com,Ardeen,Denham,428 Del Mar Hill,Brazil,Hat,Small,3
01HPYDY5HYCDJVF2TSK2ZMBQK9,1/12/2023,drookwell4c@github.com,Dominic,Rookwell,85 Jay Court,Argentina,Sweater,Medium,4
01HPYDY5J0Y6JM2MMWMSSCRW0E,9/11/2023,niacovucci4d@va.gov,Ninette,Iacovucci,4468 Lighthouse Bay Avenue,Argentina,Gloves,Large,1
01HPYDY5J3FC3J5C3KDM0AFYCZ,4/19/2023,lklimushev4e@dion.ne.jp,Lauraine,Klimushev,89536 Cherokee Point,Sweden,Tshirt,XX-Large,4
01HPYDY5J507RY3TC3PNZQ3R4D,4/8/2023,jgillanders4f@github.io,Josiah,Gillanders,89 Starling Alley,Chile,Hoody,Medium,2
01HPYDY5J8WVCYB48TS3ADA0AS,6/2/2023,vcolleran4g@forbes.com,Valencia,Colleran,7 Kingsford Parkway,Chile,Tshirt,Medium,2
01HPYDY5JAYWNXQEHG064FQ7JB,12/19/2023,agiacobelli4h@meetup.com,Adan,Giacobelli,11 Steensland Drive,United States,Scarf,X-Large,2
01HPYDY5JDNYMQTBARGANPAVB6,7/6/2023,cgraeber4i@vistaprint.com,Candida,Graeber,37020 Esker Park,Canada,Tshirt,Medium,2
01HPYDY5JGEQ1QEHQNE75MS7DR,7/13/2023,chughes4j@twitpic.com,Carlo,Hughes,98797 Jackson Way,France,Hoody,X-Large,2
01HPYDY5JJM3AGWF60NR25BX8W,4/24/2023,ncancott4k@nasa.gov,Nadean,Cancott,996 Hoepker Court,France,Jacket,X-Large,2
01HPYDY5JMK6507CFJVYXF1XSV,10/19/2023,milive4l@utexas.edu,Megen,Ilive,2 8th Plaza,United States,Hoody,Large,2
01HPYDY5JNAQR7N59CHAMJHYST,3/12/2023,bseignior4m@prnewswire.com,Barthel,Seignior,43118 Rowland Pass,France,Tshirt,Medium,1
01HPYDY5JP74H0HRATZWP95G9J,5/31/2023,tlampe4n@usa.gov,Tom,Lampe,363 Russell Terrace,Sweden,Hoody,Small,3
01HPYDY5JRZV9DKPQKEYVNDCE2,2/14/2023,orodmell4o@dion.ne.jp,Orren,Rodmell,068 Monica Road,Brazil,Sweater,Medium,4
01HPYDY5JSNT65ZBXHB1HR90F9,4/9/2023,gacey4p@t-online.de,Gigi,Acey,54031 Hoepker Junction,Argentina,Tshirt,Large,4
01HPYDY5JT1QDE45D8QT2WRAD6,10/4/2023,telcomb4q@webs.com,Theodor,Elcomb,68 Fallview Trail,Canada,Hoody,X-Large,1
01HPYDY5JVWRXC80YCY69KHPR8,5/22/2023,gbang4r@joomla.org,Gusti,Bang,361 Rockefeller Parkway,Spain,Hoody,Large,4
01HPYDY5JWC0SGKXV7H83384VW,10/17/2023,fdavall4s@opensource.org,Florida,Davall,9 Sauthoff Trail,France,Tshirt,Medium,1
01HPYDY5JX2X91WPAM9K0T1XD5,9/25/2023,aconkey4t@intel.com,Arabele,Conkey,251 Center Trail,France,Scarf,Medium,3
01HPYDY5JY0CC1H9XJZ44Y2JY1,12/1/2023,sbragginton4u@huffingtonpost.com,Saidee,Bragginton,9 Almo Center,Brazil,Jacket,Large,4
01HPYDY5K00R1GNDQG54GFNP12,11/15/2023,gturney4v@google.it,Gordan,Turney,77805 East Circle,United States,Scarf,XX-Large,2
01HPYDY5K2ZEA8SXDM5MYDM1SB,2/9/2023,pfilipchikov4w@cdbaby.com,Patrick,Filipchikov,7 Reinke Pass,Brazil,Sweater,Small,1
01HPYDY5K4HSHKVJ43XVW1V96N,12/27/2023,zcarillo4x@nba.com,Zacharia,Carillo,287 Twin Pines Junction,Sweden,Hat,Small,3
01HPYDY5K50AREXSX4QTTZ4084,8/26/2023,lmatyja4y@independent.co.uk,Lois,Matyja,1080 Meadow Vale Pass,Sweden,Tshirt,Medium,4
01HPYDY5K7N7HVK7AN54CTRNWZ,4/9/2023,tarmor4z@twitpic.com,Torrin,Armor,83 Warbler Street,France,Sweater,Small,4
01HPYDY5K8T06F0D1Q766XXM0X,8/14/2023,agodsell50@t-online.de,Amalita,Godsell,3275 Autumn Leaf Park,Brazil,Tshirt,X-Large,4
01HPYDY5K9AK560RJ5AYBEHR9D,1/8/2023,phorrell51@trellian.com,Perceval,Horrell,5 Sullivan Hill,Brazil,Gloves,Medium,3
01HPYDY5KAGS08WA3EKCJY469G,1/22/2023,jpidduck52@dell.com,Judah,Pidduck,9528 Waubesa Junction,Canada,Shorts,XX-Large,1
01HPYDY5KBW08FRHH0KD66TTY2,2/17/2023,rconaghan53@blogger.com,Robin,Conaghan,924 Coolidge Park,France,Sweater,Medium,3
01HPYDY5KCT4ZB541V8FZ2XKQW,3/2/2023,gsaintepaul54@alibaba.com,Grier,Sainte Paul,7 Butternut Way,Brazil,Shorts,Large,2
01HPYDY5KDSTEZ2FP7Y1X6D2XA,12/29/2023,vmontacute55@noaa.gov,Verne,Montacute,057 Oak Road,Nigeria,Sweater,X-Large,4
01HPYDY5KETKK1P700RS1W32MT,9/7/2023,mnary56@marriott.com,Merwyn,Nary,1404 Crownhardt Plaza,France,Gloves,XX-Large,3
01HPYDY5KFRHA4J49X3EZC5NMN,3/3/2023,nnorthcott57@theatlantic.com,Nadine,Northcott,1332 New Castle Circle,Argentina,Tshirt,XX-Large,1
01HPYDY5KGHQ6P0C5E1MCJT30S,2/16/2023,agavrielly58@sphinn.com,Aloysia,Gavrielly,3270 Transport Point,Canada,Sweater,Large,1
01HPYDY5KJ2GZS7TS1E7Y6RCQN,6/18/2023,lauchterlonie59@home.pl,Leticia,Auchterlonie,3153 Doe Crossing Circle,Brazil,Shorts,Large,3
01HPYDY5KKD3XMDGQF690A31TG,10/27/2023,haitcheson5a@biblegateway.com,Holly,Aitcheson,3636 Ridgeway Trail,Brazil,Tshirt,Large,1
01HPYDY5KM9AAK0TGR3K5BC7HK,9/4/2023,gpendred5b@yellowpages.com,Guillaume,Pendred,525 Rockefeller Trail,France,Hoody,Medium,1
01HPYDY5KNVYZSHKNFBK3H3RGX,8/28/2023,kjoreau5c@wordpress.org,Kaila,Joreau,6 1st Terrace,Chile,Tshirt,Large,1
01HPYDY5KP7MGV6BRPCC1F95CT,3/15/2023,asudddard5d@mysql.com,Andromache,Sudddard,7 Lerdahl Point,Canada,Tshirt,X-Large,3
01HPYDY5KQKA6N6K3AGX38YYTH,1/6/2023,aglynn5e@earthlink.net,Antony,Glynn,7684 Caliangt Trail,Brazil,Hat,Large,1
01HPYDY5KR193QHXPFW0T5TG2Z,11/4/2023,clillecrap5f@instagram.com,Clerissa,Lillecrap,8 Sherman Pass,United States,Tshirt,X-Large,4
01HPYDY5KSC950MQGWBN5RAGDB,5/19/2023,fberzen5g@tripod.com,Fey,Berzen,5588 Eggendart Park,Canada,Sweater,Large,2
01HPYDY5KTYA78VXPW6FFT219N,11/18/2023,sprium5h@google.it,Steffen,Prium,1370 Starling Road,Sweden,Hoody,Medium,1
01HPYDY5KVQDBAS1KAMGN3Y7RH,10/6/2023,bmcfeate5i@nba.com,Brita,McFeate,0756 2nd Way,France,Tshirt,Large,2
01HPYDY5KXXC1WB3DN6VS0ZD76,4/14/2023,mfrenchum5j@typepad.com,Myrle,Frenchum,5 Oriole Crossing,United States,Tshirt,Medium,4
01HPYDY5KY5HVWDGM9E8Y723BF,5/25/2023,respasa5k@craigslist.org,Richart,Espasa,455 Vernon Way,Brazil,Hoody,Medium,3
01HPYDY5KZXM32B35RQNDEHE3R,7/3/2023,dgeockle5l@moonfruit.com,Dave,Geockle,7746 Chive Point,Bosnia and Herzegovina,Sweater,Large,1
01HPYDY5M0N612RCCCBZ7M5W2R,1/29/2023,aclarage5m@sciencedaily.com,Aileen,Clarage,47 Old Gate Place,Peru,Tshirt,XX-Large,2
01HPYDY5M1STZAQDAQ8KQST8FB,7/29/2023,mgorvette5n@rediff.com,Mommy,Gorvette,9 Trailsway Drive,Italy,Scarf,X-Large,1
01HPYDY5M23WMTW0T6SSX3WA6N,12/7/2023,rstitle5o@nbcnews.com,Randell,Stitle,8622 Parkside Way,United States,Shorts,Medium,4
01HPYDY5M3909RTZJMN988KT6K,9/29/2023,bhemshall5p@bbc.co.uk,Blithe,Hemshall,1641 Thackeray Road,Peru,Hat,Medium,2
01HPYDY5M4WPD42HTPQ116RQP1,1/20/2023,pallaker5q@amazonaws.com,Phillipe,Allaker,612 Karstens Street,Brazil,Sweater,Small,2
01HPYDY5M5C7NJV29WBE116SEK,12/22/2023,cchiplen5r@ebay.com,Cullan,Chiplen,0972 Buhler Point,United States,Jacket,X-Large,3
01HPYDY5M6JB5ES658PPXA48VJ,4/19/2023,gdessaur5s@bloglovin.com,Godwin,Dessaur,0 Veith Point,Sweden,Tshirt,Medium,4
01HPYDY5M848HTH7EKSQMQ600H,12/30/2023,aparlatt5t@bravesites.com,Adriena,Parlatt,58 Logan Lane,United States,Hat,Medium,1
01HPYDY5M9TFFE3MPECWJ4D5HH,5/3/2023,epesticcio5u@nbcnews.com,Elton,Pesticcio,987 Cody Junction,Spain,Hoody,Large,4
01HPYDY5MA2FWSF59CDWSDZ099,6/12/2023,jferenczy5v@github.io,Jareb,Ferenczy,6 Donald Lane,Peru,Tshirt,Medium,4
01HPYDY5MBZP3JX9SB35KW8YZJ,12/25/2023,tdemitris5w@storify.com,Tye,De Mitris,30 Sherman Terrace,Canada,Tshirt,Medium,3
01HPYDY5MCSCQGCKG3G7JF37XT,5/15/2023,jvarley5x@amazon.co.jp,Jean,Varley,33 Monterey Place,France,Hoody,Large,2
01HPYDY5MDJMDVXE21GAPRDSRQ,8/21/2023,lchasson5y@parallels.com,Liz,Chasson,5 Harbort Crossing,United States,Tshirt,Medium,2
01HPYDY5MEZX8PJZN89ED64PZ7,12/18/2023,krozet5z@whitehouse.gov,Kort,Rozet,9 Anhalt Terrace,Peru,Sweater,Medium,1
01HPYDY5MFN8J9N7CNRE1MT5PS,5/21/2023,mseys60@youtu.be,Merell,Seys,112 Rowland Street,Sweden,Tshirt,Medium,1
01HPYDY5MH22ASG89R1DB4TD64,1/15/2023,sruter61@cargocollective.com,Sander,Ruter,22 Steensland Parkway,France,Scarf,Small,1
01HPYDY5MJKWTDQ4Z8WEF2FN1F,6/10/2023,habramcik62@wix.com,Harp,Abramcik,990 Dixon Drive,Brazil,Tshirt,Medium,1
01HPYDY5MKBWR209P6CMTF6YAC,7/13/2023,iroisen63@amazonaws.com,Ian,Roisen,9 Dayton Crossing,Bosnia and Herzegovina,Scarf,Medium,1
01HPYDY5MM4A7MX0J4MT37JZNV,6/26/2023,pwooddisse64@redcross.org,Pansie,Wooddisse,156 Carpenter Plaza,Brazil,Tshirt,Medium,3
01HPYDY5MNT0X6N3NNQ120WGCX,2/18/2023,ssherwin65@people.com.cn,Sashenka,Sherwin,25463 Beilfuss Alley,Sweden,Gloves,X-Large,4
01HPYDY5MPWQ5YC533CFG6KN62,1/18/2023,cbischof66@fastcompany.com,Ceil,Bischof,52 Namekagon Park,Canada,Hoody,Large,3
01HPYDY5MQS22C7JAVDKBHBPGF,8/20/2023,bbahike67@psu.edu,Brion,Bahike,861 Aberg Drive,France,Shorts,Large,4
01HPYDY5MRKQCNCG715GWEJMGE,6/16/2023,dmuckersie68@washingtonpost.com,Desirae,Muckersie,267 Oxford Road,Chile,Tshirt,Medium,1
01HPYDY5MSB5W17BQ2V9AN36C9,11/21/2023,apetrina69@google.de,Aldwin,Petrina,186 Alpine Trail,Switzerland,Tshirt,X-Large,3
01HPYDY5MTZB3YDVDFM0FF47JN,1/3/2023,sfluger6a@mapquest.com,Stormie,Fluger,42524 Oneill Point,Norway,Tshirt,Medium,4
01HPYDY5MWH8YCTWG94HHKD9YJ,8/9/2023,beilert6b@eventbrite.com,Boote,Eilert,996 Westport Street,France,Sweater,Medium,2
01HPYDY5MYNP3X70KWRB6ZG823,8/6/2023,mjutson6c@biblegateway.com,Melvin,Jutson,265 West Avenue,Argentina,Jacket,X-Large,2
01HPYDY5N19X6V90EBYBRPSVHP,5/17/2023,lskerman6d@digg.com,Lenora,Skerman,942 Oak Valley Junction,Sweden,Tshirt,XX-Large,4
01HPYDY5N56636G30M88DPSSV9,8/6/2023,cmillimoe6e@google.co.uk,Chery,Millimoe,610 Manufacturers Court,United States,Tshirt,Large,1
01HPYDY5N73BND51XPP486K28G,6/5/2023,jmirrlees6f@histats.com,Jessica,Mirrlees,0 Morrow Trail,United States,Hoody,Medium,2
01HPYDY5NASWFCFTB4YD7GMC7F,3/23/2023,cjunkison6g@list-manage.com,Cornie,Junkison,2 Holy Cross Place,United States,Tshirt,Large,1
01HPYDY5NC4ESCVT25QGSYB1MC,3/9/2023,ldumberell6h@census.gov,Lyn,Dumberell,539 Merchant Alley,Brazil,Jacket,Small,2
01HPYDY5NERQW065FNHATD11SA,2/6/2023,rbundock6i@youku.com,Raine,Bundock,23833 Bayside Street,Norway,Hoody,Medium,3
01HPYDY5NH600YNYFZB6P61FX2,8/10/2023,estrangwood6j@tinypic.com,Eugen,Strangwood,9129 Kenwood Place,United States,Jacket,Large,1
01HPYDY5NKRS07BK4VNFJ56BWY,8/14/2023,cmonahan6k@ehow.com,Clary,Monahan,3657 Ohio Plaza,Peru,Sweater,Large,1
01HPYDY5NN2RW08TMQES3AXZPR,1/27/2023,amulliss6l@google.co.jp,Adriano,Mulliss,390 Buell Avenue,Brazil,Hat,Medium,2
01HPYDY5NQ707YC1SQJ03ADE5S,10/23/2023,cdrakard6m@com.com,Cathrin,Drakard,0597 Schmedeman Center,Argentina,Jacket,Large,3
01HPYDY5NTXJ17DPJR9VR1DQ2F,6/15/2023,mespley6n@stumbleupon.com,Micky,Espley,54954 Bunting Pass,Sweden,Hoody,Large,2
01HPYDY5NXKSPFN8418XN2QZW4,5/21/2023,hlowdwell6o@so-net.ne.jp,Herrick,Lowdwell,126 Drewry Terrace,Canada,Shorts,Small,4
01HPYDY5NZV3RM0Z3RYX60Q18G,12/30/2023,kgallimore6p@cnbc.com,Koenraad,Gallimore,43901 Dawn Center,Brazil,Gloves,Medium,1
01HPYDY5P2BBE6D08KKP6JYMPA,2/7/2023,cblazey6q@eventbrite.com,Cicely,Blazey,40 Vera Terrace,Brazil,Jacket,Medium,4
01HPYDY5P46W3W49G46E0JR5RT,4/4/2023,acocker6r@rakuten.co.jp,Ardelle,Cocker,17 Grasskamp Drive,Brazil,Sweater,Large,2
01HPYDY5P77EEY4521S26A37KX,2/10/2023,pgobourn6s@youtube.com,Paxton,Gobourn,6 Evergreen Way,Canada,Tshirt,X-Large,1
01HPYDY5P9NNF050ZH0WE9D9MF,9/22/2023,cmatthisson6t@theglobeandmail.com,Clifford,Matthisson,4 Sheridan Place,Nigeria,Sweater,XX-Large,2
01HPYDY5PC2FH0XF7QQJCKM3W7,1/17/2023,emoxley6u@i2i.jp,Early,Moxley,6 Atwood Road,Brazil,Hoody,Medium,4
01HPYDY5PEQ5AW5NPPX7V92DSM,10/15/2023,sjurek6v@macromedia.com,Salvatore,Jurek,235 Ruskin Road,Peru,Shorts,Small,4
01HPYDY5PHDPZ8YXENXHNA2008,5/23/2023,adobbyn6w@furl.net,Anallise,Dobbyn,0 Nevada Point,United Kingdom,Sweater,Small,4
01HPYDY5PK41YYVQ0CJDPGFRK2,11/11/2023,aarnell6x@google.ru,Amanda,Arnell,40858 Morrow Way,Norway,Sweater,Small,4
01HPYDY5PP6KJ6VXJKXCJTNM16,2/6/2023,gwannop6y@symantec.com,Gail,Wannop,6 Anzinger Street,Ireland,Hoody,XX-Large,2
01HPYDY5PSEES1HF9AC60J22PF,1/3/2023,kgrelik6z@amazonaws.com,Karola,Grelik,08784 8th Trail,Brazil,Hoody,X-Large,4
01HPYDY5PVT4A8F8JC15E3A7VY,12/12/2023,slannen70@creativecommons.org,Sutton,Lannen,53 Longview Junction,Argentina,Tshirt,Medium,3
01HPYDY5PX0JFXWNN9XQ4P5NJV,3/25/2023,pgreathead71@wp.com,Phyllys,Greathead,8 Huxley Junction,Argentina,Hoody,Small,1
01HPYDY5PYG1265Q1FHCJQYTH3,2/6/2023,egaskell72@prlog.org,Elsbeth,Gaskell,60532 Northridge Point,France,Hat,Large,1
01HPYDY5PZYK1EMHZA6WNY549G,6/13/2023,opoll73@adobe.com,Ossie,Poll,3883 Truax Pass,Canada,Shorts,Small,3
01HPYDY5Q061AD1AGFPBYAXCFK,3/30/2023,jcullen74@studiopress.com,Janela,Cullen,7 Milwaukee Point,France,Hoody,Small,1
01HPYDY5Q1S2W4CWDMNBEXQJHK,2/4/2023,verickson75@cbsnews.com,Van,Erickson,51 2nd Parkway,Brazil,Hoody,Large,1
01HPYDY5Q2B7X5A8AD84GPXAXJ,10/31/2023,ierni76@godaddy.com,Indira,Erni,35440 Parkside Avenue,Nigeria,Jacket,X-Large,3
01HPYDY5Q4BZRNK0RNFMDCCAX9,3/14/2023,plantuff77@icq.com,Papagena,Lantuff,5723 Ryan Alley,Nigeria,Tshirt,Medium,1
01HPYDY5Q5QP4KTHW3P502WF92,12/24/2023,osavory78@engadget.com,Oralle,Savory,8 Northfield Street,France,Gloves,Medium,4
01HPYDY5Q67YPJ9RY1SRJPFA06,11/18/2023,hcommusso79@usda.gov,Harlie,Commusso,02 Michigan Place,United States,Hoody,Large,2
01HPYDY5Q7JK3FZ9A7DHW8REY6,3/5/2023,ccarsey7a@dell.com,Cary,Carsey,5292 Lakewood Gardens Point,Brazil,Tshirt,Medium,1
01HPYDY5Q8KZ7BAZ1004P88CT1,4/4/2023,uspence7b@npr.org,Ursa,Spence,321 Heath Parkway,United States,Hat,XX-Large,4
01HPYDY5Q9YN5R3QP30RB74QAB,3/5/2023,bellerby7c@sciencedaily.com,Brady,Ellerby,1434 Hoepker Road,Nigeria,Hoody,Large,1
01HPYDY5QAQGYJX13B89HTB1AZ,11/19/2023,omaggi7d@seattletimes.com,Oliy,Maggi,41090 Sherman Drive,Peru,Hat,Large,2
01HPYDY5QBTMNDHMQX6MP9ATZP,5/15/2023,wbelchamber7e@ebay.com,Wash,Belchamber,0 Melby Hill,Sweden,Hoody,Large,3
01HPYDY5QC23NFWR38PWA251RE,8/17/2023,cmacmarcuis7f@desdev.cn,Catharine,MacMarcuis,99 Sloan Alley,Chile,Hoody,Medium,4
01HPYDY5QE3PSRDSDP6DB23CYP,4/13/2023,aandreoletti7g@umn.edu,Alysa,Andreoletti,814 Comanche Crossing,Sweden,Shorts,Small,2
01HPYDY5QF9YKZQM235MGA92MQ,10/1/2023,zpugsley7h@ft.com,Zonda,Pugsley,3 Holmberg Place,Brazil,Sweater,XX-Large,4
01HPYDY5QGPP94X6QBGF8T9JS4,11/1/2023,sellacombe7i@google.ru,Stefan,Ellacombe,485 Mendota Road,Sweden,Shorts,Large,1
01HPYDY5QH8VD283WAMF57E26H,3/4/2023,cjados7j@netscape.com,Christoph,Jados,4 Saint Paul Place,Sweden,Sweater,X-Large,3
01HPYDY5QJ84SNZ89E2HEA0QD6,11/2/2023,mhammett7k@google.ru,Marjy,Hammett,186 Crowley Way,Brazil,Shorts,Medium,4
01HPYDY5QKKGAHB7AW459PNHET,5/7/2023,ncoggles7l@themeforest.net,Novelia,Coggles,66 Lakeland Junction,United States,Sweater,Large,1
01HPYDY5QN8B27X8DM1C8VDEDJ,2/3/2023,klukianovich7m@plala.or.jp,Kaylil,Lukianovich,0568 Russell Street,Sweden,Gloves,X-Large,2
01HPYDY5QQ2YP26YEWAM74XMCD,7/24/2023,ilescop7n@disqus.com,Ivan,Lescop,25198 Jana Pass,Canada,Tshirt,XX-Large,3
01HPYDY5QS1TA52WF6CQW5CDSG,12/12/2023,dtheyer7o@etsy.com,Dickie,Theyer,03 8th Lane,Peru,Gloves,Medium,1
01HPYDY5QW52GVW2HXKG2H4F2A,5/9/2023,cwagstaffe7p@typepad.com,Carmine,Wagstaffe,00 Paget Way,Canada,Hoody,Small,4
01HPYDY5QYBB7PKQPKC9AXCK06,10/30/2023,alarter7q@paypal.com,Atlanta,Larter,21390 Claremont Road,Peru,Hoody,Small,2
01HPYDY5R0FRFRYJE7DBGXX6F7,10/15/2023,cmeeson7r@weibo.com,Christa,Meeson,022 Mockingbird Pass,Nigeria,Jacket,Small,2
01HPYDY5R2WR93J0A0R8EQAPVJ,2/4/2023,ewadge7s@netlog.com,Eldon,Wadge,6 Stang Place,Peru,Scarf,Medium,4
01HPYDY5R4NTQB0DSAN7P0C3R7,10/7/2023,dduchateau7t@goodreads.com,Dione,Duchateau,470 Brentwood Center,Brazil,Scarf,Large,2
01HPYDY5R6FVXT4W34NYTEEHDC,2/7/2023,sgregor7u@i2i.jp,Samantha,Gregor,6346 Walton Junction,United States,Jacket,Medium,1
01HPYDY5R77AVRY2380AVG8JEP,6/8/2023,rtorr7v@flickr.com,Richy,Torr,71318 Meadow Vale Point,Brazil,Jacket,Medium,4
01HPYDY5R9JQHE9EEM597ES3QS,3/17/2023,mdrinkel7w@cdc.gov,Myrlene,Drinkel,255 Ohio Point,United States,Scarf,Large,2
01HPYDY5RBW7Q9EEAARAQ1AHX3,6/12/2023,amenaul7x@cam.ac.uk,Aryn,Menaul,8 Sunnyside Road,Canada,Hoody,Small,2
01HPYDY5RDT3D8WQVX6K4EA76X,7/16/2023,bernke7y@harvard.edu,Butch,Ernke,296 3rd Court,Peru,Jacket,X-Large,1
01HPYDY5RF3RMDV0CW5EY4RE4G,9/27/2023,mlavington7z@marriott.com,Margery,Lavington,5260 Upham Park,France,Gloves,Medium,1
01HPYDY5RHBD55KG8CTPWMEBTB,4/11/2023,astyan80@elegantthemes.com,Andeee,Styan,9621 Sundown Trail,Sweden,Hoody,Medium,3
01HPYDY5RKZJTSQWGAMGFPP092,3/4/2023,rleathes81@hao123.com,Riordan,Leathes,87 Fisk Circle,Argentina,Shorts,XX-Large,4
01HPYDY5RNN5QGQ7NWZ1W9CMDD,6/13/2023,bnibley82@typepad.com,Blair,Nibley,87331 Mariners Cove Drive,Sweden,Scarf,Large,2
01HPYDY5RQ5VNF23KR13JB7AJN,10/23/2023,lmclagan83@loc.gov,Leodora,McLagan,57 Jenifer Plaza,Argentina,Hat,Large,3
01HPYDY5RSRWZGK380RVJVC1T4,8/31/2023,rsimson84@sourceforge.net,Reena,Simson,4 Annamark Drive,Chile,Scarf,X-Large,3
01HPYDY5RV7H1VWC7TMPDZ7GMY,8/9/2023,ncastree85@spiegel.de,Nev,Castree,6 Kinsman Center,Peru,Hat,Medium,4
01HPYDY5SKD4EZD9VBPXQM8YYC,6/15/2023,gstanding86@people.com.cn,Garrik,Standing,6 Forest Dale Court,Spain,Shorts,Medium,1
01HPYDY5SNKE3T8ZX4M37A7P3X,6/6/2023,ncracknall87@blog.com,Nerissa,Cracknall,02131 Coolidge Lane,Spain,Shorts,Medium,3
01HPYDY5SRM3RW1JXY707SPC25,9/1/2023,ocleife88@skype.com,Omar,Cleife,068 Hansons Park,Peru,Hoody,X-Large,1
01HPYDY5STGXAG6S152K81BTWV,9/11/2023,lthurling89@smugmug.com,Lannie,Thurling,15 Banding Drive,Sweden,Hoody,Small,4
01HPYDY5SWWQZPXATQBB806YM9,5/9/2023,bloblie8a@w3.org,Burnaby,Loblie,42243 Manitowish Circle,Canada,Gloves,Medium,2
01HPYDY5SYAANVCG1GFS44XQM0,9/30/2023,rdanilchenko8b@google.nl,Reggie,Danilchenko,268 Brown Drive,Peru,Hoody,X-Large,3
01HPYDY5T06NYFKAWWMR2MDW2G,1/30/2023,hgeharke8c@wufoo.com,Harbert,Geharke,93 Anzinger Park,Argentina,Tshirt,Small,2
01HPYDY5T2TWWP0C2CQAMQVNFP,2/24/2023,cguppie8d@xing.com,Cori,Guppie,14 Grim Terrace,Brazil,Tshirt,XX-Large,1
01HPYDY5T4SBDYJJNWAR87B0XZ,8/16/2023,gpavelka8e@nature.com,Georgeta,Pavelka,962 Northfield Pass,United States,Tshirt,XX-Large,1
01HPYDY5T6T6B07C61XF928PK0,12/19/2023,sriping8f@shinystat.com,Sunny,Riping,1149 Westridge Alley,Canada,Tshirt,Medium,3
01HPYDY5T87BA5N2Z3R9QR1QXJ,7/26/2023,kvandermerwe8g@tmall.com,Kitti,Van der Merwe,4728 Morning Point,United States,Scarf,Large,3
01HPYDY5TAHFBG075W2YV6JVKB,7/29/2023,sbottoms8h@xrea.com,Saundra,Bottoms,30164 Summit Parkway,Argentina,Sweater,Small,1
01HPYDY5TCJH0TP8DF1FS0Q5AF,9/29/2023,jdicte8i@ameblo.jp,Jo,Dicte,79 Brown Court,France,Sweater,Medium,2
01HPYDY5TEHNTEV5KVA625GTWG,5/29/2023,aparmley8j@networksolutions.com,Agathe,Parmley,1 Fairfield Center,Brazil,Tshirt,Medium,4
01HPYDY5TGNYGT4J1QVNNA4K5C,9/21/2023,gstowell8k@webs.com,Garvin,Stowell,91944 Morningstar Street,Sweden,Tshirt,Large,1
01HPYDY5TJXW0C14YVC15JDN3J,6/10/2023,abossons8l@blog.com,Adolph,Bossons,1 3rd Crossing,Argentina,Hat,X-Large,1
01HPYDY5TMMNTW67QHZBZY2WN2,1/8/2023,rchettle8m@mediafire.com,Rosina,Chettle,12 Swallow Drive,Peru,Hat,Medium,4
01HPYDY5TP9BZ3FGCGCQBV1DQK,12/21/2023,mstorrier8n@reference.com,Mathilda,Storrier,23 Fieldstone Parkway,Brazil,Scarf,Medium,1
01HPYDY5TRQKX0JGJA0MDC9N6N,12/30/2023,rdagostino8o@tumblr.com,Rudyard,D'Agostino,05177 Upham Court,Sweden,Hat,X-Large,3
01HPYDY5TTF0KVNYT6ZNEFAAF8,8/14/2023,ffeavers8p@shutterfly.com,Felecia,Feavers,35826 Northfield Way,Brazil,Tshirt,Medium,2
01HPYDY5TWFB25NJAY3M4SZT2Y,5/20/2023,akrugmann8q@ihg.com,Averil,Krugmann,503 Lotheville Center,Brazil,Scarf,XX-Large,3
01HPYDY5TY5Y5XZ5742CF6GJFV,9/19/2023,yswindell8r@about.me,Yoko,Swindell,17816 Longview Parkway,France,Sweater,Large,1
01HPYDY5V03J735NA1EHEJXZHA,2/2/2023,lkinghorn8s@pinterest.com,Lothario,Kinghorn,1307 Hudson Lane,Brazil,Hoody,Small,4
01HPYDY5V2R5MKPW3XRE8B1AY1,4/20/2023,hdudderidge8t@umn.edu,Hetty,Dudderidge,2 Loftsgordon Road,Peru,Hoody,Medium,1
01HPYDY5V4YS2A1QWCQ3G87MFW,6/21/2023,cschultze8u@indiegogo.com,Constanta,Schultze,14 Petterle Park,Canada,Tshirt,Large,1
01HPYDY5V62JZR6CD4MXAPFHTC,1/4/2023,vpiggford8v@tinyurl.com,Vail,Piggford,65 American Terrace,Germany,Hat,Large,4
01HPYDY5V8R0PR6HSZPKV8WQ5P,6/29/2023,makhurst8w@freewebs.com,Morganne,Akhurst,2095 Rigney Point,Sweden,Hat,Large,1
01HPYDY5VAHC7KF9CJW5MVK6B7,12/28/2023,sivkovic8x@wsj.com,Sigfrid,Ivkovic,799 Rigney Alley,Brazil,Tshirt,Large,3
01HPYDY5VC5GZ5AXT9A4S1N6EG,3/31/2023,ebroinlich8y@taobao.com,Eba,Broinlich,3 Redwing Terrace,Peru,Jacket,X-Large,1
01HPYDY5VFEZNXA5DB5FGA5V4D,8/21/2023,afulton8z@loc.gov,Alister,Fulton,2375 Fair Oaks Parkway,Sweden,Tshirt,Medium,3
01HPYDY5VH78QZS99WFPBMQFYZ,5/19/2023,aboatwright90@yelp.com,Alasteir,Boatwright,8029 Quincy Way,France,Hoody,Medium,1
01HPYDY5VKWFYCEZJHETHY6RNE,6/18/2023,kshernock91@sitemeter.com,Kort,Shernock,58620 Cascade Center,Brazil,Sweater,Medium,4
01HPYDY5VMTE7YDFGEY18PR4EY,8/16/2023,bcrowe92@rediff.com,Bunny,Crowe,191 Northview Hill,Canada,Tshirt,XX-Large,2
01HPYDY5VQ2BJ3452Q1MKYWRXQ,6/28/2023,salcalde93@desdev.cn,Siward,Alcalde,333 Goodland Place,Sweden,Gloves,Medium,4
01HPYDY5VT10NDGV3BJ9T4371N,5/22/2023,uroutledge94@merriam-webster.com,Ulick,Routledge,3 Anderson Lane,Chile,Tshirt,Large,2
01HPYDY5VW08RZWK5X162BE28T,4/2/2023,sdaulton95@fema.gov,Selig,Daulton,81549 Sutherland Center,Ireland,Scarf,Medium,4
01HPYDY5VX034JQZYEWT8D3PZ2,10/1/2023,hgodbert96@go.com,Huntlee,Godbert,5737 Spaight Parkway,France,Shorts,Medium,4
01HPYDY5VY3YQHKBAH52DSRCGK,3/12/2023,bcoddrington97@spiegel.de,Brittani,Coddrington,01 Buena Vista Trail,United States,Jacket,Large,1
01HPYDY5VZ1P3ZWRZPVAMFTY43,8/8/2023,wmanolov98@illinois.edu,Woodman,Manolov,39561 Oakridge Street,Brazil,Tshirt,XX-Large,3
01HPYDY5W1608RGX4RGN29VNSZ,5/23/2023,bfitzpayn99@cbsnews.com,Biron,Fitzpayn,26316 Eggendart Alley,France,Tshirt,Medium,2
01HPYDY5W4CDNXQZY6C2SS6FFE,11/14/2023,hamanger9a@usatoday.com,Harman,aManger,98121 Vermont Way,Brazil,Hoody,Medium,1
01HPYDY5W66CV4T9G4T47DP6CZ,10/29/2023,bbelshaw9b@vkontakte.ru,Birgit,Belshaw,0800 Meadow Vale Park,Sweden,Scarf,Medium,2
01HPYDY5W9S1SJMTZ59NNQ29R5,5/24/2023,tticic9c@businessinsider.com,Torr,Ticic,4492 Homewood Lane,United States,Tshirt,Medium,4
01HPYDY5WCX9TSJEXKK7RBAPSH,9/6/2023,dyewdell9d@facebook.com,Dion,Yewdell,655 Everett Way,Brazil,Hoody,Medium,1
01HPYDY5WEHW52B2RZ4MFRPWT4,3/7/2023,kpedycan9e@spiegel.de,Kailey,Pedycan,35 Nancy Road,Brazil,Hoody,Small,1
01HPYDY5WG7YE7CKX6R6RRAZGY,11/28/2023,sdobinson9f@home.pl,Staffard,Dobinson,4 Columbus Street,Bosnia and Herzegovina,Hoody,Medium,4
01HPYDY5WKY9R5GXMZ0MMPDYGT,5/17/2023,klamprecht9g@umn.edu,Kevan,Lamprecht,2017 Everett Parkway,Argentina,Scarf,Large,2
01HPYDY5WNF0B2PQTGTCT3XR3J,6/30/2023,cbynert9h@dion.ne.jp,Charley,Bynert,2 Oriole Drive,France,Scarf,Medium,4
01HPYDY5WR7TKPJGMQ0R5K9GS5,4/5/2023,dstollenhof9i@odnoklassniki.ru,Dorelle,Stollenhof,30398 7th Alley,Brazil,Tshirt,Large,2
01HPYDY5WS1WAJHZTGTSVFMNYF,3/19/2023,rmackrill9j@ask.com,Rockwell,Mackrill,99967 Dawn Crossing,France,Tshirt,Medium,1
01HPYDY5WVTQYZKXR1X4YJT5JA,10/28/2023,sefford9k@google.co.uk,Sidoney,Efford,2 Holy Cross Circle,Brazil,Hoody,Medium,4
01HPYDY5WWCJX24CCB6RBWV5AW,10/29/2023,zburchett9l@shareasale.com,Zena,Burchett,9 Shopko Circle,Uruguay,Jacket,X-Large,4
01HPYDY5WXHA1VH59W51TRRF95,11/19/2023,tpoulney9m@archive.org,Theodoric,Poulney,11 Nevada Lane,United States,Hoody,Medium,1
01HPYDY5WZA8E3BXKP8P7P0N4T,12/15/2023,mmcwhannel9n@blogtalkradio.com,Meggi,McWhannel,33831 Westridge Avenue,France,Tshirt,Medium,1
01HPYDY5X2CN4ANWP0ZPTYPJAV,5/16/2023,sminchinton9o@weather.com,Sisile,Minchinton,9853 Truax Road,Brazil,Hoody,XX-Large,3
01HPYDY5X456F6867D0D0ZR6GW,3/22/2023,bbeine9p@com.com,Bobbee,Beine,184 Cherokee Place,Sweden,Sweater,XX-Large,3
01HPYDY5X6B0RK5BDMYRE3SVF1,2/1/2023,fdejuares9q@elpais.com,Fran,de Juares,47 Dexter Circle,Sweden,Hoody,XX-Large,1
01HPYDY5X9ASWKMJGT17ZZTTED,10/30/2023,faslott9r@wunderground.com,Fifine,Aslott,283 Dahle Avenue,France,Shorts,Large,2
01HPYDY5XCDMNYJ776B7H5DD1Z,10/24/2023,mmincher9s@nba.com,Maddy,Mincher,4 Burrows Hill,Sweden,Tshirt,Small,1
01HPYDY5XE08CQ5DCA285D02NJ,3/30/2023,ddenormanville9t@statcounter.com,Drugi,De Normanville,8792 Westend Place,Canada,Hoody,Medium,3
01HPYDY5XH6E9SS2GRQXHDBWPF,3/23/2023,ndeleek9u@cpanel.net,Nahum,De Leek,69566 Bluestem Avenue,Argentina,Gloves,Medium,2
01HPYDY5XK83BVWYWK1V6FAMDM,4/18/2023,eheinemann9v@simplemachines.org,Edita,Heinemann,3 Katie Terrace,United States,Tshirt,X-Large,2
01HPYDY5XN9T6W7G397HMVJZAM,11/30/2023,pherion9w@cloudflare.com,Pepi,Herion,64 Namekagon Plaza,Sweden,Jacket,Small,4
01HPYDY5XQPSG663VPF3K85W00,6/20/2023,ogunning9x@wordpress.com,Othelia,Gunning,482 Lakeland Park,United States,Hoody,Medium,3
01HPYDY5XSDA47A1FXRFJGM4AS,8/7/2023,hpellitt9y@youku.com,Helga,Pellitt,10226 Wayridge Drive,France,Tshirt,Large,3
01HPYDY5XWG5EA7FAZPPFX2PKB,5/26/2023,hchesters9z@cdbaby.com,Horatius,Chesters,451 Buena Vista Center,Brazil,Shorts,Small,1
01HPYDY5XYGYJ36G26QH440YGW,4/23/2023,smusicoa0@ox.ac.uk,Shepperd,Musico,216 Fair Oaks Point,Peru,Sweater,Large,3
01HPYDY5Y0NM403MPGA5G0M1EV,3/30/2023,wbrayshawa1@webeden.co.uk,Walsh,Brayshaw,1 Green Trail,United States,Scarf,Large,1
01HPYDY5Y12EJMR5H9VNT2GBZH,8/21/2023,ssticklesa2@unc.edu,Stephenie,Stickles,3694 Dayton Place,Brazil,Scarf,X-Large,4
01HPYDY5Y232WBVYJVG3NSBG3Z,9/2/2023,jlobbea3@taobao.com,Jemimah,Lobbe,00096 Kinsman Crossing,United States,Tshirt,XX-Large,1
01HPYDY5Y4J9W3K9WWNXRQ08A2,1/18/2023,tmacwilliama4@sphinn.com,Tova,MacWilliam,88 Everett Park,Canada,Tshirt,Medium,1
01HPYDY5Y5X8CF8QD2BD0EPF29,7/6/2023,sewbacha5@goodreads.com,Saunder,Ewbach,43861 Fremont Parkway,France,Tshirt,Large,2
01HPYDY5Y77VP9HRW2YWYCENJF,10/16/2023,gguillermana6@shop-pro.jp,Gage,Guillerman,980 Stephen Trail,Sweden,Tshirt,XX-Large,4
01HPYDY5Y8CD86BY9KJERPCPKW,6/3/2023,hpleata7@loc.gov,Hewitt,Pleat,97895 Hovde Center,Spain,Sweater,Medium,3
01HPYDY5YAW6SY09QN0G80JERE,1/20/2023,ggrimsdella8@prlog.org,Gertrude,Grimsdell,64267 Washington Trail,Brazil,Shorts,X-Large,1
01HPYDY5YDJJ9HKMVQCS7EN36Q,9/21/2023,kgobela9@virginia.edu,Kelcie,Gobel,541 David Plaza,Peru,Hoody,Medium,1
01HPYDY5YF0KWGK1ARF456Z9TN,5/12/2023,sratledgeaa@indiatimes.com,Sherill,Ratledge,74353 Stone Corner Terrace,Brazil,Gloves,Large,4
01HPYDY5YH91RFKK09NE4Z9X9N,7/4/2023,ljevonab@multiply.com,Leilah,Jevon,0107 Mayfield Drive,France,Tshirt,X-Large,4
01HPYDY5YKJA64F0T0TTQT1Y0D,4/9/2023,pgherardiac@spiegel.de,Pauly,Gherardi,81399 Crowley Place,France,Gloves,Medium,2
01HPYDY5YM3JHZXB4KCYK0X0RA,3/23/2023,iivasyushkinad@trellian.com,Ibbie,Ivasyushkin,048 North Plaza,Canada,Tshirt,Medium,1
01HPYDY5YN8756R17C649XQBA8,2/28/2023,atapleyae@cocolog-nifty.com,Annette,Tapley,1298 Novick Drive,Canada,Hoody,X-Large,1
01HPYDY5YPK5WBM9YCE1WB7BD6,7/7/2023,slengthornaf@cocolog-nifty.com,Shirlee,Lengthorn,0 Green Ridge Plaza,Peru,Tshirt,Small,2
01HPYDY5YQ5T4YA8C5BEPQWW8J,5/6/2023,cdeabillag@jimdo.com,Colby,Deabill,01 Raven Hill,France,Scarf,Large,4
01HPYDY5YSC0CRAGAG5JX5F3KQ,8/6/2023,avergoah@pagesperso-orange.fr,Annecorinne,Vergo,29506 Hazelcrest Plaza,Nigeria,Scarf,Medium,2
01HPYDY5YT04H37ZMD904M2V8R,4/7/2023,apursehouseai@wufoo.com,Archibald,Pursehouse,571 David Parkway,Ireland,Scarf,X-Large,2
01HPYDY5YXZYM69SZ86NDY5MQP,12/6/2023,ohaighaj@bigcartel.com,Oliy,Haigh,30156 4th Plaza,Canada,Hoody,Medium,1
01HPYDY5YZERFVHGFEZ4VME2A5,11/24/2023,mpiscopelloak@barnesandnoble.com,Mario,Piscopello,7 Mockingbird Alley,Peru,Hoody,XX-Large,4
01HPYDY5Z1YP1XAB3V13BGGFZ4,3/4/2023,bbabbageal@wordpress.org,Brigit,Babbage,38 Granby Terrace,Argentina,Tshirt,Small,4
01HPYDY5Z304N9BMPRCM9HXGA3,6/9/2023,hfaudrieam@merriam-webster.com,Huberto,Faudrie,28 Schiller Hill,Nigeria,Scarf,X-Large,2
01HPYDY5Z674Z7318ZXB3BTZHF,2/7/2023,sordeltan@columbia.edu,Shalne,Ordelt,32230 Lawn Pass,United States,Hat,Large,2
01HPYDY5ZAMQSXWQ6DXC9MJQMM,7/21/2023,mmountjoyao@hud.gov,Maxim,Mountjoy,4 Buhler Pass,Peru,Tshirt,Small,2
01HPYDY5ZC1ZW58JYYR326QQ41,11/19/2023,jdeambrosisap@tripadvisor.com,Julia,De Ambrosis,12 Quincy Center,Uganda,Gloves,Large,2
01HPYDY5ZF6SZKA6JT51639X6D,6/16/2023,dchoffinaq@goodreads.com,David,Choffin,01729 Lighthouse Bay Avenue,United States,Sweater,Medium,2
01HPYDY5ZH2P2D4HN5F1DG2BNY,1/12/2023,odmitrievskiar@godaddy.com,Odelinda,Dmitrievski,0342 Charing Cross Street,Peru,Scarf,Small,3
01HPYDY5ZJMX6BHCCHVMB3Q5DR,12/2/2023,gmaudeas@theatlantic.com,Gasparo,Maude,2659 Upham Crossing,Brazil,Gloves,Medium,2
01HPYDY5ZK3SKMRACSTMKM3T9X,8/11/2023,esiggensat@51.la,Emlynn,Siggens,03 Marcy Center,United States,Hoody,Medium,4
01HPYDY5ZN49FX6149XWK3VY6Z,1/17/2023,adanilovitchau@ameblo.jp,Abelard,Danilovitch,7 Ronald Regan Trail,Norway,Hoody,Large,2
01HPYDY5ZP87TM95AWXN4NTETN,9/29/2023,mbyrkmyrav@tinyurl.com,Meredithe,Byrkmyr,954 Kenwood Pass,France,Tshirt,Large,3
01HPYDY5ZQ1GJXSRK64D4AT0HS,6/17/2023,nrickwordaw@berkeley.edu,Nils,Rickword,27 Nevada Drive,Canada,Shorts,XX-Large,1
01HPYDY5ZSQQT2JYE8JMX6HPA0,11/7/2023,mdolleax@miitbeian.gov.cn,Mada,Dolle,718 Buhler Hill,United States,Sweater,X-Large,1
01HPYDY5ZTB0ADHSK3Z91R8H2Q,4/9/2023,fkemballay@jimdo.com,Fernande,Kemball,387 Menomonie Park,Sweden,Scarf,Medium,3
01HPYDY5ZXSYVP9XP83E2C6QJ1,5/7/2023,coughtrightaz@furl.net,Casi,Oughtright,5046 Del Mar Place,Sweden,Scarf,Medium,2
01HPYDY600PGKBP022PNY5BNHS,9/28/2023,mearwickerb0@macromedia.com,Mufinella,Earwicker,1 Springs Alley,Sweden,Sweater,XX-Large,3
01HPYDY603Z94EYHXV1G6EV34A,3/23/2023,nanwylb1@imageshack.us,Natalee,Anwyl,289 Straubel Alley,Peru,Tshirt,Medium,3
01HPYDY6062F78T52ZMBJ7BRY9,2/15/2023,ldowbekinb2@linkedin.com,Luis,Dowbekin,95925 Clove Point,Argentina,Hat,Small,2
01HPYDY608Z99SHPQCZ9CGNB2Z,8/5/2023,cberkelyb3@tripadvisor.com,Carine,Berkely,53 Elgar Plaza,Norway,Shorts,Large,3
01HPYDY60B4CE94C09X3N9H8HY,2/21/2023,tkopsb4@oracle.com,Tera,Kops,4990 Melby Plaza,Brazil,Scarf,Medium,3
01HPYDY60ECEDPPMWDA1PC2BSB,4/16/2023,dchasteaub5@blinklist.com,Dora,Chasteau,902 Fremont Crossing,Peru,Hoody,Large,3
01HPYDY60G0HJHJCHEZE2G7MS0,8/21/2023,atremellingb6@adobe.com,Ainslee,Tremelling,47 Cordelia Hill,Argentina,Jacket,Medium,1
01HPYDY60JGHW9WAMS1B6H1C02,5/15/2023,ipippingb7@mtv.com,Inge,Pipping,9642 Sunfield Place,Germany,Hoody,Large,1
01HPYDY60KHAVH7RDPDXFSHXZP,1/6/2023,lpeedellb8@dailymail.co.uk,Lalo,Peedell,364 Mayfield Street,Sweden,Sweater,Large,1
01HPYDY60NMQ8PZ18BDD29CB8J,11/2/2023,mgirardinib9@ftc.gov,Malvina,Girardini,46 High Crossing Road,United States,Jacket,X-Large,3
01HPYDY60PGJGCFKW08ABDNJ18,3/5/2023,wpirtba@admin.ch,Wynn,Pirt,197 Anzinger Parkway,Peru,Tshirt,Small,2
01HPYDY60QXWVHQB43V7TSFADH,2/1/2023,cdreppbb@dagondesign.com,Claudetta,Drepp,3 Victoria Park,Brazil,Jacket,Large,1
01HPYDY60SMXF3JRA40P77EAB9,9/18/2023,hbeddingbc@xrea.com,Humfrey,Bedding,9481 Cottonwood Drive,Senegal,Tshirt,Medium,3
01HPYDY60T62GZFQSPFB8KSKHJ,7/10/2023,sabbatibd@businessweek.com,Stace,Abbati,0796 Anniversary Trail,France,Jacket,Large,1
01HPYDY60V8VJPE1DN6TY1S6M3,9/19/2023,lnicholsonbe@cbslocal.com,Lynn,Nicholson,821 Larry Center,Chile,Shorts,Medium,2
01HPYDY60XB8S92HWRXGBV5N61,11/7/2023,kshrevebf@ebay.com,Kaitlin,Shreve,8628 Gateway Center,Argentina,Hoody,X-Large,4
01HPYDY60Y9AG79ACZ28N2T27X,5/13/2023,hsangsterbg@dedecms.com,Hedda,Sangster,24 Waywood Center,Brazil,Hoody,Large,1
01HPYDY6104R7CXJN46J6XNQ4P,11/28/2023,bemilienbh@ucoz.ru,Brett,Emilien,8 Stephen Trail,Peru,Scarf,Medium,3
01HPYDY612E9ZED7W4ZQN9PJWG,11/7/2023,lparramorebi@123-reg.co.uk,Lane,Parramore,44429 Huxley Avenue,France,Scarf,Medium,4
01HPYDY614A71J4Y3MAZHR99E0,10/16/2023,gclutebj@nba.com,Granny,Clute,69140 Clyde Gallagher Drive,Peru,Tshirt,Large,2
01HPYDY6159NWHHYAW0GG9C5TJ,12/7/2023,emingayebk@google.co.uk,Emmi,Mingaye,4 Sherman Point,Brazil,Tshirt,Large,4
01HPYDY616PRWPEX9CEWZ9HM5N,2/27/2023,jlipmannbl@blogspot.com,Johna,Lipmann,67 Fieldstone Circle,Sweden,Scarf,Medium,1
01HPYDY618DDDC5RDM1T12EXAS,10/24/2023,lbanasiakbm@ycombinator.com,Lily,Banasiak,15 Jackson Terrace,France,Tshirt,Medium,1
01HPYDY619W4390T0YNGZG5KK3,5/10/2023,suwinsbn@google.com,Saleem,Uwins,298 Bunting Way,Brazil,Hoody,Large,3
01HPYDY61ABV6AYZ3JS18KFTXT,3/1/2023,cdunkerlybo@forbes.com,Celia,Dunkerly,940 School Point,Canada,Hoody,Medium,4
01HPYDY61BM05APMD5KKE8NFR8,6/28/2023,alindebergbp@ow.ly,April,Lindeberg,3936 Tomscot Pass,Brazil,Shorts,Large,1
01HPYDY61C2ENCVRG47JG8KBPP,6/23/2023,twhimpennybq@a8.net,Tess,Whimpenny,73555 Anniversary Pass,Brazil,Jacket,Small,1
01HPYDY61ENF1W7604F1FWACNW,6/13/2023,krafebr@nih.gov,Kassia,Rafe,0922 Lukken Drive,United States,Gloves,Medium,2
01HPYDY61FYR0YS53XSC9VVTP0,7/16/2023,dcheneybs@51.la,Dorey,Cheney,9100 Heffernan Point,Nigeria,Gloves,Medium,4
01HPYDY61GBMY71TRFR45E5NXQ,3/15/2023,jlawmanbt@xinhuanet.com,Jonathan,Lawman,36635 Westend Road,Argentina,Shorts,XX-Large,4
01HPYDY61JCYD3XR6ZKDV5HYBF,2/2/2023,ahamlettbu@indiegogo.com,Anna-diana,Hamlett,16709 Browning Point,Sweden,Tshirt,Medium,1
01HPYDY61KF0KB17ZYD9G7E19C,6/16/2023,kalonsobv@issuu.com,Katharina,Alonso,35638 Cardinal Hill,Sweden,Tshirt,X-Large,3
01HPYDY61M81PAYRCCB1N4K4RG,4/29/2023,lbergebw@psu.edu,Leah,Berge,80 Basil Court,United States,Sweater,Large,2
01HPYDY61NV88JVJBNWNA9KJ07,5/11/2023,dstroodbx@illinois.edu,Dillie,Strood,576 Mallory Hill,France,Tshirt,X-Large,4
01HPYDY61PANWDFDYDEVE773AB,12/30/2023,rdahlbomby@dell.com,Ros,Dahlbom,31655 7th Parkway,Australia,Hoody,Medium,3
01HPYDY61Q4T9R36NVYCFMR2D4,9/10/2023,cblezardbz@dailymail.co.uk,Cosimo,Blezard,76959 Kedzie Avenue,Brazil,Tshirt,XX-Large,1
01HPYDY61SV5CD9S04X45H653H,9/1/2023,peskriggec0@amazon.com,Pietra,Eskrigge,2107 Bellgrove Way,Argentina,Hoody,Medium,1
01HPYDY61T0H5YNY74VA1DMJQG,5/3/2023,eoliviac1@bloglovin.com,Elisabetta,Olivia,64474 American Court,Peru,Shorts,X-Large,1
01HPYDY61VJ0W7TD2J7QN3HB0S,5/13/2023,fportmanc2@multiply.com,Felecia,Portman,83 Nelson Court,Argentina,Tshirt,Medium,4
01HPYDY61XBZJHAW7H7XNWF3EG,2/19/2023,cfarrawayc3@netlog.com,Carena,Farraway,31 Sunfield Lane,Nigeria,Tshirt,Medium,3
01HPYDY61Z69M6A8DYCEBBSNKP,10/13/2023,fhupkac4@bizjournals.com,Franciska,Hupka,8 Roxbury Parkway,France,Hoody,XX-Large,4
01HPYDY621SS89TX89ABNYCB5H,3/20/2023,amcclarencec5@hp.com,Avie,McClarence,7 Prairieview Court,Brazil,Tshirt,Medium,1
01HPYDY623QK5MB5GD48BR4TNY,8/26/2023,lchaikovskic6@hugedomains.com,Lorry,Chaikovski,69108 Hallows Court,France,Sweater,Medium,2
01HPYDY6251ZC89P1TA93M0RA5,9/12/2023,pglassmanc7@businessinsider.com,Phil,Glassman,01 Ridgeview Drive,Sweden,Gloves,Small,3
01HPYDY627HGZ9FHH6X9PECS48,1/8/2023,vfairneyc8@slashdot.org,Val,Fairney,723 Blaine Lane,France,Tshirt,Large,2
01HPYDY629ZTZP887AC6V9TKAC,11/23/2023,mmckerrowc9@imageshack.us,Meier,McKerrow,4455 Algoma Hill,United States,Hat,Large,2
01HPYDY62CPF1WP6H0K3N93P2S,5/22/2023,mmorpheyca@about.me,Mechelle,Morphey,23176 Charing Cross Street,Brazil,Hoody,Medium,4
01HPYDY62E1ZZWQWTXCDMZ5DBD,10/22/2023,sstetlyecb@narod.ru,Saxon,Stetlye,548 Lerdahl Street,Senegal,Hoody,Small,3
01HPYDY62GRKCNG6K91AXSMA0B,9/8/2023,abeadescc@zdnet.com,Adena,Beades,683 Sutherland Parkway,Nigeria,Hoody,Small,1
01HPYDY62JN3RNE49FS8BJBPVF,1/14/2023,bcastelincd@live.com,Bambi,Castelin,5024 Sage Drive,France,Tshirt,Medium,4
01HPYDY62MP7MCZMHWP7J9FWC5,4/19/2023,apeece@noaa.gov,Alon,Pee,506 Almo Point,Peru,Gloves,Large,4
01HPYDY62PS4R97PASXYR7CB9R,6/17/2023,dpaskinscf@nifty.com,Demetris,Paskins,21058 Cambridge Alley,Sweden,Sweater,Large,3
01HPYDY62RTHKY9ANW7D6VZYZB,11/15/2023,rcomriecg@parallels.com,Riley,Comrie,3 Debra Parkway,Argentina,Hoody,Medium,2
01HPYDY62VBCWAF8S74JD7XNXP,10/27/2023,wevech@jimdo.com,Wilhelm,Eve,1455 Miller Way,Spain,Tshirt,Large,1
01HPYDY62X7Y8P3C576QNYXDGF,4/19/2023,mjullci@quantcast.com,Merrilee,Jull,8 Karstens Hill,Sweden,Shorts,XX-Large,2
01HPYDY62ZQYP3N597CSTP1JKA,4/13/2023,collincj@tripadvisor.com,Chalmers,Ollin,43983 Charing Cross Trail,Nigeria,Hoody,Medium,1
01HPYDY6311CGRY5HC929R58KN,9/22/2023,adoghartieck@ovh.net,Abrahan,Doghartie,10 Rutledge Road,United States,Sweater,Medium,1
01HPYDY6330PW0MQ21Z4BZNGVM,1/21/2023,wmarplescl@miitbeian.gov.cn,Way,Marples,48842 Dixon Drive,France,Shorts,XX-Large,4
01HPYDY63527CGHS936W2GPBS8,7/11/2023,lsedworthcm@tuttocitta.it,Les,Sedworth,5 Gerald Plaza,France,Tshirt,Large,1
01HPYDY637FFKJ9232QWKXRBDN,5/12/2023,kgillamcn@google.it,Kit,Gillam,7482 Stuart Plaza,Canada,Shorts,X-Large,2
01HPYDY639N5EF8SMMBNX9EPTS,5/21/2023,gfishbourneco@ask.com,Griffith,Fishbourne,89319 Towne Junction,France,Hoody,X-Large,3
01HPYDY63C12VYGC75CDS8GSQ8,9/29/2023,chuckcp@un.org,Cordy,Huck,1 Loftsgordon Way,Italy,Tshirt,X-Large,3
01HPYDY63ECAC53QDB55ZVSKSY,8/3/2023,tsymondscq@naver.com,Tedda,Symonds,51 Oriole Court,France,Hoody,Medium,1
01HPYDY63HQY4AF196PVWF1P3R,3/19/2023,pswindencr@alibaba.com,Pinchas,Swinden,48789 Eagan Junction,Sweden,Tshirt,XX-Large,1
01HPYDY63MB9D9B16P6WVBFFZ0,7/22/2023,ecowlardcs@amazon.com,Ericka,Cowlard,38 Dexter Park,Norway,Tshirt,XX-Large,1
01HPYDY63NC907E49H4HBK1N8A,11/5/2023,ableythinct@admin.ch,Alyda,Bleythin,26370 Wayridge Center,Brazil,Jacket,X-Large,4
01HPYDY63RATVH39T8R0WCSCKP,6/14/2023,skillerbycu@t-online.de,Sam,Killerby,14419 Laurel Parkway,France,Tshirt,Large,3
01HPYDY63SSTDW2A1WKVN2V9Z2,9/22/2023,jjarrettcv@gmpg.org,Jean,Jarrett,449 Rusk Trail,France,Hat,Large,3
01HPYDY63V1XRFD0YPF3X33NR9,1/9/2023,thitschkecw@hibu.com,Thurston,Hitschke,9 Northridge Center,Peru,Tshirt,Medium,1
01HPYDY63WHNFVAMP17ZW38P59,9/8/2023,bzavattiericx@harvard.edu,Brit,Zavattieri,1 Farragut Park,Brazil,Tshirt,Medium,2
01HPYDY63XXYK8Q3T3NYQ3MJK5,11/4/2023,gcanecy@google.co.uk,Grannie,Cane,8 Garrison Drive,United States,Hoody,Small,1
01HPYDY63YPZZEC6NFYMK0KNW0,8/1/2023,iflintoffecz@google.co.uk,Izak,Flintoffe,7454 Dennis Plaza,Brazil,Jacket,Medium,3
01HPYDY640Z0E46BGM2FTGCNM7,12/16/2023,amutterd0@earthlink.net,Annecorinne,Mutter,22485 Muir Lane,Sweden,Tshirt,X-Large,4
01HPYDY6414FDQV6F1GPYV7YPD,9/28/2023,lbockmand1@barnesandnoble.com,Lazar,Bockman,6598 Marcy Trail,Canada,Shorts,X-Large,1
01HPYDY642FWKD04A9VS7D9HXM,1/17/2023,fszymonowiczd2@constantcontact.com,Fallon,Szymonowicz,66 Grover Crossing,Brazil,Scarf,Large,2
01HPYDY644DYQ15PCK9J60WNQG,1/2/2023,eschildd3@wp.com,Eartha,Schild,1 Hoard Alley,Canada,Hoody,Medium,3
01HPYDY646WJSCFPXGJ5V7V5GX,3/2/2023,fliccardod4@vimeo.com,Fancy,Liccardo,550 Delaware Terrace,United States,Gloves,Medium,3
01HPYDY648RQV3SFR711MCF8X1,8/26/2023,escoond5@earthlink.net,Emmalynne,Scoon,1481 Annamark Trail,Chile,Hoody,Large,2
01HPYDY649FETMJVE13T3QGEM7,3/26/2023,smidgelyd6@state.gov,Selma,Midgely,913 Brickson Park Junction,Sweden,Shorts,Medium,3
01HPYDY64BGX2R0J13274ZHKA7,8/3/2023,sbetjemand7@360.cn,Sloan,Betjeman,6293 Surrey Park,Chile,Sweater,XX-Large,1
01HPYDY64CSMS3TG19NCTTPR66,5/12/2023,hbattistad8@mozilla.org,Hanna,Battista,4473 Sherman Pass,Argentina,Sweater,Medium,2
01HPYDY64DPJMY2B6QYND3Q6EM,1/29/2023,tjoneyd9@google.ca,Tommi,Joney,1 Moland Point,United States,Jacket,Large,1
01HPYDY64EXDHFPF5NPYZ40KYZ,10/23/2023,tsimlada@gov.uk,Tucky,Simla,1844 David Place,Bosnia and Herzegovina,Hoody,Small,1
01HPYDY64GHZ60MQFQYKPPE6BZ,3/3/2023,jlacedb@craigslist.org,Jere,Lace,43717 Coolidge Hill,Sweden,Hoody,Medium,2
01HPYDY64HNPS6YDSWHDASA326,9/20/2023,bmillsdc@berkeley.edu,Burke,Mills,5948 Pankratz Plaza,United States,Scarf,Medium,2
01HPYDY64KVVRBDQ6S9VYGWE07,10/7/2023,aguppeydd@woothemes.com,Aubree,Guppey,94388 Ridgeview Junction,Sweden,Jacket,Large,1
01HPYDY64MPM45160SJWHZBV7E,10/1/2023,nhymorde@apple.com,Nathalia,Hymor,40930 Steensland Terrace,Brazil,Tshirt,Large,1
01HPYDY64PPB234PSETDXH7N0V,6/6/2023,jzorerdf@facebook.com,Juline,Zorer,8097 Loftsgordon Junction,France,Tshirt,Small,4
01HPYDY64QX71E3F3M4ZDEJVDD,3/29/2023,kdrejerdg@networkadvertising.org,Kaitlyn,Drejer,27 Stang Alley,Brazil,Gloves,Medium,3
01HPYDY64SWXD3R42H6YYA1PQB,7/30/2023,rgorssedh@sina.com.cn,Rozanna,Gorsse,2340 Miller Crossing,Brazil,Tshirt,Small,4
01HPYDY64TB1XEW8HECZFMAZZ3,5/8/2023,gbazeleydi@is.gd,Gloriana,Bazeley,7863 Holy Cross Way,Nigeria,Hat,Medium,4
01HPYDY64VSR3YAMSGAXREJ89E,9/11/2023,bdaniauddj@twitter.com,Budd,Daniaud,63 Miller Lane,Sweden,Sweater,Large,4
01HPYDY64XYZ1BW9VAFYF22PRH,10/24/2023,chayerdk@dedecms.com,Clem,Hayer,960 Talmadge Court,Sweden,Tshirt,X-Large,4
01HPYDY64YXKVZ7ER9VMQBDPC6,7/7/2023,bziemedl@sciencedaily.com,Brenna,Zieme,5953 Lighthouse Bay Plaza,Canada,Hoody,Large,3
01HPYDY64Z0DBJ9EV0SEY83QGA,11/5/2023,rbabbagedm@phpbb.com,Reade,Babbage,809 Bonner Lane,Spain,Sweater,Medium,4
01HPYDY650XF7FSXTYZX69ZG73,8/24/2023,tseallydn@ustream.tv,Terese,Seally,5 Northridge Way,Brazil,Tshirt,Medium,1
01HPYDY65143KTDTD04NWBPXVC,2/20/2023,avantdo@trellian.com,Annmarie,Vant,5977 Merrick Plaza,Brazil,Tshirt,XX-Large,1
01HPYDY653Q4PQ80A4W7V8B582,3/15/2023,hklemmtdp@blogspot.com,Halley,Klemmt,81651 Lindbergh Crossing,Brazil,Hoody,X-Large,2
01HPYDY6542XWKBETZAH3GSFXY,7/30/2023,mghiriardellidq@wired.com,Myrtia,Ghiriardelli,91365 Sunfield Center,Sweden,Shorts,Small,2
01HPYDY6553KJ3TDBNS3XFDYBN,12/12/2023,ccallwaydr@elpais.com,Chas,Callway,42 Loomis Court,France,Hoody,X-Large,4
01HPYDY656THXEMPG4ZMZRBMFY,3/20/2023,dlehrleds@taobao.com,Dehlia,Lehrle,15900 North Center,Nigeria,Shorts,Medium,3
01HPYDY658RKFDCQZF67M0XZQJ,1/11/2023,hdequinceydt@nps.gov,Hollis,de Quincey,82233 Laurel Terrace,Canada,Gloves,Medium,2
01HPYDY6597KETTAD6XE4GZEEZ,5/11/2023,asmithermandu@netlog.com,Aimee,Smitherman,35 Eagle Crest Plaza,United States,Hat,XX-Large,4
01HPYDY65ARN4BYYB7DX6KC8YT,7/21/2023,mmilkinsdv@dot.gov,Mandel,Milkins,15 Crowley Crossing,Nigeria,Hoody,X-Large,4
01HPYDY65BHHVT6KKM8QZCQRGD,1/30/2023,hjozefiakdw@alibaba.com,Hilde,Jozefiak,53465 Westend Hill,Nigeria,Hoody,Large,4
01HPYDY65DPWB99PE2RY49E1NY,9/8/2023,langeldx@nsw.gov.au,Lyon,Angel,9084 Waxwing Parkway,France,Shorts,Medium,3
01HPYDY65EMPYHSCYAQ2VNYYR8,5/4/2023,schoatdy@bloglines.com,Stormy,Choat,68 Surrey Hill,Chile,Sweater,Medium,2
01HPYDY65F9JDMVA258CK91D12,8/25/2023,vsantusdz@quantcast.com,Viviene,Santus,11471 High Crossing Circle,Ireland,Hoody,Medium,1
01HPYDY65GGWG2QVMWFCKVPANZ,10/6/2023,kwynrehamee0@ed.gov,Kermy,Wynrehame,00988 Londonderry Avenue,Nigeria,Hoody,Small,1
01HPYDY65J52ECSV0NSYXTGDXV,9/7/2023,cbackshalle1@wikia.com,Carol,Backshall,4051 Westport Street,Canada,Scarf,Small,2
01HPYDY65KNHTW8P8074H1R8ZM,12/11/2023,cduckete2@salon.com,Caspar,Ducket,5647 Truax Road,Brazil,Tshirt,Medium,3
01HPYDY65MA103G05QS7YV6JV4,2/27/2023,mhenrysone3@ow.ly,Melosa,Henryson,0 Westerfield Pass,Bosnia and Herzegovina,Gloves,Medium,3
01HPYDY65N70K0DFMZBAGYDRGG,10/29/2023,ablaese4@youtu.be,Ania,Blaes,4910 Bluejay Road,Brazil,Shorts,Medium,2
01HPYDY65QQK8HHTGX9Q7370K3,4/13/2023,mconstante5@hatena.ne.jp,Matthaeus,Constant,2670 Morning Circle,Peru,Tshirt,Medium,2
01HPYDY65RWMJ1DHBS3QCVKMDM,6/30/2023,bedriche6@reverbnation.com,Bentlee,Edrich,3506 Reindahl Circle,Brazil,Tshirt,X-Large,1
01HPYDY65SH0RSKR4DXNASTJXA,4/2/2023,eallwrighte7@berkeley.edu,Evangeline,Allwright,043 Pennsylvania Junction,Nigeria,Hat,Small,4
01HPYDY65TKKX5D1D0VHFRYAJ1,12/8/2023,posmunde8@utexas.edu,Petr,Osmund,56032 Alpine Center,Nigeria,Hoody,X-Large,4
01HPYDY65VJDJ783ARY0FVB8DW,1/14/2023,rblamirese9@geocities.com,Regine,Blamires,2525 Marcy Parkway,Peru,Tshirt,Medium,3
01HPYDY65XQ4DKPG80XR2V4D9T,4/28/2023,maddisea@cbsnews.com,Milton,Addis,29088 Loftsgordon Terrace,Sweden,Scarf,XX-Large,3
01HPYDY65Y9E8Z97DSPAXAWH9R,5/3/2023,gemsoneb@java.com,Gina,Emson,9716 Crowley Parkway,France,Sweater,X-Large,1
01HPYDY65Z7AAAYNEX5GMND4ZY,9/3/2023,hmillhillec@imageshack.us,Hughie,Millhill,85 Springs Terrace,Canada,Gloves,X-Large,2
01HPYDY6614N4JEMDN0RMHP8VA,6/3/2023,mcahilled@mapy.cz,Mendie,Cahill,8 South Parkway,Germany,Hat,Medium,3
01HPYDY6626DV08QWYNBCSM2CC,6/16/2023,sjosefsohnee@oakley.com,Sarah,Josefsohn,7 Stang Hill,United States,Tshirt,Small,4
01HPYDY663KMBPA91F3VK994R6,5/10/2023,mwenningtonef@addthis.com,Marne,Wennington,83 Oakridge Street,Nigeria,Hoody,Medium,1
01HPYDY665PZAY17TG0199QQZV,3/6/2023,jtruelockeg@discuz.net,Jean,Truelock,27702 Superior Plaza,France,Tshirt,X-Large,4
01HPYDY666X3QVE06YRBC3W0H0,4/18/2023,wsnoddyeh@networksolutions.com,Wilbur,Snoddy,29 Toban Pass,Brazil,Hat,Large,4
01HPYDY667YXD59THFCYZJXM0P,3/23/2023,bsegerei@cisco.com,Benny,Seger,5530 Algoma Terrace,Argentina,Hoody,XX-Large,2
01HPYDY669QW0HWZ6GGAA3DHVB,8/27/2023,ddobbinsej@apple.com,Dukey,Dobbins,92 Swallow Alley,Brazil,Jacket,Small,1
01HPYDY66CJZXDVCQZAAJ3SG8W,2/8/2023,khebdenek@dion.ne.jp,Kaleena,Hebden,68 Rusk Point,Sweden,Hoody,Medium,4
01HPYDY66D1B77B4KG7FE2C45D,5/23/2023,dmcwhorterel@hubpages.com,Dore,McWhorter,28382 Bellgrove Place,Canada,Scarf,Medium,3
01HPYDY66E26ZWBEV37KW525ZH,6/6/2023,traithem@biglobe.ne.jp,Tommy,Raith,01183 Fallview Avenue,United States,Hoody,Large,2
01HPYDY66GM8K60HD0237TPBY9,5/1/2023,czealen@printfriendly.com,Cherie,Zeal,7217 Prairieview Alley,Argentina,Hoody,Large,3
01HPYDY66KC4DRW0SPA3MN12J3,9/8/2023,apellamonuteneo@g.co,Alethea,Pellamonuten,8882 Donald Alley,Sweden,Tshirt,X-Large,2
01HPYDY66NZ6RCB6H751XE2TC2,3/3/2023,idomeniciep@ow.ly,Ivy,Domenici,744 Knutson Terrace,Brazil,Tshirt,Small,3
01HPYDY66RNZ9EGYWCG8J72X2N,12/5/2023,lgraveteq@buzzfeed.com,Lise,Gravet,26 Everett Center,Brazil,Tshirt,Large,2
01HPYDY66T77A9WM5JW4VV59Z8,10/11/2023,ldifranceschier@squidoo.com,Lemmy,Di Franceschi,946 Anhalt Street,Argentina,Jacket,X-Large,1
01HPYDY66XMK8P2TQEYCWMXZQH,3/22/2023,kleiferes@fotki.com,Kienan,Leifer,218 Marcy Junction,Norway,Hoody,XX-Large,2
01HPYDY66Z6DTGRE2QR4TS2RSV,11/29/2023,loflavertyet@bloglovin.com,Lorrie,O'Flaverty,46683 Delladonna Crossing,Sweden,Scarf,Medium,1
01HPYDY67268BQAX1R2XHRAH9N,12/17/2023,mpallenteu@myspace.com,Maddie,Pallent,527 Macpherson Terrace,Uruguay,Hoody,X-Large,1
01HPYDY6751SNAWEXFK15XF1F0,6/4/2023,nlarmorev@businessinsider.com,Nara,Larmor,56 Menomonie Parkway,Peru,Shorts,Small,1
01HPYDY6770RG5A0FXCK1E04XP,4/20/2023,cropeew@harvard.edu,Caesar,Rope,29 Waxwing Drive,Brazil,Hoody,Medium,3
01HPYDY67AVX02TGAE7FRD56Y7,3/17/2023,acuffeex@rambler.ru,Ashlin,Cuffe,92 Victoria Center,Brazil,Scarf,Medium,4
01HPYDY67DCXVC2EFZEW622CKC,1/31/2023,ngargettey@godaddy.com,Northrup,Gargett,7 Crowley Junction,Brazil,Scarf,Large,3
01HPYDY67GN1X5FPJHC16683D2,10/10/2023,gfinnisez@google.com.au,Gregg,Finnis,9062 Northridge Hill,Brazil,Shorts,X-Large,2
01HPYDY67JJ1Y6GCJZXP73A2GA,10/6/2023,dstephenf0@earthlink.net,Dorie,Stephen,2 Annamark Crossing,Canada,Tshirt,Medium,3
01HPYDY67NHJP7HGCEJRWMTW1R,10/5/2023,rmacellarf1@google.com.au,Raquel,Macellar,52817 Vernon Avenue,United Kingdom,Tshirt,XX-Large,2
01HPYDY67RY1PZ4VNF6PXDH2J6,12/16/2023,bbohlmannf2@omniture.com,Bertha,Bohlmann,1395 Gerald Plaza,Canada,Jacket,X-Large,4
01HPYDY67VV9Z0NXSQXZ6JEW44,12/28/2023,rgislebertf3@comsenz.com,Rudie,Gislebert,079 Clove Plaza,United States,Tshirt,X-Large,2
01HPYDY67YA5K5EPVDVDXF8GS2,3/10/2023,kblamiresf4@hibu.com,Kipp,Blamires,352 Arapahoe Plaza,France,Tshirt,Medium,1
01HPYDY681YF4CTXJW6D68JAT5,2/25/2023,cfoxenf5@engadget.com,Cody,Foxen,57335 Dorton Center,Peru,Tshirt,Medium,3
01HPYDY683D1WYQFT64G31XQG4,12/16/2023,fkummerlowef6@dedecms.com,Francois,Kummerlowe,49 Quincy Alley,France,Scarf,Medium,4
01HPYDY686Y2Z9PW786MBXCF7N,12/5/2023,kmeatesf7@chron.com,Kalli,Meates,166 Hermina Hill,Sweden,Shorts,Medium,3
01HPYDY688P29KK6QEA8K2WV6G,11/10/2023,dsnalomf8@trellian.com,Deva,Snalom,32 Northview Place,France,Hoody,XX-Large,3
01HPYDY68BC0PMMP60QHDXVEC5,5/4/2023,faizlewoodf9@apache.org,Fancie,Aizlewood,8 Hudson Street,Uruguay,Hat,XX-Large,3
01HPYDY68EQE4CCC56JV1TEJ6B,12/19/2023,oackeryfa@intel.com,Oswald,Ackery,5274 Ryan Court,Sweden,Hoody,Large,1
01HPYDY68H4MWV25VKVP79HWX4,1/4/2023,gbendittfb@oaic.gov.au,Griz,Benditt,34446 Thierer Point,Bosnia and Herzegovina,Hat,Large,1
01HPYDY68MZYX7MEWX8BKYQ9E6,7/15/2023,tibbitsonfc@gnu.org,Taddeusz,Ibbitson,2 Novick Center,Brazil,Tshirt,Small,2
01HPYDY68Q6T925STFTMCX6D3X,5/11/2023,ctschiraschefd@ebay.co.uk,Connor,Tschirasche,868 Bellgrove Alley,Brazil,Hoody,XX-Large,3
01HPYDY68TYAXN914YXEQXRKXJ,11/17/2023,kgaylardfe@aboutads.info,Kiah,Gaylard,4 Sage Road,Argentina,Tshirt,Medium,3
01HPYDY68XX53Z9NGAZ8NVCSGQ,2/20/2023,ecronkshawff@prweb.com,Egbert,Cronkshaw,370 Loftsgordon Trail,Nigeria,Tshirt,Medium,2
01HPYDY68ZZQFM4KCKXDM6MSA2,3/12/2023,khatlifffg@lycos.com,Kara-lynn,Hatliff,3138 4th Lane,France,Tshirt,XX-Large,2
01HPYDY692ARQJMVJV5KMJX20S,5/28/2023,dfaulknerfh@cdbaby.com,Dodi,Faulkner,9791 Anniversary Crossing,Ireland,Hoody,Large,1
01HPYDY6949RQR7YQ1R5NCFSHY,12/26/2023,pdarmodyfi@mozilla.com,Peadar,Darmody,1 Aberg Alley,Sweden,Tshirt,Small,3
01HPYDY697QSTFZD52XBVB63PA,6/17/2023,aferdinandfj@nyu.edu,Austin,Ferdinand,911 Monument Parkway,France,Sweater,Large,3
01HPYDY699RX7DZRBTD329XWCE,10/5/2023,acrossfk@businessweek.com,Alfonse,Cross,5867 School Place,Brazil,Tshirt,Large,3
01HPYDY69CGFRC4NVXP71A86P1,4/5/2023,ckeydenfl@irs.gov,Cori,Keyden,58 Bayside Trail,Norway,Tshirt,Medium,1
01HPYDY69ECG14QCZX8FJ1EXZJ,4/10/2023,olongmeadfm@comsenz.com,Olly,Longmead,711 Emmet Crossing,France,Hoody,Medium,3
01HPYDY69H7FVTGMGRVFV8VR5W,10/20/2023,aminchellfn@cnn.com,Andi,Minchell,400 Packers Park,Brazil,Shorts,Large,2
01HPYDY69MFYV537WNF6SZ8ZSS,7/4/2023,fwhistlecroftfo@cyberchimps.com,Fletch,Whistlecroft,98251 Hintze Crossing,Brazil,Tshirt,X-Large,3
01HPYDY69QF7AXFRF0D3P5XB4S,3/30/2023,jmaingotfp@blogs.com,Jacklin,Maingot,7433 Columbus Lane,Spain,Sweater,X-Large,3
01HPYDY69TX8KP118MYSFVAFBB,7/23/2023,chardemanfq@amazon.co.uk,Corny,Hardeman,116 Starling Drive,Argentina,Scarf,Large,2
01HPYDY69XGP9YJKSG5C1NFQAS,7/29/2023,fgrassickfr@home.pl,Fifi,Grassick,30819 Sage Trail,France,Shorts,Medium,2
01HPYDY6A0CR3V67QB7A62MKKQ,6/15/2023,nkoppefs@de.vu,Norbie,Koppe,067 Mccormick Junction,Brazil,Hoody,Medium,2
01HPYDY6A3PCSXMZW0VRR33WV4,8/21/2023,esnassellft@virginia.edu,Enriqueta,Snassell,3 Weeping Birch Alley,Argentina,Hoody,Large,4
01HPYDY6A6NW7J95MNSZ4HT4TG,6/23/2023,trenouffu@sfgate.com,Timmie,Renouf,68064 Nevada Alley,France,Shorts,Large,4
01HPYDY6A9E69S42TBNNRQD792,7/25/2023,kokennedyfv@devhub.com,Kristy,O'Kennedy,40 Namekagon Crossing,France,Hoody,Medium,2
01HPYDY6AAD47DZZ43R6S4TNCN,12/17/2023,mtenbrugfw@mac.com,Mel,Tenbrug,01061 Algoma Junction,Peru,Shorts,Large,2
01HPYDY6ACNKKFNMZYRE0G97WQ,4/5/2023,cjandafx@cloudflare.com,Cosetta,Janda,316 Hauk Circle,United States,Hoody,XX-Large,3
01HPYDY6AEVQMC6AMSNZXJEN0S,9/21/2023,cgoodboddyfy@accuweather.com,Casar,Goodboddy,70 Maple Lane,Canada,Hoody,Large,4
01HPYDY6AF7YG2WS1ZHQYGF36N,12/25/2023,dsiggefz@lycos.com,Darryl,Sigge,3051 Farwell Avenue,Sweden,Scarf,Medium,2
01HPYDY6AJ7J6FHF2V6AJ7355H,6/11/2023,jofearguiseg0@gmpg.org,Jess,O'Fearguise,15 Dixon Drive,France,Sweater,Large,2
01HPYDY6AMKFVHSE82ZS6JFH8X,7/7/2023,imaestrinig1@sitemeter.com,Ingelbert,Maestrini,7405 Esker Pass,Bosnia and Herzegovina,Jacket,Large,1
01HPYDY6APJ8SCVB662BPY8YMY,6/30/2023,kspowageg2@360.cn,Konstanze,Spowage,87350 Burning Wood Place,Uruguay,Hoody,XX-Large,1
01HPYDY6ASJWMA5N80352B2H5C,3/7/2023,rinoldg3@businesswire.com,Rand,Inold,5 South Way,Sweden,Tshirt,Large,3
01HPYDY6AVCNF6AD5J72AT2XHS,10/26/2023,jtilmouthg4@trellian.com,Jere,Tilmouth,70508 Corben Crossing,France,Tshirt,X-Large,4
01HPYDY6AXTNSHVYP5HHGHJSCZ,10/3/2023,sfennellyg5@vistaprint.com,Seamus,Fennelly,7756 Hanover Terrace,United States,Hoody,X-Large,2
01HPYDY6AZEZVFZR8MYAJS97FD,2/11/2023,bbrieng6@marriott.com,Brandi,Brien,096 Continental Drive,France,Sweater,XX-Large,3
01HPYDY6B1KT87PPRQK3PA6Q5X,2/8/2023,kwaddamsg7@sfgate.com,Kev,Waddams,1232 Melvin Street,Brazil,Shorts,Medium,1
01HPYDY6B35HYHRGAW9215V2K5,3/31/2023,cbaldoccig8@engadget.com,Charles,Baldocci,73349 Eagan Terrace,France,Gloves,X-Large,3
01HPYDY6B6X758G1V1RSF6X9D7,10/30/2023,kdoorlyg9@cdc.gov,Kliment,Doorly,699 Paget Place,Sweden,Tshirt,Medium,1
01HPYDY6B82KCYHFVZWWVPJE42,1/7/2023,bkermottga@theguardian.com,Bibby,Kermott,9 Cardinal Avenue,Sweden,Hoody,Medium,3
01HPYDY6BAMH554CWWP6TH3SX9,3/31/2023,lnesterovgb@forbes.com,Lewiss,Nesterov,9 Maywood Junction,United States,Tshirt,Large,2
01HPYDY6BDHY795153FQJ8Z70F,5/27/2023,kohingertygc@rambler.ru,Karlan,O'Hingerty,85938 Northview Point,Peru,Hoody,Medium,4
01HPYDY6BG2KRYEXREJFWNNXR7,7/7/2023,bpillansgd@xrea.com,Brita,Pillans,5 Acker Drive,Sweden,Scarf,Small,1
01HPYDY6BJ2HB5A10CDS7ZAQ3D,8/19/2023,dworvellge@amazon.de,Dody,Worvell,272 Darwin Place,United States,Scarf,XX-Large,2
01HPYDY6BKSBK3ZGDC8CHSBY8M,7/29/2023,nhamlingf@admin.ch,Nonna,Hamlin,73 Elgar Junction,Brazil,Shorts,Small,4
01HPYDY6BNAKHFT5486A8BHNB3,6/25/2023,sdrewsgg@pbs.org,Sayre,Drews,762 Lunder Point,Sweden,Shorts,Small,4
01HPYDY6BRESP1T6HBBJJ19DWZ,12/4/2023,raspinellgh@chronoengine.com,Rich,Aspinell,2914 Graedel Crossing,Brazil,Gloves,X-Large,1
01HPYDY6BTP8NJAA8SHY6PMK78,2/4/2023,emacelroygi@blogs.com,Ethelda,MacElroy,2 Kim Trail,Sweden,Sweater,Small,1
01HPYDY6BW56NJHTYSHVD8EAAR,2/23/2023,tdugangj@creativecommons.org,Timofei,Dugan,550 Killdeer Street,France,Jacket,XX-Large,2
01HPYDY6BZBWPYEGZVK3AQ8A5B,10/5/2023,nstockneygk@npr.org,Nichole,Stockney,060 Leroy Court,France,Tshirt,Large,4
01HPYDY6C1BF3RMTBWDWK83H5R,7/21/2023,gbartolinigl@bandcamp.com,Gusta,Bartolini,51387 Randy Place,United States,Tshirt,XX-Large,2
01HPYDY6C45FYMW56FTN86DSR4,2/6/2023,dstothertgm@netvibes.com,Dicky,Stothert,94 Sunfield Center,France,Tshirt,Medium,1
01HPYDY6C6ES8510BP1RQ7M511,11/17/2023,gsavellgn@addtoany.com,Garnette,Savell,3742 Grover Plaza,United States,Hat,Medium,1
01HPYDY6C98X5TJMT5QMCKHGK7,11/25/2023,fcutmarego@ehow.com,Faydra,Cutmare,6803 Texas Way,Brazil,Tshirt,Small,2
01HPYDY6CBXK52YZ1GT7C1A0X9,6/17/2023,ggrishanovgp@admin.ch,Gwen,Grishanov,26559 Pleasure Circle,Peru,Tshirt,Large,3
01HPYDY6CEM5E0PQ1S4M7VM062,6/4/2023,sdarlestongq@mtv.com,Sheilah,Darleston,6360 Algoma Road,France,Sweater,XX-Large,3
01HPYDY6CHTG039FCXWJBQ5KC1,6/9/2023,fbaumegr@yellowbook.com,Fedora,Baume,7 Doe Crossing Park,Nigeria,Tshirt,X-Large,3
01HPYDY6CKBXR761BTZW1H851Z,12/2/2023,ibozworthgs@alexa.com,Ingrid,Bozworth,15 Duke Hill,Nigeria,Hoody,Large,3
01HPYDY6CN0783AVK81KXVHNR9,9/7/2023,ewaldiegt@usda.gov,Eustace,Waldie,05 Spaight Circle,Brazil,Gloves,XX-Large,3
01HPYDY6CQ6Z7SGDWWPDGJA3JC,2/28/2023,psarfatgu@aol.com,Pattin,Sarfat,4 Anniversary Pass,Canada,Hoody,Large,1
01HPYDY6CSH6DG8GC09G34ZZTY,7/9/2023,mferreirogv@apache.org,Mada,Ferreiro,36194 Kingsford Alley,United States,Tshirt,Medium,4
01HPYDY6CVA1FD4GQT9QRR170C,6/26/2023,mbarrattgw@bbc.co.uk,Merridie,Barratt,8437 Annamark Plaza,Brazil,Sweater,Small,1
01HPYDY6CXG8BMJYVG6RYNA273,9/28/2023,fseagoodgx@state.gov,Flynn,Seagood,0 Independence Junction,United States,Hoody,Large,3
01HPYDY6CZ665JHNKPYP1Y7GS6,8/2/2023,rjakogy@howstuffworks.com,Rafaello,Jako,46 Nevada Trail,Brazil,Scarf,X-Large,4
01HPYDY6D26DBCG328SNGTZJM3,4/18/2023,gnestlegz@marriott.com,Gav,Nestle,5 Russell Pass,United States,Tshirt,XX-Large,2
01HPYDY6D4B8KQQ0RB9D1AVR8N,9/15/2023,mmawneh0@slashdot.org,Madeleine,Mawne,6438 Sutherland Hill,Canada,Tshirt,Small,4
01HPYDY6D6PH3MPF339B8NWYQV,7/14/2023,cdemseyh1@archive.org,Cinnamon,Demsey,9 Sycamore Court,Canada,Scarf,Large,2
01HPYDY6D88QYYV2AHZDXRK31G,8/31/2023,fcreesh2@ameblo.jp,Fred,Crees,21307 Columbus Alley,Peru,Tshirt,Medium,2
01HPYDY6DA6SH71TBP0B85A8WG,10/23/2023,wferranth3@t-online.de,Waylon,Ferrant,7669 Welch Pass,Brazil,Sweater,Medium,1
01HPYDY6DCA2PDMR3Z0VMDFK8H,10/18/2023,cmaryotth4@fc2.com,Conny,Maryott,67776 Fuller Plaza,Sweden,Scarf,Large,1
01HPYDY6DEV5TF728X1V6T6AJG,10/13/2023,jpottleh5@nytimes.com,Jeremiah,Pottle,65 Ronald Regan Road,Ireland,Scarf,Medium,3
01HPYDY6DGV8VZ6X59ZGKWDY3P,3/14/2023,keickhoffh6@ed.gov,Kearney,Eickhoff,81 Karstens Point,Peru,Scarf,Small,3
01HPYDY6DJ1ACHRT6R51W5AHRS,5/10/2023,bdunksh7@facebook.com,Barbaraanne,Dunks,751 Eastwood Hill,Uruguay,Sweater,Large,1
01HPYDY6DMPDXGKBQ2STVC5QDP,7/29/2023,kleereh8@nymag.com,Koral,Leere,603 Waubesa Parkway,France,Hat,Small,2
01HPYDY6DP7FJ0EJDB2QR9NKEA,11/14/2023,dpickerinh9@vinaora.com,Desiree,Pickerin,7 Kenwood Avenue,Brazil,Sweater,Large,3
01HPYDY6DS0JS5QCCE7QADB9AT,2/26/2023,bclinningha@exblog.jp,Bron,Clinning,9 Kinsman Parkway,France,Tshirt,Medium,1
01HPYDY6DVJ18DGKF8PKYB4MYP,12/3/2023,emanthahb@mozilla.org,Elfrieda,Mantha,117 Hallows Park,Brazil,Tshirt,Medium,1
01HPYDY6DXXBV644X1N4Q35B9V,5/18/2023,ggillhc@vimeo.com,Georgianne,Gill,016 Erie Street,Brazil,Tshirt,Medium,1
01HPYDY6DZE7J806M7AY5T7B5Y,10/9/2023,lcammoilehd@japanpost.jp,Lawrence,Cammoile,14998 Green Ridge Park,Peru,Hoody,XX-Large,4
01HPYDY6E1EX3W4YYWS6VP17H5,7/6/2023,tcheatlehe@ifeng.com,Teddie,Cheatle,2 Lakeland Avenue,Nigeria,Hoody,X-Large,3
01HPYDY6E4CZZ7FRJSXN9D44PW,10/4/2023,sastupenashf@netscape.com,Selie,Astupenas,83 Memorial Park,Brazil,Sweater,Medium,4
01HPYDY6E7713PZ2CS7Q6EAMC4,7/28/2023,lmulchronehg@xing.com,Lothaire,Mulchrone,13 Lien Alley,United States,Tshirt,Medium,4
01HPYDY6E9YZVW4CRQQGBFT85P,7/13/2023,kpavierhh@ft.com,Kinnie,Pavier,14913 Raven Alley,Argentina,Tshirt,Small,4
01HPYDY6EB8ABTMEGHD8JPSN7S,7/29/2023,bruddimanhi@sourceforge.net,Bertrand,Ruddiman,60 Nelson Hill,Sweden,Gloves,Small,2
01HPYDY6EEMPVN4AFMV14DQ7A6,4/28/2023,frhodushj@hostgator.com,Farlay,Rhodus,08 East Point,Nigeria,Hoody,X-Large,4
01HPYDY6EGBSQQ2TR1SCH55AJS,8/13/2023,gburgotthk@illinois.edu,Glenine,Burgott,71 Grim Drive,Peru,Hoody,XX-Large,1
01HPYDY6EKBQ344FA5RXN2NXCS,3/7/2023,hpierceyhl@theglobeandmail.com,Hersh,Piercey,757 Paget Drive,Germany,Hoody,Medium,3
01HPYDY6EN751FZZC3WQQQVCFA,4/15/2023,slascelleshm@g.co,Sanson,Lascelles,45949 Sutteridge Way,France,Tshirt,X-Large,1
01HPYDY6EPGFYQ8HGSXFE9YP5G,6/5/2023,gmacquirehn@amazonaws.com,Godfry,Macquire,2 Bay Alley,Canada,Hat,X-Large,1
01HPYDY6EQK28AS4T6VJ4QCYHW,11/29/2023,ecampoho@myspace.com,Emalee,Campo,444 Garrison Lane,United States,Tshirt,Small,4
01HPYDY6ESSZFSVMRBXXV8VWN4,4/8/2023,pmacfaulhp@cam.ac.uk,Pepita,MacFaul,472 Paget Lane,Brazil,Gloves,Large,1
01HPYDY6ETNBS4F9XQ9PX6XWXZ,4/22/2023,mandrzejowskihq@fema.gov,Mariska,Andrzejowski,6859 Garrison Hill,Peru,Sweater,X-Large,1
01HPYDY6EVF0RH6F8CN8YSHEMQ,8/24/2023,bgouldebyhr@usda.gov,Beatrix,Gouldeby,88 Northland Drive,United States,Hoody,Medium,3
01HPYDY6EYK3Z0TC8D0EPG1D5N,3/20/2023,kskedgellhs@123-reg.co.uk,Kristofor,Skedgell,36 Hollow Ridge Lane,Brazil,Shorts,XX-Large,3
01HPYDY6F1V9FF7TMSNS29DZCK,6/16/2023,pwillesht@dmoz.org,Philippine,Willes,3 Del Sol Street,France,Hoody,XX-Large,4
01HPYDY6F47W6MD76Z7YJ1R9CX,10/10/2023,yasplehu@wiley.com,Yehudi,Asple,8 Waubesa Road,France,Tshirt,XX-Large,3
01HPYDY6F7QW2X5BVDXR1QXNFN,4/25/2023,rszymonihv@dropbox.com,Ruby,Szymoni,35708 Lindbergh Hill,Norway,Shorts,Medium,4
01HPYDY6F9YSV878AB6VQHG7JF,3/15/2023,hyurevichhw@bigcartel.com,Hillery,Yurevich,1 Elmside Way,United States,Scarf,Small,3
01HPYDY6FC36D370JC8J09XBDD,10/7/2023,hfahertyhx@businessinsider.com,Hyacintha,Faherty,7 Annamark Terrace,Brazil,Scarf,X-Large,2
01HPYDY6FF82064YDK89FSEESE,4/18/2023,egullefordhy@aol.com,Ermengarde,Gulleford,02842 Badeau Pass,Canada,Gloves,Medium,2
01HPYDY6FJRF7QQ4CYT4ZZ9D0J,7/10/2023,iallbrookhz@flavors.me,Ignace,Allbrook,0638 Iowa Road,Germany,Hoody,Large,3
01HPYDY6FNP2CDMCC68NWHS3Z2,8/14/2023,storricellai0@miibeian.gov.cn,Sallee,Torricella,3 Norway Maple Parkway,France,Hoody,Medium,2
01HPYDY6FRCWJDBVFDDFB5M6K1,6/14/2023,thindhaughi1@fotki.com,Timmie,Hindhaugh,93 Lighthouse Bay Plaza,Brazil,Shorts,X-Large,4
01HPYDY6FT81WVJBK3PTWT3RHC,1/17/2023,jridingsi2@exblog.jp,Janeen,Ridings,66 John Wall Park,Germany,Gloves,Small,4
01HPYDY6FWCC51PQFQENDH398M,4/3/2023,jcootei3@prlog.org,Jessalyn,Coote,734 Petterle Avenue,Brazil,Jacket,Medium,3
01HPYDY6FYZWX283B9F58KHBCJ,3/26/2023,dskillingi4@oaic.gov.au,Dagmar,Skilling,94825 Marquette Parkway,Chile,Tshirt,Large,2
01HPYDY6G0V4D2VVEWW1TTXNMG,1/17/2023,amcalindoni5@fc2.com,Anabal,McAlindon,575 Grasskamp Alley,Peru,Tshirt,Medium,1
01HPYDY6G3A5SQF4S1YKFE90FN,3/23/2023,mpiroueti6@sciencedaily.com,Markos,Pirouet,7371 Blaine Avenue,Brazil,Tshirt,XX-Large,3
01HPYDY6G61ACJMNF9X7MC14PS,7/26/2023,smccliffertyi7@ucla.edu,Sherrie,McClifferty,82056 Tony Drive,France,Jacket,Large,4
01HPYDY6G90PC82CSFCT34FMTC,2/18/2023,mhemmingwayi8@bandcamp.com,Molli,Hemmingway,62406 Oakridge Lane,Brazil,Hoody,Medium,1
01HPYDY6GBNGXKHXAWB7AD7G24,5/14/2023,ddelacostei9@admin.ch,Delbert,Delacoste,69 Colorado Road,France,Tshirt,Medium,1
01HPYDY6GEHFNV87H1EQTYTQ0C,2/8/2023,ngrinvalia@apache.org,Normy,Grinval,66074 Menomonie Terrace,United States,Tshirt,XX-Large,4
01HPYDY6GGZT30FH2WKDSF0BTZ,11/8/2023,nmcffadenib@ebay.co.uk,Nathanil,McFfaden,0 Brown Place,Peru,Hoody,Medium,1
01HPYDY6GK0MZ8A7N01J515XWE,8/16/2023,jbeszantic@tuttocitta.it,Jobina,Beszant,19 4th Crossing,Sweden,Tshirt,Medium,4
01HPYDY6GN4RZ7VBXH0P2H8JG0,12/5/2023,ckilfederid@webmd.com,Ceciley,Kilfeder,8176 Blaine Circle,France,Tshirt,Small,3
01HPYDY6GQ3BB4QE6BS0V9MCP5,8/5/2023,missardie@xrea.com,Milly,Issard,23 Service Avenue,Peru,Jacket,Large,3
01HPYDY6GSZ8XZ1VQ47FFNDHC6,3/16/2023,pwranklingif@slashdot.org,Pauletta,Wrankling,777 Brickson Park Trail,Brazil,Sweater,Small,3
01HPYDY6GVPYQMC7PWSQ9PP7XJ,3/13/2023,mnellenig@wsj.com,Merrick,Nellen,9 Nevada Parkway,Switzerland,Jacket,Large,1
01HPYDY6GWYJ0CXR7AR6040NX8,5/20/2023,tdigbyih@dailymotion.com,Towney,Digby,345 Boyd Avenue,United States,Shorts,X-Large,2
01HPYDY6GYW5A1EKE29X1BA6FX,10/26/2023,swessingii@gnu.org,Stevie,Wessing,09891 Sauthoff Parkway,Brazil,Scarf,Large,3
01HPYDY6H057DNQCEEZ8HWF3Q6,2/11/2023,mhuishij@time.com,Marchall,Huish,28275 John Wall Park,Brazil,Hoody,Large,4
01HPYDY6H14B4D3SDXXR8YZ5TE,11/9/2023,scollicottik@woothemes.com,Scarlet,Collicott,627 Forest Run Trail,Nigeria,Tshirt,XX-Large,4
01HPYDY6H2VYHZTN87FPJ156AQ,12/19/2023,eaceil@aol.com,Evey,Ace,6 La Follette Plaza,Brazil,Gloves,Medium,1
01HPYDY6H3EFPM2FFF12MCGQWH,5/14/2023,aroggerim@biblegateway.com,Anselm,Rogger,60 Pepper Wood Plaza,United States,Shorts,Medium,3
01HPYDY6H5YY5S210X8NHDCHSA,2/18/2023,srollinshawin@va.gov,Skelly,Rollinshaw,39744 Macpherson Place,Uruguay,Tshirt,Medium,3
01HPYDY6H6JC1R9R5MS5GDB8ZB,8/14/2023,mmatzelio@toplist.cz,Meridith,Matzel,44257 Logan Court,Argentina,Hat,Medium,1
01HPYDY6H82SXE7TEQJYV27GR9,5/27/2023,fullockip@edublogs.org,Fredericka,Ullock,627 Summer Ridge Road,Norway,Sweater,XX-Large,2
01HPYDY6HAC9J63W6ZT6ZJ9TVP,1/9/2023,plomondiq@weebly.com,Pauletta,Lomond,7471 Hermina Lane,France,Gloves,Large,3
01HPYDY6HC3MXHZP4YWN73M27N,8/9/2023,vdunnettir@cocolog-nifty.com,Vite,Dunnett,77 Ridge Oak Way,Brazil,Tshirt,Small,4
01HPYDY6HDKZABHFZYXTSYMDYC,10/3/2023,lthompsettis@printfriendly.com,Lotte,Thompsett,5836 Mallard Parkway,Ireland,Tshirt,XX-Large,1
01HPYDY6HFSTEY84NBPQA5956C,12/24/2023,gtobyit@disqus.com,Garwin,Toby,441 Heath Plaza,Sweden,Tshirt,Small,3
01HPYDY6HGR19WYX9X7P9QQ057,9/13/2023,dtrittamiu@goo.gl,Daniella,Trittam,8 Lighthouse Bay Drive,Peru,Tshirt,Large,2
01HPYDY6HHG40ZVJN2FGH57ERV,6/14/2023,gspriggingiv@weebly.com,Gertrude,Sprigging,54442 Swallow Place,Brazil,Hat,XX-Large,2
01HPYDY6HJEJAGK5BQHZB1D63Y,7/17/2023,mbrooseiw@geocities.jp,Murial,Broose,9067 Buhler Parkway,Brazil,Shorts,Large,3
01HPYDY6HKBD3BVSQDX92ZZYRJ,5/27/2023,emoylesix@tinyurl.com,Emalia,Moyles,16226 American Ash Crossing,Brazil,Tshirt,XX-Large,4
01HPYDY6HNFY7YR0MF3FRHTT6W,2/22/2023,glongeaiy@ucoz.com,Georgine,Longea,7838 Vera Avenue,Canada,Sweater,XX-Large,4
01HPYDY6HPZ6390XY3503V31H7,2/12/2023,jkarpeeviz@xrea.com,Juliann,Karpeev,1 Heath Circle,United States,Tshirt,X-Large,1
01HPYDY6HR9Y4A7S9FCF8MB7SE,11/20/2023,jgrigsonj0@cafepress.com,Juliette,Grigson,40739 Sunfield Terrace,Ireland,Tshirt,Medium,4
01HPYDY6HSC7D2XXKRV14HZH4G,1/17/2023,htranmerj1@mapy.cz,Hyacintha,Tranmer,77098 Ramsey Center,Sweden,Scarf,Medium,2
01HPYDY6HTMKNV88XR47SF15F2,12/9/2023,adominguezj2@cdc.gov,Aridatha,Dominguez,4 Annamark Circle,Brazil,Tshirt,Medium,1
01HPYDY6HX5KYT0DAJPA1B1B4H,6/10/2023,ksheraj3@globo.com,Kelsi,Shera,0884 Scofield Lane,Sweden,Hat,Medium,2
01HPYDY6J0GK4XTK35R1HDADZT,4/21/2023,ckoppelj4@imgur.com,Charmion,Koppel,32010 Mendota Way,Peru,Shorts,Medium,4
01HPYDY6J2FB08BPATTSJ77051,2/9/2023,dspaldingj5@intel.com,Dora,Spalding,4 3rd Pass,France,Tshirt,Large,2
01HPYDY6J449EGADJRR4JSR8B2,5/5/2023,odunphiej6@apple.com,Oralla,Dunphie,2 Tony Junction,Brazil,Tshirt,Large,3
01HPYDY6J7CCJZE01KTPK0DPQ2,8/5/2023,mfitzmauricej7@yellowbook.com,Munroe,Fitzmaurice,7290 Warbler Street,Brazil,Hat,Large,2
01HPYDY6JAMPCASDDV0TPWFJAJ,7/7/2023,gmalkinsonj8@seesaa.net,Grata,Malkinson,350 Cottonwood Court,Sweden,Hoody,Medium,2
01HPYDY6JCRRK08J31ZK0VD3T4,12/20/2023,tdenverj9@reverbnation.com,Tawnya,Denver,435 Gateway Plaza,United States,Tshirt,Medium,3
01HPYDY6JF1PVE6PB7ZDDPAJAB,10/16/2023,nwinmanja@marriott.com,Niko,Winman,1 Weeping Birch Way,Brazil,Tshirt,X-Large,3
01HPYDY6JJ4GXHGFPRJ4AZNZVZ,5/12/2023,bnouryjb@china.com.cn,Bancroft,Noury,3 Daystar Place,Canada,Tshirt,Medium,1
01HPYDY6JNY63NW1WV3NH6VKX9,10/4/2023,cmorenajc@sina.com.cn,Carny,Morena,652 Thackeray Point,Bosnia and Herzegovina,Tshirt,Small,2
01HPYDY6JR1P3JVPC9KZGZPEBD,2/21/2023,keustanchjd@bravesites.com,Kettie,Eustanch,90 Eastlawn Road,Argentina,Tshirt,Small,1
01HPYDY6JV0SNS57HC9CH8M2X4,5/14/2023,dyeomansje@dropbox.com,Doe,Yeomans,59 Jenna Alley,Nigeria,Scarf,Large,1
01HPYDY6JYHB5JD8HJT8CBCHB2,8/22/2023,broperjf@usnews.com,Bert,Roper,29194 Di Loreto Plaza,Nigeria,Shorts,Medium,4
01HPYDY6K15HPVYP5MJ3804ZJJ,7/22/2023,sbiggansjg@clickbank.net,Sissy,Biggans,37 Pond Court,Sweden,Shorts,Large,3
01HPYDY6K3YG2DXPWVVQ27SS4N,5/13/2023,hdavidofskijh@dagondesign.com,Herculie,Davidofski,852 Miller Plaza,France,Scarf,Large,1
01HPYDY6K52MZ6WY86VWD2KC8B,8/22/2023,sattewellji@instagram.com,Sloan,Attewell,2764 Evergreen Terrace,France,Tshirt,Medium,4
01HPYDY6K8HSSXSX8HAYRGA347,11/26/2023,ldumbartonjj@princeton.edu,Luther,Dumbarton,5 Heffernan Crossing,Brazil,Scarf,Medium,2
01HPYDY6KBRWJNEXMH1P0XHQJY,11/5/2023,pchampleyjk@printfriendly.com,Phillida,Champley,31 Surrey Pass,Brazil,Scarf,Medium,4
01HPYDY6KE3EN7862E864QVWDK,6/27/2023,kmcgeaneyjl@yahoo.com,Kale,McGeaney,192 Portage Trail,Chile,Shorts,X-Large,2
01HPYDY6KH1796HEEP86Y1BERS,9/9/2023,oknottjm@time.com,Oneida,Knott,8342 Westridge Hill,Spain,Tshirt,X-Large,4
01HPYDY6KM41VBSDV0S2VQ317Z,1/30/2023,kbusfieldjn@surveymonkey.com,Kyle,Busfield,9 Vera Parkway,Brazil,Hoody,Medium,1
01HPYDY6KPP1V2NJKCY9EWW0FD,8/10/2023,psyredjo@bandcamp.com,Pennie,Syred,25569 Londonderry Pass,France,Sweater,Small,3
01HPYDY6KTHEYM59CR2QKNKWN0,8/28/2023,aalbanyjp@free.fr,Abey,Albany,755 Sycamore Pass,Peru,Hoody,Medium,4
01HPYDY6KXXP8QYG5N6RQ0EGRM,8/26/2023,acroxleyjq@csmonitor.com,Ab,Croxley,0441 Grover Junction,Argentina,Hat,Large,1
01HPYDY6KZE584C8RCGH9KWA0G,8/25/2023,llangmeadjr@pbs.org,Lanita,Langmead,5 Westridge Alley,Canada,Sweater,Large,3
01HPYDY6M2YW2T4AWHSZRKJMZ0,10/10/2023,mforsdickejs@google.com.hk,Malcolm,Forsdicke,3939 Goodland Lane,Peru,Shorts,Large,2
01HPYDY6M51GQ6HB2803QADBDN,4/18/2023,bbailejt@hc360.com,Bryn,Baile,56083 Longview Terrace,Sweden,Sweater,Large,2
01HPYDY6M8488J82C0X6CTZ11M,3/29/2023,bshavesju@dyndns.org,Beck,Shaves,3 Upham Park,Brazil,Scarf,Large,4
01HPYDY6MB9C1KM0XX8GFQTB7E,2/10/2023,zfaderjv@pinterest.com,Zeke,Fader,390 Gale Crossing,Chile,Hoody,Small,3
01HPYDY6MD95P0HH73CWYW4R1R,2/5/2023,alindselljw@delicious.com,Annabelle,Lindsell,55010 Melody Trail,Canada,Hoody,Medium,2
01HPYDY6MGWXZSHNWVSVP21ZHN,10/29/2023,lcokejx@boston.com,Lea,Coke,79 Carpenter Place,United States,Sweater,Large,1
01HPYDY6MNG5BPS544CC8QVZCX,8/7/2023,emcnellyjy@aboutads.info,Ephrayim,McNelly,1402 Little Fleur Center,Brazil,Shorts,Medium,3
01HPYDY6MRMQWANR5FY5QZKFWQ,2/19/2023,bpuffettjz@tuttocitta.it,Bar,Puffett,16 Mockingbird Circle,Sweden,Hat,Large,3
01HPYDY6MTM7EKD9ZF825KQCS1,11/2/2023,jducarnek0@twitpic.com,Jamaal,Ducarne,67 Little Fleur Place,United States,Hoody,X-Large,2
01HPYDY6MXWV1Y55QS0V281V2H,7/1/2023,ndjakovick1@boston.com,Norina,Djakovic,76 Homewood Street,Chile,Hoody,Large,4
01HPYDY6N0KBK3BF5NDYXS5WAV,1/15/2023,kwillemank2@jiathis.com,Kele,Willeman,84262 Algoma Point,Spain,Gloves,Medium,4
01HPYDY6N2CMB4VDX5SVCPZBSB,6/23/2023,ekibbek3@mediafire.com,Elmer,Kibbe,1 Troy Parkway,United States,Tshirt,XX-Large,1
01HPYDY6N5X485ZA2GQ9G9672D,4/28/2023,ekewzickk4@shop-pro.jp,Edik,Kewzick,037 Clove Point,Peru,Sweater,Large,4
01HPYDY6N8EH8D91V8S14YZ942,6/4/2023,cseelbachk5@joomla.org,Cynthy,Seelbach,658 Mesta Point,Uruguay,Shorts,Medium,3
01HPYDY6NAAWRPA877SETE2BCV,4/12/2023,tlaughrenk6@forbes.com,Tracy,Laughren,7 Donald Alley,Peru,Hoody,Medium,1
01HPYDY6NDVMCERMJXB6NWAG82,3/18/2023,ymouatk7@stumbleupon.com,Yard,Mouat,7 Arapahoe Street,Brazil,Tshirt,Medium,1
01HPYDY6NGTVD4YM5SNQGWXJHN,11/19/2023,rsaggk8@cbc.ca,Roberto,Sagg,8769 Cascade Center,France,Hoody,Medium,4
01HPYDY6NK4Q7F77AH1AMM854R,12/28/2023,czorzettik9@gov.uk,Corabella,Zorzetti,08 Texas Avenue,Sweden,Jacket,XX-Large,3
01HPYDY6NP4JEDTWX5W2JWFSBM,7/3/2023,dvaggeska@prweb.com,Dasie,Vagges,5633 Sachs Alley,Uganda,Sweater,XX-Large,3
01HPYDY6NSMHBNKNWDR56TSPC1,10/18/2023,paxtenkb@statcounter.com,Phyllida,Axten,40378 Cordelia Alley,Sweden,Scarf,Medium,1
01HPYDY6NV1PJMNNDP2M4T0442,10/12/2023,ccostanzakc@yellowpages.com,Cornelle,Costanza,960 Longview Crossing,Sweden,Tshirt,Large,3
01HPYDY6NY4XAVRYT14E5QXX83,4/8/2023,nzimmermannskd@cnet.com,Nessa,Zimmermanns,39 Tony Way,Germany,Gloves,Large,3
01HPYDY6P1DZH46HF1XBA5FRBX,8/28/2023,mathyke@howstuffworks.com,Mandel,Athy,5696 Springs Park,Argentina,Jacket,Small,2
01HPYDY6P4Y6SE0K11X0RVNWQS,10/23/2023,cschechterkf@topsy.com,Charlotta,Schechter,5356 Almo Parkway,Spain,Tshirt,X-Large,2
01HPYDY6P7QME30JNM9JQMYZ9F,7/5/2023,sarndellkg@bravesites.com,Spense,Arndell,32246 Fordem Park,Sweden,Jacket,XX-Large,2
01HPYDY6PA6GB3K76449YM8B70,11/21/2023,fanyonkh@pbs.org,Far,Anyon,5581 Union Junction,France,Sweater,X-Large,4
01HPYDY6PD1NSKB7SCV59NRMWA,6/18/2023,gbenzaki@marketwatch.com,Giraldo,Benza,74 Prentice Way,Brazil,Hoody,Medium,3
01HPYDY6PGET55P5AFW8Q55JS8,3/30/2023,afliggkj@blogtalkradio.com,Andrea,Fligg,27021 Reindahl Circle,United States,Sweater,Medium,2
01HPYDY6PKRG34B3B922VA5V9J,8/20/2023,ibottrellkk@reddit.com,Isiahi,Bottrell,675 Surrey Center,Canada,Sweater,X-Large,2
01HPYDY6PPKGSFSTMY27N6TQNN,6/12/2023,amartinhokl@japanpost.jp,Alfie,Martinho,4 Charing Cross Parkway,Bosnia and Herzegovina,Sweater,XX-Large,4
01HPYDY6PT0QWV0CVAQ0MAVNC6,6/6/2023,bbloomfieldkm@php.net,Bentley,Bloomfield,015 8th Drive,Canada,Tshirt,X-Large,1
01HPYDY6PWTYDMDB2525PYF7EH,4/7/2023,vcowapkn@drupal.org,Virgina,Cowap,819 Thackeray Street,Sweden,Scarf,XX-Large,2
01HPYDY6Q0XREJTECNAB5BF2G9,6/4/2023,kgehringerko@nydailynews.com,Kirsti,Gehringer,0 Mifflin Circle,Italy,Shorts,Large,4
01HPYDY6Q2HABZK7CPKGR7B2WB,10/24/2023,sekekp@liveinternet.ru,Shannen,Eke,67 Marquette Junction,United States,Tshirt,XX-Large,2
01HPYDY6Q4YARRQJ1ZXGG4FYD6,6/6/2023,thollyarkq@cnet.com,Tybi,Hollyar,3 Kropf Plaza,Argentina,Sweater,Small,1
01HPYDY6Q7CSZ31A32PBA8Q0TH,1/22/2023,kragbornekr@nasa.gov,Kendre,Ragborne,558 Northland Way,Ireland,Shorts,Large,4
01HPYDY6Q9MYP1NGV7V8YX2E6Y,9/29/2023,dguillotonks@smh.com.au,Darleen,Guilloton,224 Lillian Court,Brazil,Tshirt,Large,3
01HPYDY6QBQ1VX57FHS0TC1285,3/25/2023,alummuskt@privacy.gov.au,Ange,Lummus,06 Packers Parkway,United States,Tshirt,Large,1
01HPYDY6QEQAFY8BRR3QNED0GE,1/25/2023,ndorieku@kickstarter.com,Nikola,Dorie,63 Emmet Crossing,France,Scarf,Medium,4
01HPYDY6QG3WHKF49TAMEJKE7Z,5/8/2023,mmumbraykv@fc2.com,Melisande,Mumbray,15 Muir Park,Brazil,Tshirt,XX-Large,1
01HPYDY6QKTR0DZV8KQVVJBR45,5/11/2023,harseykw@adobe.com,Hashim,Arsey,73 Debs Parkway,United States,Scarf,Medium,4
01HPYDY6QPVQXNW7F12P2FHH2S,10/6/2023,sbassetkx@elegantthemes.com,Sansone,Basset,72687 Blackbird Park,United States,Hoody,X-Large,4
01HPYDY6QSZP9B56KY91453FTX,3/9/2023,bcoenraetsky@psu.edu,Barnabas,Coenraets,53 Mallory Avenue,Peru,Jacket,X-Large,2
01HPYDY6QW1SBPGJ1ADFVVPEAJ,2/4/2023,pgaudenkz@arizona.edu,Persis,Gauden,86603 Bluestem Center,Spain,Shorts,X-Large,2
01HPYDY6QZT4N1BR0VGT7XF0TZ,4/20/2023,bbowlasl0@i2i.jp,Bibbie,Bowlas,7440 Anzinger Alley,Brazil,Jacket,Medium,2
01HPYDY6R1TZ5K84PR42B1KWVJ,3/30/2023,vbickerdikel1@cargocollective.com,Valaria,Bickerdike,01363 Leroy Drive,France,Hat,X-Large,1
01HPYDY6R4GC1XSF4C7NYHR84E,8/19/2023,tbampkinl2@studiopress.com,Tillie,Bampkin,1 Charing Cross Crossing,Uruguay,Shorts,Medium,3
01HPYDY6R6K3RWYKFMHVG8C1ZH,11/10/2023,rkienll3@a8.net,Rosmunda,Kienl,24 Luster Trail,Brazil,Hoody,Medium,3
01HPYDY6R8Q56NEMDZW83AH96S,9/2/2023,hbrammerl4@usatoday.com,Hyacinthia,Brammer,46 Kropf Center,Brazil,Hoody,Large,3
01HPYDY6RB5A6EQ7970WXEHPKK,8/9/2023,dstarmerl5@netscape.com,Dulce,Starmer,009 Cordelia Junction,Argentina,Jacket,Medium,2
01HPYDY6RD53QG1PR40817R7PR,8/28/2023,sdunsl6@godaddy.com,Shaylynn,Duns,33705 Glacier Hill Place,France,Tshirt,XX-Large,4
01HPYDY6RFX6W1BH6Z44793VXR,10/28/2023,mormondel7@scribd.com,Manda,Ormonde,2819 Hoepker Terrace,Sweden,Scarf,Small,4
01HPYDY6RHC5SZ54HHXTV9J276,7/10/2023,gkidwelll8@hp.com,Gertruda,Kidwell,2 Mesta Alley,Canada,Jacket,XX-Large,2
01HPYDY6RM8JPQQYJP4TGQDRRS,8/26/2023,kfarnonl9@naver.com,Kettie,Farnon,5604 Merrick Road,Brazil,Hat,Large,4
01HPYDY6RRWEFANE3DC8HQ9XAJ,4/6/2023,epenkmanla@tuttocitta.it,Elfie,Penkman,6 Muir Crossing,Brazil,Gloves,Medium,3
01HPYDY6RVQYH0B5BHH6EJ7631,9/4/2023,rhurkettlb@prweb.com,Roze,Hurkett,3 Brown Parkway,Brazil,Scarf,X-Large,2
01HPYDY6RYGPAXTZZ70KH9BRNW,9/6/2023,cmarchilc@homestead.com,Carter,Marchi,810 Eastwood Pass,United States,Shorts,Medium,3
01HPYDY6S0D674GMTK1QD9CRW9,8/2/2023,sclowsld@shinystat.com,Sheff,Clows,100 Truax Junction,United States,Sweater,XX-Large,3
01HPYDY6S3G1QN1R234MB3W8G1,2/4/2023,tbardwallle@a8.net,Tatiana,Bardwall,33 Bunker Hill Parkway,United States,Gloves,X-Large,4
01HPYDY6S6NXCBCVDNKGD1BQ41,1/29/2023,remmisonlf@ovh.net,Ronnie,Emmison,414 Algoma Pass,Sweden,Shorts,Medium,1
01HPYDY6S95XNPB1HA88Z3PXBD,5/11/2023,mwilsonelg@stumbleupon.com,Minni,Wilsone,244 Haas Lane,France,Sweater,Medium,4
01HPYDY6SCKTCQAKDHQK2WGM5E,7/2/2023,ebeldumlh@last.fm,Ellswerth,Beldum,94 Northfield Park,France,Tshirt,Large,1
01HPYDY6SG9NFWQP6F9B08PNN2,1/29/2023,dterbruggenli@blinklist.com,Domeniga,Terbruggen,54 Michigan Park,Brazil,Hat,Medium,1
01HPYDY6SKBK3B53K1Z5Y7FCF4,2/15/2023,sswindleslj@mashable.com,Shay,Swindles,941 Hayes Plaza,Norway,Scarf,Medium,2
01HPYDY6SPVWHG40SBM1NA1ZMG,10/24/2023,pmingetlk@patch.com,Pippy,Minget,91714 Grasskamp Junction,United States,Sweater,Large,4
01HPYDY6SRTKE4HNA04DH4ZEBA,5/11/2023,kbudcockll@linkedin.com,Kinnie,Budcock,43909 Anhalt Road,Brazil,Hat,Medium,3
01HPYDY6SVQP6K3V3T7PKQ6ZHS,1/13/2023,nfarnanlm@barnesandnoble.com,Niki,Farnan,8486 Golf Course Alley,Argentina,Jacket,Large,3
01HPYDY6SX3G5WFZEW3PV8551T,6/18/2023,mmalthusln@seesaa.net,Morten,Malthus,9 Ramsey Junction,Canada,Sweater,Medium,3
01HPYDY6SZ6F2B5ZH2Q7E0NRTP,11/23/2023,nvowdenlo@wix.com,Nisse,Vowden,6007 Rusk Hill,Sweden,Tshirt,Medium,1
01HPYDY6T2D0T2MS03PDWQ6MJN,5/31/2023,rdearsleylp@nymag.com,Ronalda,Dearsley,26 Brown Drive,France,Hoody,XX-Large,2
01HPYDY6T5C3XMZ0KWGQ0JP33N,1/27/2023,fcostelloelq@cam.ac.uk,Fayina,Costelloe,3992 Dayton Drive,Sweden,Shorts,Large,1
01HPYDY6T86G89FRAD8DYBX3KF,8/14/2023,bkemerlr@posterous.com,Bruce,Kemer,56792 Packers Trail,Uganda,Hoody,X-Large,1
01HPYDY6TB1JR8E8G03S1Q1S17,6/22/2023,snickolesls@constantcontact.com,Susana,Nickoles,681 Coleman Hill,United States,Shorts,Large,3
01HPYDY6TE1DQH3F5V09P730MP,11/10/2023,gpeskettlt@wisc.edu,Gustavus,Peskett,4 Hintze Court,Peru,Hoody,Medium,3
01HPYDY6THQPKX1VCJ8V1CSRBF,1/8/2023,oreddellu@nyu.edu,Olin,Reddel,97 Banding Pass,Uruguay,Tshirt,Large,4
01HPYDY6TMZDB237CS4YRZDJDQ,11/11/2023,jswinnertonlv@princeton.edu,Joey,Swinnerton,40703 Manufacturers Park,Brazil,Shorts,XX-Large,1
01HPYDY6TP3R8A2NA3EQ9DM7CV,7/18/2023,mzuanazzilw@telegraph.co.uk,Marthe,Zuanazzi,617 Hayes Plaza,France,Gloves,Medium,2
01HPYDY6TRHN88QXZ30QMVYA9P,8/16/2023,lharrissonlx@soup.io,Lucina,Harrisson,77 High Crossing Terrace,Ireland,Hat,Medium,2
01HPYDY6TV9C7C5DNHTMFJ9QWC,9/23/2023,ebeekely@sakura.ne.jp,Elicia,Beeke,9 Derek Road,Brazil,Gloves,X-Large,4
01HPYDY6TXJYCT7BSAD1V41MJJ,9/23/2023,abrimmacombelz@e-recht24.de,Amye,Brimmacombe,097 Amoth Road,United States,Scarf,Medium,4
01HPYDY6V064E89S9WD6KD12RJ,10/16/2023,nogianym0@archive.org,Nessa,O'Giany,30 Stang Road,Brazil,Scarf,Medium,2
01HPYDY6V2Z8GT5B9EBVP9HPDB,10/18/2023,jcantim1@yahoo.com,Jennilee,Canti,90578 Susan Plaza,Ireland,Tshirt,Large,2
01HPYDY6V5KEXB671VGRW1TNCF,2/11/2023,hsollandm2@patch.com,Haydon,Solland,7639 Logan Court,Brazil,Tshirt,Medium,4
01HPYDY6V8ACP3C1PENTZY26EG,7/18/2023,rcouserm3@ihg.com,Revkah,Couser,1 Prairieview Junction,Brazil,Tshirt,XX-Large,4
01HPYDY6VBH8Y0W37X1EATWGQJ,11/30/2023,pblockwellm4@studiopress.com,Peggi,Blockwell,18297 Calypso Hill,United States,Tshirt,Small,2
01HPYDY6VEP5DFHKDTP05BVF80,7/8/2023,mbernardetm5@com.com,Merwyn,Bernardet,1 Butternut Pass,Sweden,Shorts,Medium,3
01HPYDY6VGTXZX57XNVQWA8VT9,10/18/2023,amycroftm6@jugem.jp,Aarika,Mycroft,43 Annamark Point,Sweden,Tshirt,Medium,2
01HPYDY6VK4XJE3SBNYK1DMG8N,12/16/2023,gkilmurrym7@redcross.org,Giacomo,Kilmurry,2 Twin Pines Hill,France,Tshirt,Medium,2
01HPYDY6VNE7N8F6MPHNZ3XNY8,10/31/2023,earonsteinm8@pinterest.com,Emilio,Aronstein,82592 Chive Center,Sweden,Hoody,Medium,4
01HPYDY6VQXBZEBD1TG04C63ZC,9/30/2023,edikesm9@ebay.com,Erasmus,Dikes,9 Sutteridge Crossing,Switzerland,Hoody,Large,4
01HPYDY6VSHDHGWFPKMTEWAHPM,7/20/2023,dcannamma@studiopress.com,Daphene,Cannam,7638 Cherokee Way,Peru,Jacket,X-Large,3
01HPYDY6VV6MTNMYCDEEG0T825,10/29/2023,hmassimimb@theatlantic.com,Hestia,Massimi,460 Reinke Avenue,Canada,Tshirt,Medium,1
01HPYDY6VYYJ1ACWF2YGFMJE37,12/1/2023,naitkenmc@skype.com,Noah,Aitken,17526 Mcbride Road,France,Scarf,Medium,4
01HPYDY6W1R4NW7DJW70BWV0HV,10/3/2023,tfortunmd@imgur.com,Tiphani,Fortun,11861 Clemons Street,United States,Tshirt,XX-Large,2
01HPYDY6W3AM13WHAWKJQCRDW4,7/21/2023,bosheame@prnewswire.com,Bee,O' Shea,27 Autumn Leaf Court,Canada,Tshirt,XX-Large,3
01HPYDY6W6E4H1B18H1MHNEFWX,8/29/2023,svalentamf@soup.io,Shannan,Valenta,56327 Ludington Hill,Brazil,Hoody,Medium,3
01HPYDY6W960YDDRY9K35RT69E,4/26/2023,kworlingmg@bizjournals.com,Kerianne,Worling,0092 Amoth Trail,United States,Scarf,Medium,3
01HPYDY6WC3SCRDC6FHZAQMVFF,11/3/2023,eelgrammh@ebay.co.uk,Elinor,Elgram,713 East Way,Brazil,Scarf,Medium,4
01HPYDY6WEW4V8JHC3P35V8A14,6/16/2023,mhamillmi@examiner.com,Merci,Hamill,3 Mitchell Place,Sweden,Tshirt,Small,4
01HPYDY6WHJR7T08NJYTZ5AY90,3/22/2023,nwyleymj@microsoft.com,Nancey,Wyley,6 Northridge Road,France,Shorts,Small,3
01HPYDY6WK0M6DV91HAB06RF03,9/7/2023,gpacittimk@psu.edu,Georgette,Pacitti,207 Hovde Avenue,Sweden,Hoody,Large,1
01HPYDY6WPCX98BM2WRMD4XR60,3/28/2023,cwemml@blogs.com,Clarabelle,Wem,411 Bobwhite Parkway,Uruguay,Scarf,Large,4
01HPYDY6WS42F3F7V1F6BG60SH,1/24/2023,nmillimoemm@ning.com,Nil,Millimoe,8 Del Mar Road,Germany,Scarf,X-Large,3
01HPYDY6WWS9HX8RH0F41WEPR0,5/26/2023,npritchardmn@virginia.edu,Northrup,Pritchard,73352 Eagan Court,Brazil,Tshirt,Medium,3
01HPYDY6WZ6ME10KV67FRMTBV3,9/22/2023,amationmo@archive.org,Antonin,Mation,17 Crownhardt Drive,Canada,Hoody,Medium,4
01HPYDY6X2W43X917S45QMA4KT,10/9/2023,rsmithmp@yellowpages.com,Ruddie,Smith,9 Washington Pass,United States,Hoody,XX-Large,2
01HPYDY6X5ERVH4BQ9PP5MAGE0,7/24/2023,eszymonmq@ycombinator.com,Erwin,Szymon,46662 Daystar Pass,Sweden,Jacket,Medium,2
01HPYDY6X7FX2B4ZM4MWYXN5AD,2/27/2023,sneildmr@deviantart.com,Shadow,Neild,17084 Westridge Avenue,Italy,Hat,Large,4
01HPYDY6X9CCW4ES6V3Y9DJPD4,8/29/2023,dpickrellms@ft.com,Darrel,Pickrell,5 Onsgard Terrace,Canada,Hoody,Small,3
01HPYDY6XBGNF7HG2BF3MJ61GP,5/9/2023,labraminomt@pbs.org,Luis,Abramino,882 Rigney Circle,Brazil,Tshirt,Medium,4
01HPYDY6XCAFFF0K7SCDSVSPRQ,5/28/2023,alillimanmu@mozilla.org,Annaliese,Lilliman,9083 Haas Street,Canada,Hoody,Medium,4
01HPYDY6XDVER4X9S92Z710ZRY,2/21/2023,veborallmv@about.com,Valma,Eborall,3 Oakridge Center,Sweden,Tshirt,Large,1
01HPYDY6XEJWAEB101CFWRJBV0,3/9/2023,bjancarmw@jigsy.com,Barnaby,Jancar,827 Ludington Circle,Sweden,Scarf,X-Large,4
01HPYDY6XG2X855WR3AJ5NWG51,8/19/2023,komannionmx@npr.org,Kaia,O'Mannion,7709 Bay Way,Brazil,Shorts,Medium,3
01HPYDY6XJ3YAGN8WWTXA4YKG7,10/22/2023,cdennickmy@rambler.ru,Corey,Dennick,8553 Village Green Lane,Norway,Jacket,Medium,1
01HPYDY6XM0MMV0DSY9A7VEJ3E,1/31/2023,bpichemz@bbc.co.uk,Berry,Piche,2743 Stephen Way,Sweden,Scarf,Small,1
01HPYDY6XPFPTJ2PQ9SK68CN7R,6/23/2023,afitzpaynn0@who.int,Arlana,Fitzpayn,6301 Emmet Hill,Brazil,Shorts,Large,4
01HPYDY6XR6CW73NCC5SFA8MXA,3/26/2023,gzimekn1@newsvine.com,Goober,Zimek,877 Hollow Ridge Crossing,Sweden,Sweater,Large,3
01HPYDY6XTRRGKH0100NF6Q3SP,11/20/2023,walleynen2@blogs.com,Wenda,Alleyne,443 American Ash Parkway,Nigeria,Hat,Large,4
01HPYDY6XVGYXYMQ3F5AS3M4PH,9/26/2023,stendern3@google.de,Shoshanna,Tender,38 Pierstorff Parkway,Chile,Tshirt,Medium,1
01HPYDY6XXE9AC0NFNA9S07Z0Q,11/23/2023,ebougheyn4@usnews.com,Eleanore,Boughey,2 Harbort Point,Brazil,Scarf,Medium,1
01HPYDY6XZ5QGZRZ0N30V4C381,1/24/2023,smuirn5@shutterfly.com,Shanda,Muir,0 Truax Place,Canada,Sweater,Large,2
01HPYDY6Y2BEP9QRDNNR7TV79C,5/24/2023,acheyneyn6@youtu.be,Alberto,Cheyney,511 American Ash Hill,Brazil,Hoody,XX-Large,3
01HPYDY6YN0B22T1P6J9S7G3RD,8/4/2023,lbeersn7@photobucket.com,Liane,Beers,593 South Pass,Canada,Tshirt,Medium,2
01HPYDY6YP6GRQCQH1XRWT38F0,3/28/2023,aplaydenn8@mac.com,Amabel,Playden,1979 Forest Hill,United States,Hoody,Small,3
01HPYDY6YSQ3CP1JKWVC1ZC3D4,5/18/2023,msweatmann9@foxnews.com,Menard,Sweatman,38 Lyons Alley,Argentina,Sweater,Large,4
01HPYDY6YW4YY2AFSSZZ6X5NHV,1/22/2023,leddisonna@bigcartel.com,Leon,Eddison,0028 Melvin Hill,France,Tshirt,Large,2
01HPYDY6Z0R1AMJFCG2X2Q77EP,6/27/2023,zdarchnb@goo.gl,Zola,Darch,3060 Ruskin Road,United Kingdom,Hoody,Medium,4
01HPYDY6Z256WJKSEECK68N13J,12/12/2023,pflutenc@vimeo.com,Phyllida,Flute,400 Golf Terrace,Argentina,Tshirt,Medium,2
01HPYDY6Z5QZDZQTNQTKCR7SDY,2/24/2023,abellond@google.co.uk,Alley,Bello,0 Barby Avenue,Uruguay,Tshirt,Medium,2
01HPYDY6Z8XN40C3XCMJ6D2494,12/18/2023,cvillene@prlog.org,Claire,Ville,2069 Delladonna Road,France,Tshirt,XX-Large,1
01HPYDY6ZAF0GK5BSVGKVE49K6,11/30/2023,bmoorerudnf@un.org,Bronnie,Moorerud,791 Del Mar Point,United States,Gloves,Large,4
01HPYDY6ZBJHFQD71THF31FKKC,5/8/2023,wclucasng@aboutads.info,Wilhelmine,Clucas,67 Warner Park,Nigeria,Tshirt,XX-Large,2
01HPYDY6ZDQNMC57T1J9R375ZG,3/18/2023,cfullstonenh@alexa.com,Corbie,Fullstone,41725 Debra Center,France,Tshirt,Medium,1
01HPYDY6ZE2YWZ3QPRVD1VNEH3,7/28/2023,kgrindleni@twitter.com,Kerry,Grindle,051 Carioca Lane,Brazil,Hoody,Medium,4
01HPYDY6ZGNWJMGGK4J5E3J32D,10/4/2023,ajacoxnj@nydailynews.com,Avram,Jacox,61743 Prentice Crossing,Brazil,Hoody,X-Large,2
01HPYDY6ZH9JRH77RAPBH3KCXT,3/25/2023,mcaddienk@admin.ch,Malvin,Caddie,31481 Cody Plaza,France,Scarf,X-Large,4
01HPYDY6ZKNDFNMDVN9SY97FW0,5/11/2023,khanmorenl@facebook.com,Kort,Hanmore,6322 Waubesa Parkway,France,Gloves,X-Large,1
01HPYDY6ZMRXGRY6Y1FW2VRWGP,7/31/2023,bgosnoldnm@cornell.edu,Brenda,Gosnold,5227 Mallard Drive,Nigeria,Hat,Medium,3
01HPYDY6ZQFKD7S15DY4FGVMB7,1/28/2023,gwagnernn@fastcompany.com,Gabriel,Wagner,127 Golf Course Circle,Senegal,Shorts,X-Large,1
01HPYDY6ZTCA8VEV535DP4SWH7,11/4/2023,sbuchettno@altervista.org,Siouxie,Buchett,4 Meadow Vale Terrace,Sweden,Hat,Large,4
01HPYDY6ZXSNN9SNA2HHQ0VE19,6/19/2023,jrockliffenp@mit.edu,Joleen,Rockliffe,53196 Northwestern Alley,Nigeria,Jacket,X-Large,1
01HPYDY700R41M5KC55MRJW8KJ,1/24/2023,zgarriquenq@nih.gov,Zach,Garrique,10745 Luster Way,France,Sweater,Medium,4
01HPYDY7030ZYGS5CG9PQESVA5,8/16/2023,mdelafeldnr@google.co.uk,Maggie,De la Feld,87 Lake View Place,Brazil,Scarf,XX-Large,2
01HPYDY706QWGM3AGRGAW6MYPK,2/5/2023,dbowmakerns@flavors.me,Denis,Bowmaker,87 Namekagon Plaza,Brazil,Hoody,Medium,4
01HPYDY70AAGGSDBD0162F81Q0,7/21/2023,darnautnt@noaa.gov,Domenic,Arnaut,90 Merchant Circle,Peru,Hoody,XX-Large,4
01HPYDY70D9B3FTRAXABNHFVY8,11/5/2023,mharsesnu@twitter.com,Michel,Harses,917 Blaine Circle,United States,Hoody,Medium,2
01HPYDY70FHKMJPB8SGZCT2KGP,5/28/2023,sdagnannv@deviantart.com,Sallyanne,Dagnan,25130 Victoria Court,France,Scarf,Large,4
01HPYDY70J8H14AF76CP5X8B6E,1/18/2023,sdietschenw@umn.edu,Sindee,Dietsche,91577 Old Shore Alley,Canada,Hoody,Large,2
01HPYDY70NZABFVS566J91J4P7,4/25/2023,hsexonnx@histats.com,Hayden,Sexon,3853 Rockefeller Lane,Brazil,Gloves,XX-Large,1
01HPYDY70RRSA4C9S1CMCTWQ82,11/20/2023,lwiskerny@ifeng.com,Lorry,Wisker,12 Pond Pass,Peru,Shorts,X-Large,1
01HPYDY70VNSFKWFWNE2RZCX5P,1/15/2023,wkenwinnz@comcast.net,Walden,Kenwin,185 Mendota Circle,Sweden,Scarf,Medium,3
01HPYDY70Y1PQRM9R8PHC4KKAH,1/17/2023,cgartono0@diigo.com,Carmelita,Garton,630 7th Pass,Brazil,Tshirt,XX-Large,4
01HPYDY7106Z62MRBS7EQM7FTT,2/16/2023,taizikowitzo1@netscape.com,Teddie,Aizikowitz,02911 Duke Circle,Uruguay,Hoody,Large,4
01HPYDY713Y76YHX47VWT8FMEB,9/17/2023,brooneyo2@51.la,Benoit,Rooney,69069 Moland Drive,Canada,Sweater,Medium,2
01HPYDY7168RPVVK96C6GEQTDB,1/11/2023,echandlaro3@marketwatch.com,Evelin,Chandlar,250 Lawn Drive,France,Hat,Medium,1
01HPYDY719N4MERVFCKQ6P20CF,9/2/2023,lchipmano4@fc2.com,Lacey,Chipman,5 High Crossing Alley,Brazil,Hoody,Medium,3
01HPYDY71CYN1RE5JGMRA19HCC,11/14/2023,vhazeldeano5@examiner.com,Vinny,Hazeldean,1307 Oak Alley,France,Scarf,Large,3
01HPYDY71FCHBB1REDG4DTWR80,6/12/2023,kcodringtono6@friendfeed.com,Keith,Codrington,4121 Lakewood Gardens Terrace,Canada,Hoody,Medium,4
01HPYDY71GKGBA2G3P035CB33A,6/30/2023,kgoaneo7@biglobe.ne.jp,Kettie,Goane,69 Gale Junction,Brazil,Tshirt,Large,3
01HPYDY71JBMHSH74QZZDDGKZ7,12/28/2023,jwilkso8@businessinsider.com,Joyann,Wilks,2 Banding Alley,France,Tshirt,Large,2
01HPYDY71MK8NBC85QTY7HA2M6,2/18/2023,bforsytho9@shop-pro.jp,Bastien,Forsyth,605 Fisk Avenue,Brazil,Hat,Medium,4
01HPYDY71Q4YHAM7KXS6BXGXTK,1/13/2023,hcastagnassooa@shop-pro.jp,Hilary,Castagnasso,3572 Rieder Road,Canada,Hoody,Large,4
01HPYDY71SJKEATXBYQQN735DJ,4/26/2023,kshereob@live.com,Kelly,Shere,5 Kipling Pass,Brazil,Hoody,Medium,4
01HPYDY71WGNAAKS1HNJP38X9A,1/24/2023,sramasoc@symantec.com,Sosanna,Ramas,54801 Warrior Street,Sweden,Hoody,Medium,1
01HPYDY71ZAGMKAME7XWHT3YXH,7/8/2023,afearsod@huffingtonpost.com,Angie,Fears,9639 Hermina Street,France,Tshirt,Large,1
01HPYDY722BEP9M2M9V6W623FQ,12/22/2023,fhalladeyoe@shutterfly.com,Felike,Halladey,6 Brentwood Alley,Brazil,Sweater,Medium,4
01HPYDY725R0JACK0G0MSNYDJA,7/18/2023,xmccarlyof@biglobe.ne.jp,Xymenes,McCarly,5024 Warbler Hill,France,Tshirt,Medium,4
01HPYDY727YT7712K1AA8KKZ41,2/2/2023,vsenechaultog@pbs.org,Verina,Senechault,78877 Southridge Crossing,Brazil,Scarf,Medium,2
01HPYDY729VHK70D8NHFC6ZVCD,5/24/2023,jwaddingtonoh@loc.gov,Jany,Waddington,52858 Evergreen Avenue,Ireland,Sweater,Medium,3
01HPYDY72C7K9TP8SJDCVQNTAG,3/13/2023,tmaxwelloi@squarespace.com,Turner,Maxwell,705 Fieldstone Crossing,Sweden,Gloves,X-Large,2
01HPYDY72ENDCDTA9DKCDW2HPE,6/26/2023,tbrenstonoj@hubpages.com,Thayne,Brenston,22 Butterfield Alley,United States,Hoody,Small,4
01HPYDY72GXKWPP74W1V93RP2P,7/23/2023,ffyersok@europa.eu,Flinn,Fyers,56885 Park Meadow Drive,France,Hat,Small,2
01HPYDY72KE3WMT3TKNFMM5951,7/22/2023,mmaidstoneol@booking.com,Muriel,Maidstone,149 Anniversary Junction,Argentina,Jacket,Medium,2
01HPYDY72PGNFFVM4Y5JGDD3V4,8/19/2023,emackissackom@ox.ac.uk,Emmalee,MacKissack,571 Mendota Point,Peru,Sweater,XX-Large,4
01HPYDY72S68BPT3BEGN235FYJ,8/15/2023,htickon@guardian.co.uk,Hinze,Tick,3553 Elgar Road,Sweden,Hat,X-Large,4
01HPYDY72W0ZXPPMY7EFFCA8P9,8/17/2023,rkuzemkaoo@salon.com,Ree,Kuzemka,0393 Mifflin Point,Peru,Tshirt,Large,2
01HPYDY72Y1PACXQYSVB6EAEGT,5/5/2023,kkiddeop@pcworld.com,Kerwinn,Kidde,807 Gerald Pass,France,Jacket,Medium,1
01HPYDY7319KA8J6S3CYRCKWKP,6/1/2023,blilieoq@omniture.com,Baudoin,Lilie,79 Shoshone Park,United States,Hoody,X-Large,4
01HPYDY734QJB4QGVEVJNJB056,11/16/2023,kandrieuor@dedecms.com,Kizzee,Andrieu,666 Sullivan Drive,Brazil,Shorts,Large,2
01HPYDY737R9XPGRAVG3M1VHTP,11/1/2023,kclethroos@flavors.me,King,Clethro,618 Del Sol Avenue,Chile,Sweater,Large,3
01HPYDY739YWRNZ63JCJ4M3KJX,1/10/2023,khynsonot@t-online.de,Kerwin,Hynson,89337 Badeau Point,Brazil,Scarf,Medium,1
01HPYDY73CGYCDG59S5KYQCP15,12/2/2023,fgariffou@blogger.com,Ferrel,Gariff,9 Bluestem Place,Sweden,Tshirt,XX-Large,4
01HPYDY73F2TKE8ASTZ46MW3Q0,9/4/2023,orysdaleov@opensource.org,Odey,Rysdale,10688 Lakewood Gardens Center,Argentina,Gloves,Medium,2
01HPYDY73HG2EXV7G3C7EM23GT,4/5/2023,dreynerow@miibeian.gov.cn,Delores,Reyner,5 Eagan Junction,United States,Tshirt,XX-Large,1
01HPYDY73M45T67GMGX3ZZG9A0,10/20/2023,gdomanskiox@spiegel.de,Geri,Domanski,1014 Blaine Way,Chile,Tshirt,Medium,3
01HPYDY73QRDTQAYH8SJED4DTD,7/18/2023,wsaraoy@google.es,Willard,Sara,8080 Londonderry Lane,United States,Hat,Large,2
01HPYDY73S559HW4ZPKT8XEZ0B,7/28/2023,ealgyoz@xrea.com,Eva,Algy,7274 Comanche Junction,Nigeria,Shorts,XX-Large,3
01HPYDY73V67MQ0GTFYG2CFGCS,4/9/2023,karbonp0@seesaa.net,Krista,Arbon,38733 Westend Way,Norway,Sweater,Large,4
01HPYDY73Y5F1DT8Z43S01VVY4,11/5/2023,ogoundryp1@state.tx.us,Osbourne,Goundry,9 Loomis Parkway,France,Scarf,Small,1
01HPYDY741H1Z356SHJVTXHG9P,9/15/2023,jlocockp2@symantec.com,Joela,Locock,8222 Ridgeway Lane,Ireland,Sweater,Large,3
01HPYDY744KKR5C790XWSPZFCY,10/12/2023,gisherwoodp3@bravesites.com,Gabriell,Isherwood,948 Lotheville Alley,Peru,Sweater,Large,2
01HPYDY7475J95VRRWAA1PW6PZ,3/16/2023,mlawsp4@google.ca,Mikkel,Laws,7 Moland Park,Peru,Hoody,Medium,4
01HPYDY74A1KH49PFEPBZ6MKNS,8/17/2023,jplakp5@unblog.fr,Jordain,Plak,419 Glendale Street,United States,Scarf,X-Large,2
01HPYDY74D5VJ85DFN71HN7PE8,1/8/2023,sdaniaudp6@sphinn.com,Siusan,Daniaud,6 Esch Pass,France,Tshirt,X-Large,4
01HPYDY74GEXYCXVJ7KRTSSE2Z,2/18/2023,dmaccomiskeyp7@gmpg.org,Dennie,MacComiskey,00224 Vermont Avenue,Italy,Jacket,XX-Large,2
01HPYDY74KQA6HYCR9KCAJETN3,2/14/2023,ddrainp8@twitter.com,Devland,Drain,33861 Stephen Trail,Brazil,Hoody,XX-Large,2
01HPYDY74PDE90WKEPY9M0WH72,1/17/2023,pwroutp9@sun.com,Patty,Wrout,47732 Sherman Alley,France,Tshirt,Large,4
01HPYDY74SDQMYPQNFX3MJBT74,6/23/2023,sgerreypa@youtube.com,Saidee,Gerrey,2 Del Mar Circle,Argentina,Tshirt,Large,4
01HPYDY74WTVJ86P5TEXHG5TKY,11/8/2023,gguilletonpb@jalbum.net,Gabie,Guilleton,3038 Warrior Park,Brazil,Tshirt,Large,4
01HPYDY74Z0JNAY3KJPPBC3JP5,4/22/2023,cpelmanpc@zimbio.com,Chance,Pelman,6604 Fisk Junction,Canada,Sweater,Large,4
01HPYDY752SWAJW27983FEF1AJ,3/6/2023,tlayingpd@unc.edu,Travers,Laying,1529 Luster Drive,Brazil,Jacket,Large,4
01HPYDY75556PFVV4ZQE54G92V,6/6/2023,kdommersenpe@newsvine.com,Konstantine,Dommersen,4 Texas Point,France,Scarf,Small,3
01HPYDY75803PNDQM0QBS1SD7A,3/3/2023,gjzhakovpf@shutterfly.com,Gracia,Jzhakov,76502 Lien Parkway,Canada,Tshirt,Large,1
01HPYDY75ARA22TFXM2KKJ6Y3G,6/16/2023,sdavisonpg@amazon.co.jp,Sayers,Davison,61969 Ruskin Drive,United States,Shorts,Medium,4
01HPYDY75DJK835Q46MBCFP3PD,1/20/2023,atriebnerph@wsj.com,Angel,Triebner,5111 Messerschmidt Point,Argentina,Gloves,Medium,1
01HPYDY75HAQQQD6VER3V97NCW,11/21/2023,pdurrandpi@sbwire.com,Pincas,Durrand,75400 Hoard Junction,France,Hat,Medium,4
01HPYDY75MEWF1FT12GXMM4YHV,10/22/2023,mtucknottpj@godaddy.com,Meghann,Tucknott,126 Hoffman Road,Chile,Tshirt,XX-Large,3
01HPYDY75QN1VY91096R5AEJH4,7/6/2023,bchanterpk@cnbc.com,Briny,Chanter,25423 Cottonwood Circle,Canada,Hoody,Large,4
01HPYDY75TGE0XRKF689GHPTWE,12/21/2023,lfratsonpl@statcounter.com,Luciano,Fratson,8 Transport Crossing,Sweden,Shorts,Large,4
01HPYDY75XEFD8A5PCDDPVR8K6,6/28/2023,zbettensonpm@amazon.de,Zachary,Bettenson,7 Grover Center,United States,Hoody,Medium,3
01HPYDY76063KPY1EPPHVE99D6,11/2/2023,fsollittpn@europa.eu,Faustine,Sollitt,9 Sunbrook Hill,Sweden,Tshirt,X-Large,3
01HPYDY7638QN78MVN1X3A4P2F,3/22/2023,fboowpo@reddit.com,Florinda,Boow,23815 Chinook Alley,Brazil,Tshirt,Small,1
01HPYDY766THEDW82XAG0PQZR5,12/12/2023,tmulkerrinspp@si.edu,Trev,Mulkerrins,43890 Charing Cross Place,Spain,Tshirt,X-Large,2
01HPYDY767EVDHAFNCSAXZG8FV,1/2/2023,tdarcypq@123-reg.co.uk,Town,Darcy,78402 Onsgard Center,Brazil,Jacket,XX-Large,2
01HPYDY76AV20BDX438BJGZJ65,4/30/2023,jbeedlepr@tamu.edu,Judie,Beedle,424 Eastlawn Junction,France,Scarf,Small,2
01HPYDY76D981JVZ1BHAF81QM1,3/20/2023,chousinps@ebay.com,Cassie,Housin,5640 Loftsgordon Park,France,Sweater,Medium,4
01HPYDY76H9PRHAM9JAX9VFEZ5,2/16/2023,bcasarolipt@amazon.com,Birdie,Casaroli,8 Main Pass,Peru,Sweater,Large,2
01HPYDY76MWBY8HJHWF2JTDCY5,7/24/2023,svosepu@4shared.com,Sybil,Vose,313 Sunnyside Court,Ireland,Sweater,Medium,2
01HPYDY76QEZG83Y1TTBNQHDJJ,3/19/2023,aitzcakpv@reddit.com,Ario,Itzcak,38 Vahlen Parkway,France,Tshirt,XX-Large,4
01HPYDY76TJBQYHDMKSXFZWK4F,2/13/2023,vgutowskipw@cbc.ca,Vivia,Gutowski,4315 Amoth Street,United States,Sweater,Medium,2
01HPYDY76YYY6DJT1GSCR0VVBS,10/22/2023,ctoulminpx@livejournal.com,Cordie,Toulmin,76109 Kings Crossing,United States,Tshirt,Small,3
01HPYDY771AGE2JAWNHKXYK83Y,7/11/2023,rrandallpy@earthlink.net,Rey,Randall,9077 Gina Lane,Brazil,Hoody,X-Large,4
01HPYDY7741AG7H0XWF18XCKP7,7/3/2023,amcgeouchpz@cnbc.com,Annadiana,McGeouch,3 Spenser Drive,Sweden,Hoody,Large,1
01HPYDY778CMAM5ECBSQKW808H,1/26/2023,pdinwoodieq0@feedburner.com,Padgett,Dinwoodie,9884 Fairfield Trail,France,Hoody,XX-Large,3
01HPYDY77BY04E0Y4GEAY2HSHQ,1/11/2023,bmaghullq1@bizjournals.com,Blane,Maghull,90322 Daystar Circle,Bosnia and Herzegovina,Scarf,Large,3
01HPYDY77EFFTT0V4DKJ2S2ZRC,10/5/2023,gpuddefootq2@ft.com,Garnet,Puddefoot,6621 Fieldstone Avenue,Peru,Sweater,XX-Large,4
01HPYDY77JZPN7P09TR9EV62VT,3/24/2023,gaizikowitzq3@multiply.com,Grange,Aizikowitz,01566 Karstens Center,Argentina,Scarf,Large,2
01HPYDY77NWHD2K7BV99FTTF5M,11/20/2023,vmenauteauq4@marriott.com,Vinnie,Menauteau,69 Bellgrove Court,Chile,Tshirt,Large,1
01HPYDY77RHK1RYS1KCP46G8GM,12/11/2023,tandrichakq5@mashable.com,Tobe,Andrichak,10545 Spaight Circle,Italy,Hoody,Medium,4
01HPYDY77VY4HB5BEZNQE1JQVD,10/30/2023,ksperingq6@example.com,Kris,Spering,8 Amoth Road,France,Shorts,XX-Large,2
01HPYDY77YE957H19JDFH0K7EJ,3/25/2023,bvogeleinq7@statcounter.com,Benedikt,Vogelein,883 Melody Lane,France,Scarf,X-Large,2
01HPYDY7817ME8PAS66F4PYN4D,1/4/2023,mjavesq8@army.mil,Maggi,Javes,229 Roxbury Point,United States,Scarf,Large,4
01HPYDY784TCREHBWNR2QGQDER,5/12/2023,blowyq9@miitbeian.gov.cn,Briana,Lowy,80251 Twin Pines Circle,Peru,Tshirt,Medium,4
01HPYDY787YYW34XK400X5RXJF,3/28/2023,fslatterqa@loc.gov,Florida,Slatter,0 Starling Pass,Canada,Scarf,Small,1
01HPYDY7895F90YABM6JCA978R,1/31/2023,alapishqb@admin.ch,Aharon,Lapish,8654 Lindbergh Point,Brazil,Tshirt,Medium,2
01HPYDY78C9B5C7YBSC5JXZQQ1,10/17/2023,rbreddyqc@ucla.edu,Robin,Breddy,46 Memorial Park,France,Scarf,Medium,4
01HPYDY78FCS5R3MBWG0M1DGSQ,8/5/2023,hgoodsallqd@so-net.ne.jp,Hilliard,Goodsall,851 Muir Way,Sweden,Sweater,XX-Large,3
01HPYDY78JG8N5SYTHMWMY8X8B,5/19/2023,enorcuttqe@php.net,Evey,Norcutt,549 Harbort Center,Peru,Scarf,Large,4
01HPYDY78MCM9PZZE3F0VPAW9S,9/3/2023,pcrennellqf@a8.net,Pamelina,Crennell,29476 Meadow Vale Street,Sweden,Jacket,Medium,2
01HPYDY78P2QP0VWE7KHBM5SWP,12/28/2023,siskowiczqg@google.ca,Sebastian,Iskowicz,4 Talmadge Crossing,France,Shorts,XX-Large,1
01HPYDY78QE9ENZN1BYTQGSRHM,11/3/2023,gwethqh@cisco.com,Genevra,Weth,668 Esch Parkway,Sweden,Hoody,Medium,1
01HPYDY78SYKBCGN0TE1V6236E,7/19/2023,ringleqi@shareasale.com,Randall,Ingle,679 Cottonwood Drive,Brazil,Hoody,Medium,4
01HPYDY78VTY36WJR3TSPQ6MFK,9/27/2023,pberzenqj@abc.net.au,Peder,Berzen,11990 Center Plaza,Canada,Hoody,Large,2
01HPYDY78XA3EW8Y0R90QKTEQ8,10/16/2023,jgeffcockqk@bloomberg.com,Jane,Geffcock,575 Esker Place,Brazil,Scarf,X-Large,4
01HPYDY790D6HW0KS5SMAVSEX6,6/7/2023,rbiasottiql@typepad.com,Ray,Biasotti,498 Hintze Alley,France,Jacket,Medium,4
01HPYDY7926167DYE7D1ZZBK56,1/21/2023,chargrevesqm@barnesandnoble.com,Caresa,Hargreves,1995 Toban Point,Argentina,Sweater,Large,1
01HPYDY795Q4A5SKTJTN7QJART,8/21/2023,rtullyqn@techcrunch.com,Rubia,Tully,0287 Ramsey Park,France,Gloves,Large,1
01HPYDY7975STXW03T3BCQJ459,6/6/2023,adewersonqo@pbs.org,Adorne,Dewerson,65 Ohio Pass,Spain,Tshirt,Small,3
01HPYDY79A5GPQC5HEQS3XEVKB,5/5/2023,ssyrieqp@mapy.cz,Shantee,Syrie,15933 Clarendon Street,Nigeria,Hoody,X-Large,4
01HPYDY79D45PTYQ7HKDBXEWME,10/23/2023,cduchanqq@scribd.com,Claire,Duchan,0 Macpherson Terrace,Sweden,Jacket,Small,3
01HPYDY79G5Z8093D1JTFRR29Q,10/8/2023,omordueqr@sina.com.cn,Olivero,Mordue,8 Nobel Parkway,Nigeria,Tshirt,X-Large,3
01HPYDY79JX9ZCWDE6AKSD7T38,10/12/2023,tadiscotqs@homestead.com,Tully,Adiscot,0 Melody Plaza,Norway,Hoody,Large,4
01HPYDY79NKZ9X4N4H6V4BJBKF,12/9/2023,jhileyqt@mapy.cz,Jamey,Hiley,443 Autumn Leaf Drive,France,Gloves,Medium,1
01HPYDY79R23ZNFQMJ52780SR7,11/12/2023,tdennissqu@bluehost.com,Thor,Denniss,460 Grover Park,Italy,Hoody,Small,3
01HPYDY79VGAG3YVS3EVK147AV,1/3/2023,hbradeqv@nsw.gov.au,Husein,Brade,4 Weeping Birch Drive,Norway,Hoody,XX-Large,3
01HPYDY79Z0E9SXZVNJTDHMDGS,9/16/2023,jjirekqw@businesswire.com,Jess,Jirek,8288 Summit Point,Brazil,Sweater,XX-Large,4
01HPYDY7A26G4H5MT797ZQTA2H,7/9/2023,oswanwickqx@accuweather.com,Ogdon,Swanwick,8 Briar Crest Pass,Brazil,Tshirt,Large,1
01HPYDY7A650XAWE72X0HMN6YS,1/23/2023,fgemmillqy@behance.net,Franni,Gemmill,6 Paget Way,Norway,Scarf,Medium,4
01HPYDY7A9JPPFFYCH42VWJDTH,6/8/2023,rmousleyqz@ow.ly,Ricoriki,Mousley,2 Service Parkway,Australia,Hat,Medium,1
01HPYDY7ABHFNHY390T6NSPSE9,12/29/2023,nbachsr0@apache.org,Noby,Bachs,19803 Bunting Lane,Bosnia and Herzegovina,Shorts,Medium,2
01HPYDY7AFNK8FS6BSH0Y0SQJ0,8/10/2023,flangfatr1@jimdo.com,Felita,Langfat,716 Moland Junction,Brazil,Tshirt,XX-Large,3
01HPYDY7AHCPKKWVYPEK232W5A,10/12/2023,hkentr2@upenn.edu,Hanson,Kent,691 Loftsgordon Plaza,United States,Tshirt,X-Large,3
01HPYDY7AMYEJCY4M96J0M0KN8,6/5/2023,stymr3@a8.net,Shalom,Tym,4 Sunnyside Center,Norway,Gloves,Medium,3
01HPYDY7APCD2X9KVN3EN4ZQPV,10/14/2023,msebrensr4@unesco.org,Marcellus,Sebrens,00308 Westport Crossing,France,Scarf,Small,4
01HPYDY7AQ85TY9VN7XS0JD9TJ,7/23/2023,phackleyr5@who.int,Peggie,Hackley,885 Rieder Avenue,Germany,Shorts,XX-Large,1
01HPYDY7ASJK8B8NTBE343275X,6/25/2023,lyashuninr6@tmall.com,Lisa,Yashunin,25481 Iowa Alley,Ireland,Sweater,Large,3
01HPYDY7ATJG6WCYGF30WZ7MPJ,12/20/2023,cblintr7@drupal.org,Caritta,Blint,49219 Kim Lane,United States,Scarf,Large,4
01HPYDY7AX9XSG36E75FMDNABS,8/16/2023,sshewanr8@wiley.com,Sandie,Shewan,45514 Shasta Street,Sweden,Hoody,Large,3
01HPYDY7B04CXA0WQ3WBVYJS7B,3/20/2023,lrubinowiczr9@google.ru,Lorraine,Rubinowicz,1 Evergreen Pass,France,Shorts,X-Large,4
01HPYDY7B2MGE8MZN3FGJHGEPF,6/27/2023,swhyliera@abc.net.au,Staffard,Whylie,12 Buhler Point,Brazil,Tshirt,XX-Large,3
01HPYDY7B33V405AP9NZGKGAGD,4/20/2023,frizzottorb@jugem.jp,Feliza,Rizzotto,48746 Goodland Place,France,Shorts,X-Large,3
01HPYDY7B56PASNVX4YAGVZXXX,4/27/2023,vrowanrc@cafepress.com,Vernice,Rowan,5674 Sycamore Center,Brazil,Hat,Large,3
01HPYDY7B6ZVP2KHM96KK8VTHW,6/3/2023,nschubbertrd@sphinn.com,Nady,Schubbert,028 Southridge Road,Argentina,Tshirt,Medium,4
01HPYDY7B8MFB490QDS4CSESEN,7/7/2023,kkinnettre@ibm.com,Kort,Kinnett,27643 Hollow Ridge Avenue,Peru,Hoody,Large,3
01HPYDY7BAP76P4AJRMMP5DSR1,5/26/2023,emoyseyrf@sakura.ne.jp,Ebba,Moysey,0468 Waxwing Way,Brazil,Scarf,Medium,3
01HPYDY7BDVK1VJR3G10X1AG7P,4/24/2023,awordenrg@imgur.com,Abey,Worden,06 Sycamore Hill,Uruguay,Tshirt,X-Large,1
01HPYDY7BE55CYB839JZ5PPNF2,1/22/2023,kendecottrh@umn.edu,Karlyn,Endecott,95028 Old Shore Junction,Peru,Tshirt,Medium,3
01HPYDY7BHVAW8A0GVQC9R9MQ9,3/5/2023,wshearwoodri@gnu.org,Waverley,Shearwood,2162 Loomis Way,Brazil,Hoody,Small,4
01HPYDY7BM8ECG2KAJGC776F7C,11/6/2023,vrederrj@yale.edu,Verena,Reder,9 Bunker Hill Pass,Chile,Tshirt,XX-Large,2
01HPYDY7BQ03KK8RQYF82RFF74,10/13/2023,jpaikrk@plala.or.jp,Jonathon,Paik,1 Barnett Park,Ireland,Hoody,Medium,4
01HPYDY7BS4TGKYYGM21HFF2VR,3/28/2023,aleaderrl@bbc.co.uk,Andria,Leader,814 Texas Point,Argentina,Hoody,Small,3
01HPYDY7BWPDBZ5PHNH3HAPVXF,7/6/2023,lblesingrm@wikimedia.org,Lane,Blesing,40031 International Road,Germany,Hoody,Medium,2
01HPYDY7BZBRM6G12GFRBXN184,5/24/2023,mmusselwhitern@techcrunch.com,Marissa,Musselwhite,24 Kensington Trail,Argentina,Sweater,Large,1
01HPYDY7C2F74AM8H1VTDSCD25,1/28/2023,amanueliro@imgur.com,Ange,Manueli,26025 Nobel Drive,Chile,Tshirt,Large,1
01HPYDY7C4VNZE1V8EBQD9ZX7J,10/5/2023,anoadesrp@redcross.org,Adriaens,Noades,367 Norway Maple Point,United States,Sweater,Large,1
01HPYDY7C7XG3QMEJ39R7ZYXEQ,1/14/2023,mpenarq@hud.gov,Maxwell,Pena,284 Park Meadow Road,Sweden,Tshirt,XX-Large,3
01HPYDY7CA2FE32HPSBN7XD23Y,4/6/2023,dscholeyrr@ovh.net,Dierdre,Scholey,6 Jenifer Avenue,Canada,Hoody,Large,4
